variant,variant_label,epoch,p95_us,run_blks_read_delta,run_blks_hit_delta,run_cache_hit_pct,run_cache_miss_pct,toast_total_gib,log10_toast_total_gib
vacuum,VACC,1,87,0.0,388018.0,100.0,0.0,0.0786285400390625,-1.1044197881626243
vacuum,VACC,2,111,0.0,904382.0,100.0,0.0,0.242401123046875,-0.615465372410327
vacuum,VACC,3,129,0.0,1357661.0,100.0,0.0,0.40898895263671875,-0.38828842273522496
vacuum,VACC,4,154,0.0,2018173.0,100.0,0.0,0.4788970947265625,-0.3197577976369696
vacuum,VACC,5,172,0.0,2315708.0,100.0,0.0,0.6412734985351562,-0.19295670749857566
vacuum,VACC,6,192,0.0,2474044.0,100.0,0.0,0.745361328125,-0.12763314366911252
vacuum,VACC,7,208,0.0,2456730.0,100.0,0.0,0.918975830078125,-0.036695910813818865
vacuum,VACC,8,220,0.0,2937425.0,100.0,0.0,1.0497589111328125,0.02108956993953857
vacuum,VACC,9,238,0.0,3028124.0,100.0,0.0,1.2363052368164062,0.09212570885894868
vacuum,VACC,10,255,0.0,3123635.0,100.0,0.0,1.4744720458984375,0.16863654329871086
vacuum,VACC,11,269,0.0,3025545.0,100.0,0.0,1.692047119140625,0.22841245285066067
vacuum,VACC,12,287,0.0,3153846.0,100.0,0.0,2.5581893920898438,0.40793269373714436
vacuum,VACC,13,310,0.0,3349985.0,100.0,0.0,2.9517593383789062,0.47008094587637966
vacuum,VACC,14,321,0.0,3470523.0,100.0,0.0,2.9580612182617188,0.4710071576521321
vacuum,VACC,15,339,0.0,3542282.0,100.0,0.0,2.9668045043945312,0.47228892971423575
vacuum,VACC,16,357,0.0,3555439.0,100.0,0.0,3.1736526489257812,0.5015593922015001
vacuum,VACC,17,371,0.0,3527721.0,100.0,0.0,3.3599319458007812,0.5263304810021929
vacuum,VACC,18,388,0.0,3775670.0,100.0,0.0,3.6214675903320312,0.5588846029143567
vacuum,VACC,19,411,0.0,3752842.0,100.0,0.0,4.3639373779296875,0.6398785098781021
vacuum,VACC,20,414,3.0,3784033.0,99.99992071957033,7.92804296736449e-05,4.434486389160156,0.6468433262487785
vacuum,VACC,21,444,172.0,3937256.0,99.99563166615364,0.004368333846358041,4.6803436279296875,0.6702777398765087
vacuum,VACC,22,447,8.0,3981409.0,99.99979906651325,0.00020093348675231937,4.905525207519531,0.6906855117193779
vacuum,VACC,23,470,0.0,3906407.0,100.0,0.0,5.262382507324219,0.7211824125035096
vacuum,VACC,24,484,77.0,3987352.0,99.99806893113332,0.0019310688666820397,5.267112731933594,0.7215726136551375
vacuum,VACC,25,492,349.0,4018120.0,99.99131510035289,0.008684899647107613,6.0333251953125,0.7805567343539543
vacuum,VACC,26,512,170.0,4021037.0,99.99577241360616,0.004227586393838578,6.786567687988281,0.8316501850245315
vacuum,VACC,27,529,571.0,4020812.0,99.98580090481309,0.014199095186910426,6.8159027099609375,0.8335233826934055
vacuum,VACC,28,541,199.0,4057586.0,99.99509584662569,0.004904153374312159,7.6375885009765625,0.882956255690948
vacuum,VACC,29,560,118.0,4934281.0,99.9976086246775,0.0023913753225031087,7.637603759765625,0.8829571233471813
vacuum,VACC,30,583,231.0,4970666.0,99.99535295138885,0.004647048611147397,7.790779113769531,0.8915808912914731
vacuum,VACC,31,596,132.0,5079989.0,99.9974016366933,0.0025983633067028222,7.7969970703125,0.8919273710364563
vacuum,VACC,32,609,84.0,5123360.0,99.99836047783484,0.0016395221651634984,7.87982177734375,0.8965163949018058
vacuum,VACC,33,614,1168.0,5196163.0,99.97752692680146,0.022473073198540305,8.057296752929688,0.9061893591493868
vacuum,VACC,34,633,2203.0,5246223.0,99.9580255108865,0.04197448911349966,8.629203796386719,0.9359707258672555
vacuum,VACC,35,636,7206.0,5122768.0,99.85953145181632,0.1404685481836765,8.990318298339844,0.9537750680141504
vacuum,VACC,36,668,15744.0,5362026.0,99.70723924600718,0.2927607539928232,9.029861450195312,0.9556810867612064
vacuum,VACC,37,673,16829.0,5255240.0,99.68078945855981,0.3192105414401851,9.173004150390625,0.9625115900072523
vacuum,VACC,38,682,537.0,5316683.0,99.98990073760349,0.01009926239650838,10.353401184082031,1.0150830428199342
vacuum,VACC,39,694,1693.0,5276704.0,99.96792586840286,0.032074131597141786,10.353401184082031,1.0150830428199342
vacuum,VACC,40,723,225.0,5505051.0,99.99591301144575,0.00408698855424916,10.353401184082031,1.0150830428199342
vacuum,VACC,41,733,749.0,5509677.0,99.98640758445899,0.013592415541012315,11.012710571289062,1.0418942255358443
vacuum,VACC,42,753,5539.0,5495545.0,99.89931075402593,0.10068924597406692,11.435585021972656,1.0582583871601263
vacuum,VACC,43,774,743.0,5446347.0,99.98635968930199,0.013640310698008307,11.435585021972656,1.0582583871601263
vacuum,VACC,44,776,584.0,5591137.0,99.98955598821901,0.010444011780990081,11.435585021972656,1.0582583871601263
vacuum,VACC,45,791,616.0,5624376.0,99.98904887331396,0.010951126686038037,11.662513732910156,1.0667921681477903
vacuum,VACC,46,809,2910.0,5628758.0,99.94832791989869,0.05167208010131219,12.155158996582031,1.084760644042094
vacuum,VACC,47,981,20040.0,5579563.0,99.6421174858289,0.35788251417109507,12.210830688476562,1.0867452094936225
vacuum,VACC,48,1018,17083.0,5602940.0,99.69603327246169,0.30396672753830956,12.69757080078125,1.1037206431035402
vacuum,VACC,49,997,12565.0,5638423.0,99.77764950129074,0.22235049870926105,12.782073974609375,1.1066013266432746
vacuum,VACC,50,865,858.0,5667462.0,99.98486323990177,0.015136760098229729,13.74237060546875,1.138061656454907
vacuum,VACC,51,879,1228.0,5770814.0,99.97872503353233,0.02127496646767213,13.746650695800781,1.1381968973285561
vacuum,VACC,52,888,1037.0,5701290.0,99.98181444171827,0.018185558281729186,13.909370422363281,1.1433074730343618
vacuum,VACC,53,908,1119.0,5725370.0,99.98045923077822,0.019540769221777055,14.164093017578125,1.151188770167989
vacuum,VACC,54,983,8146.0,5705324.0,99.8574246473684,0.14257535263159582,14.192543029785156,1.1520602196189529
vacuum,VACC,55,1079,7975.0,5754694.0,99.8616092647348,0.1383907352652045,14.192543029785156,1.1520602196189529
vacuum,VACC,56,957,1007.0,5821088.0,99.98270382053195,0.017296179468047512,14.425559997558594,1.1591326813861018
vacuum,VACC,57,1137,11007.0,5755011.0,99.8091056947793,0.19089430522069506,15.697402954101562,1.1958278068042223
vacuum,VACC,58,1238,13108.0,5847635.0,99.77634235113193,0.22365764886806971,15.756599426269531,1.1974624942600605
vacuum,VACC,59,1248,13476.0,5795854.0,99.76802832684663,0.23197167315336742,16.405860900878906,1.214999025011074
vacuum,VACC,60,1285,19905.0,5789303.0,99.65735432437606,0.34264567562394177,16.426612854003906,1.2155480217146628
vacuum,VACC,61,1243,9976.0,5853659.0,99.82986662710076,0.1701333728992438,17.210899353027344,1.2358035649151211
vacuum,VACC,62,1066,1443.0,5941755.0,99.97572014258989,0.024279857410107297,17.210899353027344,1.2358035649151211
vacuum,VACC,63,1096,1433.0,5978830.0,99.97603784315172,0.02396215684828462,17.210899353027344,1.2358035649151211
vacuum,VACC,64,1127,1559.0,5932347.0,99.97372725486383,0.026272745136168396,17.501205444335938,1.2430679629602115
vacuum,VACC,65,1129,1549.0,5994288.0,99.97416540843254,0.025834591567459597,17.597137451171875,1.2454420263215171
vacuum,VACC,66,1377,13262.0,5901613.0,99.77578562522454,0.2242143747754568,17.900733947753906,1.2528708378472069
vacuum,VACC,67,1349,11070.0,5970744.0,99.81493908035254,0.18506091964745508,18.81372833251953,1.2744748685855083
vacuum,VACC,68,1298,9447.0,6041254.0,99.84386933018175,0.1561306698182534,18.81372833251953,1.2744748685855083
vacuum,VACC,69,1508,18703.0,5965842.0,99.68747832959733,0.3125216704026741,18.81372833251953,1.2744748685855083
vacuum,VACC,70,1585,24102.0,5978385.0,99.59846643566242,0.40153356433758347,19.27397918701172,1.284971385675635
vacuum,VACC,71,1921,35757.0,6042351.0,99.41170838030519,0.5882916196948145,19.810401916503906,1.2968932866616754
vacuum,VACC,72,1942,35759.0,6057385.0,99.41312727879072,0.586872721209275,20.32477569580078,1.3080257614191924
vacuum,VACC,73,2079,39285.0,6083466.0,99.35837665127978,0.6416233487202163,20.326873779296875,1.3080705904038705
vacuum,VACC,74,1801,29639.0,6173438.0,99.5221887460046,0.47781125399539803,20.33294677734375,1.3082003238618087
vacuum,VACC,75,1431,9559.0,6149323.0,99.84479325955587,0.15520674044412885,20.391441345214844,1.3094479244613124
vacuum,VACC,76,1440,9628.0,6166675.0,99.84411386552765,0.1558861344723539,20.385360717773438,1.3093184006717906
vacuum,VACC,77,1339,3663.0,6144409.0,99.94042034641105,0.059579653588954784,21.997360229492188,1.3423705668880779
vacuum,VACC,78,1672,18582.0,6156897.0,99.69910026412526,0.3008997358747365,21.997360229492188,1.3423705668880779
vacuum,VACC,79,1725,20805.0,6170176.0,99.66394663462866,0.3360533653713418,21.997360229492188,1.3423705668880779
vacuum,VACC,80,1716,19162.0,6127289.0,99.68824285754495,0.3117571424550505,22.16954803466797,1.3457568393458585
vacuum,VACC,81,1738,19239.0,6146949.0,99.68799199764912,0.3120080023508791,22.16954803466797,1.3457568393458585
vacuum,VACC,82,2051,30323.0,6282211.0,99.51963823085943,0.48036176914057194,22.656768798828125,1.355197972919276
vacuum,VACC,83,2433,43482.0,6134392.0,99.29616563885894,0.7038343611410625,22.660072326660156,1.3552612917153428
vacuum,VACC,84,2511,44776.0,6252936.0,99.28901162835011,0.7109883716498899,22.66400909423828,1.3553367357789141
vacuum,VACC,85,2409,43516.0,6275221.0,99.31131806878494,0.6886819312150578,22.69549560546875,1.3559396709462466
vacuum,VACC,86,1744,18940.0,6299260.0,99.70023107847172,0.29976892152828327,24.617149353027344,1.3912377605397244
vacuum,VACC,87,1821,19299.0,6247036.0,99.69202093408667,0.30797906591332946,24.66503143310547,1.392081673263214
vacuum,VACC,88,1734,13535.0,6307571.0,99.78587607928107,0.21412392071893294,25.10150909423828,1.3996998319033096
vacuum,VACC,89,1895,20668.0,6351844.0,99.67566950050467,0.324330499495332,25.10150909423828,1.3996998319033096
vacuum,VACC,90,1477,2658.0,6335049.0,99.9580605414545,0.04193945854549952,25.10150146484375,1.3996996999031004
vacuum,VACC,91,1559,3555.0,6377070.0,99.94428445489274,0.05571554510726173,25.265281677246094,1.4025241444579515
vacuum,VACC,92,1514,3087.0,6427736.0,99.95199681284961,0.04800318715038543,25.34124755859375,1.4038279915449048
vacuum,VACC,93,1761,13396.0,6377776.0,99.79039838076646,0.20960161923353837,25.843467712402344,1.4123507874700085
vacuum,VACC,94,2165,31854.0,6426756.0,99.50679790233502,0.4932020976649767,25.843467712402344,1.4123507874700085
vacuum,VACC,95,3099,52773.0,6382010.0,99.17987910392627,0.8201208960737318,26.981475830078125,1.4310657009819072
vacuum,VACC,96,2703,54553.0,6392458.0,99.1538249275517,0.8461750724483039,26.981475830078125,1.4310657009819072
vacuum,VACC,97,2779,54450.0,6477614.0,99.16641967990516,0.8335803200948391,26.976219177246094,1.4309810815286432
vacuum,VACC,98,4203,68627.0,6457167.0,98.94837317880399,1.0516268211960096,27.308868408203125,1.4363037047440927
vacuum,VACC,99,3867,62755.0,6533856.0,99.04867817732469,0.9513218226753111,27.4451904296875,1.438466248499873
vacuum,VACC,100,2253,27267.0,6474995.0,99.58065362484625,0.41934637515375073,27.637779235839844,1.4415031434645367
no_vacuum,NOVACC,1,89,0.0,371560.0,100.0,0.0,0.11927032470703125,-0.9234675984012568
no_vacuum,NOVACC,2,126,0.0,803391.0,100.0,0.0,0.24332427978515625,-0.6138145534176835
no_vacuum,NOVACC,3,141,0.0,1409086.0,100.0,0.0,0.46524810791015625,-0.3323153843999881
no_vacuum,NOVACC,4,167,0.0,1937118.0,100.0,0.0,0.5749969482421875,-0.24033446029314376
no_vacuum,NOVACC,5,183,0.0,2176532.0,100.0,0.0,0.7283477783203125,-0.13766120016480904
no_vacuum,NOVACC,6,206,0.0,2917965.0,100.0,0.0,0.8967666625976562,-0.04732054505959401
no_vacuum,NOVACC,7,228,0.0,3089454.0,100.0,0.0,1.0250778198242188,0.010756836550165535
no_vacuum,NOVACC,8,240,0.0,2870994.0,100.0,0.0,1.2619476318359375,0.10104133297739386
no_vacuum,NOVACC,9,259,0.0,2981304.0,100.0,0.0,1.4024581909179688,0.14688992324423078
no_vacuum,NOVACC,10,270,0.0,3912359.0,100.0,0.0,1.7946624755859375,0.2539827822882198
no_vacuum,NOVACC,11,293,0.0,3378807.0,100.0,0.0,2.2018508911132812,0.3427879052990726
no_vacuum,NOVACC,12,301,0.0,3267960.0,100.0,0.0,2.3375320434570312,0.36875757299960793
no_vacuum,NOVACC,13,320,0.0,3302867.0,100.0,0.0,2.4295196533203125,0.38552041658858666
no_vacuum,NOVACC,14,333,0.0,3394821.0,100.0,0.0,2.7292861938476562,0.43604907831991213
no_vacuum,NOVACC,15,353,0.0,3642425.0,100.0,0.0,2.81036376953125,0.4487625380101013
no_vacuum,NOVACC,16,369,0.0,3654906.0,100.0,0.0,3.166107177734375,0.5005256123301189
no_vacuum,NOVACC,17,387,0.0,3594693.0,100.0,0.0,4.357994079589844,0.63928663591409
no_vacuum,NOVACC,18,409,0.0,3511699.0,100.0,0.0,5.118339538574219,0.7091290925785216
no_vacuum,NOVACC,19,422,3.0,3591813.0,99.99991647679057,8.352320942606184e-05,5.5082855224609375,0.741016443860738
no_vacuum,NOVACC,20,425,0.0,3728451.0,100.0,0.0,6.933349609375,0.8409430997508087
no_vacuum,NOVACC,21,446,0.0,3796329.0,100.0,0.0,8.976318359375,0.9530982471282137
no_vacuum,NOVACC,22,468,0.0,3889364.0,100.0,0.0,11.644111633300781,1.0661063604127818
no_vacuum,NOVACC,23,482,3.0,3988720.0,99.99992478795845,7.52120415512536e-05,13.729148864746094,1.1376436140902246
no_vacuum,NOVACC,24,493,4.0,3931658.0,99.99989826185465,0.00010173814534653047,13.729209899902344,1.137645544812435
no_vacuum,NOVACC,25,515,0.0,3867331.0,100.0,0.0,13.836677551269531,1.1410318202961325
no_vacuum,NOVACC,26,517,5.0,3877437.0,99.99987104900602,0.00012895099398235743,14.819618225097656,1.1708370157304175
no_vacuum,NOVACC,27,545,0.0,3993407.0,100.0,0.0,19.820968627929688,1.2971248741394628
no_vacuum,NOVACC,28,557,0.0,4914723.0,100.0,0.0,19.821121215820312,1.297128217458605
no_vacuum,NOVACC,29,561,4.0,5128475.0,99.99992200416537,7.799583462997361e-05,22.87518310546875,1.3593645790828102
no_vacuum,NOVACC,30,588,0.0,5047631.0,100.0,0.0,24.11669158935547,1.3823177295445421
no_vacuum,NOVACC,31,600,13.0,5055550.0,99.99974285752151,0.00025714247848895866,29.355819702148438,1.4676942116818188
no_vacuum,NOVACC,32,618,1.0,5178615.0,99.99998068982137,1.931017862943918e-05,29.35601806640625,1.4676971463030417
no_vacuum,NOVACC,33,640,9.0,5258479.0,99.99982884814038,0.00017115185961813495,32.72547912597656,1.5148860136718236
no_vacuum,NOVACC,34,649,5.0,5209323.0,99.9999040183302,9.598166980140377e-05,32.827301025390625,1.5162351776436298
no_vacuum,NOVACC,35,658,22.0,5144741.0,99.99957238069082,0.0004276193091783398,38.270835876464844,1.5828679477894816
no_vacuum,NOVACC,36,671,155.0,5321123.0,99.99708716590263,0.002912834097372752,42.95403289794922,1.6330039454222427
no_vacuum,NOVACC,37,701,305.0,5383558.0,99.99433492271255,0.005665077287446252,42.954261779785156,1.6330062595670811
no_vacuum,NOVACC,38,702,0.0,5299242.0,100.0,0.0,47.65373992919922,1.678096990323272
no_vacuum,NOVACC,39,716,0.0,5318212.0,100.0,0.0,47.65382385253906,1.6780977551616951
no_vacuum,NOVACC,40,720,8.0,5354838.0,99.99985060261304,0.0001493973869628462,47.66070556640625,1.678160467329126
no_vacuum,NOVACC,41,740,18.0,5501505.0,99.99967281787244,0.0003271821275632192,56.72826385498047,1.7537994923653446
no_vacuum,NOVACC,42,748,0.0,5511460.0,100.0,0.0,56.72840881347656,1.7538006021224612
no_vacuum,NOVACC,43,765,87.0,5413090.0,99.99839281072835,0.0016071892716524872,56.72840881347656,1.7538006021224612
no_vacuum,NOVACC,44,775,217.0,5504722.0,99.99605808529395,0.0039419147060471005,56.809814453125,1.7544233708277683
no_vacuum,NOVACC,45,804,5.0,5581692.0,99.999910421508,8.957849199475731e-05,59.67743682861328,1.7758101617317927
no_vacuum,NOVACC,46,818,22.0,5577899.0,99.99960558781667,0.0003944121833256986,59.74217224121094,1.7762810096176251
no_vacuum,NOVACC,47,843,222.0,5597523.0,99.99603411730973,0.003965882690266653,66.73148345947266,1.8243307794454369
no_vacuum,NOVACC,48,858,388.0,5652707.0,99.9931365031014,0.006863496898603216,66.73168182373047,1.8243320704159063
no_vacuum,NOVACC,49,867,210.0,5677193.0,99.99630112570836,0.003698874291643506,68.44535064697266,1.8353439527338171
no_vacuum,NOVACC,50,860,1.0,5722190.0,99.99998252417649,1.7475823511858835e-05,72.9604263305664,1.8630873630461204
no_vacuum,NOVACC,51,878,40.0,5735014.0,99.99930253490203,0.000697465097971417,74.52094268798828,1.8722783400728629
no_vacuum,NOVACC,52,914,40.0,5722511.0,99.99930101103512,0.0006989889648849612,76.63226318359375,1.8844116517818241
no_vacuum,NOVACC,53,919,99.0,5625678.0,99.9982402430811,0.0017597569189007345,80.87435913085938,1.9078108522296575
no_vacuum,NOVACC,54,920,91.0,5737198.0,99.99841388502479,0.001586114975211217,81.01815032958984,1.9085823238781519
no_vacuum,NOVACC,55,935,165.0,5845494.0,99.99717739266009,0.002822607339908245,86.93936920166016,1.9392164847939484
no_vacuum,NOVACC,56,958,0.0,5799321.0,100.0,0.0,87.06591796875,1.939848183310956
no_vacuum,NOVACC,57,977,102.0,5751584.0,99.9982266069462,0.0017733930537957576,92.18928527832031,1.964680448006903
no_vacuum,NOVACC,58,993,209.0,5765434.0,99.9963750790675,0.0036249209324950016,92.90109252929688,1.9680208213849761
no_vacuum,NOVACC,59,1053,280.0,5885552.0,99.99524281359034,0.004757186409662495,95.03758239746094,1.9778953800277268
no_vacuum,NOVACC,60,1064,399.0,5843531.0,99.99317240281796,0.006827597182038403,95.03758239746094,1.9778953800277268
no_vacuum,NOVACC,61,1065,130.0,5901770.0,99.99779731950727,0.002202680492729314,102.87181854248047,2.0122964172525473
no_vacuum,NOVACC,62,1062,21.0,5933446.0,99.99964607538897,0.00035392461103356254,102.87181854248047,2.0122964172525473
no_vacuum,NOVACC,63,1084,55.0,5963825.0,99.99907778157844,0.0009222184215644802,110.19957733154297,2.042179928790443
no_vacuum,NOVACC,64,1093,89.0,5958671.0,99.99850640066053,0.0014935993394686875,113.10272979736328,2.053473086991102
no_vacuum,NOVACC,65,1141,267.0,5920838.0,99.99549070654886,0.004509293451135932,113.74813079833984,2.0559442687081697
no_vacuum,NOVACC,66,1128,118.0,5893344.0,99.99799778127016,0.0020022187298422978,121.80827331542969,2.085676786927512
no_vacuum,NOVACC,67,1178,131.0,6011109.0,99.99782074912996,0.0021792508700428925,122.00642395019531,2.086382697991742
no_vacuum,NOVACC,68,1181,432.0,5997577.0,99.99279761000692,0.007202389993082647,131.54837799072266,2.119085497545085
no_vacuum,NOVACC,69,1174,125.0,5930911.0,99.9978924423996,0.0021075576003966034,132.50148010253906,2.122220729569243
no_vacuum,NOVACC,70,1202,411.0,6083721.0,99.99324472250109,0.006755277498911028,135.1690902709961,2.130877390869808
no_vacuum,NOVACC,71,1226,775.0,5955618.0,99.98698876988136,0.013011230118635808,143.66456604003906,2.157349665344393
no_vacuum,NOVACC,72,1253,7391.0,5996432.0,99.87689510500226,0.1231048949977378,147.46385192871094,2.1686855739963145
no_vacuum,NOVACC,73,1250,299.0,6061276.0,99.99506728861724,0.00493271138276441,147.57322692871094,2.1690075739382753
no_vacuum,NOVACC,74,1293,593.0,6103238.0,99.99028478999502,0.009715210004983987,155.9624252319336,2.1930199798928194
no_vacuum,NOVACC,75,1267,389.0,6060057.0,99.99358133048294,0.0064186695170604935,155.96243286132812,2.1930200011377052
no_vacuum,NOVACC,76,1278,408.0,6146629.0,99.99336265586167,0.006637344138326284,169.47402954101562,2.2291031556884957
no_vacuum,NOVACC,77,1266,59.0,6136542.0,99.99903855570861,0.0009614442913914445,173.29363250732422,2.2387826053120863
no_vacuum,NOVACC,78,1305,298.0,6199763.0,99.99519359567591,0.0048064043240856336,173.3008270263672,2.2388006352593908
no_vacuum,NOVACC,79,1316,363.0,6223684.0,99.9941677818307,0.005832218169302905,181.35334014892578,2.258525558785428
no_vacuum,NOVACC,80,1324,188.0,6182289.0,99.99695914760377,0.003040852396225091,190.2101593017578,2.2792337092936314
no_vacuum,NOVACC,81,1342,340.0,6180574.0,99.99449919542643,0.005500804573571827,195.5052261352539,2.2911583712017896
no_vacuum,NOVACC,82,1494,10391.0,6183042.0,99.83222552015982,0.16777447984017613,197.16645050048828,2.2948330180997565
no_vacuum,NOVACC,83,1705,20659.0,6176050.0,99.66661335880062,0.33338664119938244,200.62576293945312,2.3023867012867143
no_vacuum,NOVACC,84,1668,19682.0,6312072.0,99.68915406378707,0.3108459362129281,210.52423858642578,2.3233021052943412
no_vacuum,NOVACC,85,1679,19079.0,6272125.0,99.69673531489362,0.3032646851063845,218.98749542236328,2.340419316556494
no_vacuum,NOVACC,86,1889,29339.0,6263033.0,99.5337370390689,0.466262960931104,220.67072296142578,2.343744717848013
no_vacuum,NOVACC,87,1485,5166.0,6196287.0,99.9166969418296,0.08330305817040085,224.34632110595703,2.3509189522444784
no_vacuum,NOVACC,88,1425,202.0,6306965.0,99.99679729425272,0.00320270574728454,233.39126586914062,2.3680845995422084
no_vacuum,NOVACC,89,1471,687.0,6258554.0,99.98902422833696,0.0109757716630412,243.720458984375,2.386891987334401
no_vacuum,NOVACC,90,1461,197.0,6324397.0,99.99688517555435,0.003114824445646036,252.76174926757812,2.402711352288674
no_vacuum,NOVACC,91,1484,314.0,6400790.0,99.99509459618216,0.00490540381784399,257.35162353515625,2.4105269123963127
no_vacuum,NOVACC,92,1503,212.0,6401364.0,99.9966883155023,0.003311684497703027,261.17664337158203,2.4169343360471784
no_vacuum,NOVACC,93,1533,989.0,6361869.0,99.98445667025729,0.01554332974271233,265.45277404785156,2.423987268186799
no_vacuum,NOVACC,94,1614,6044.0,6389072.0,99.90549037734421,0.09450962265579221,273.288818359375,2.436621862851954
no_vacuum,NOVACC,95,1696,10105.0,6429069.0,99.8430699341251,0.15693006587490288,284.24889373779297,2.45369878314163
no_vacuum,NOVACC,96,1791,16050.0,6480045.0,99.75292849011599,0.24707150988400883,284.86448669433594,2.454638310264289
no_vacuum,NOVACC,97,1882,22697.0,6401459.0,99.64669288852886,0.353307111471139,301.9386291503906,2.4799186789510403
no_vacuum,NOVACC,98,1642,5228.0,6366604.0,99.91795138352674,0.08204861647325856,311.8748245239258,2.4939803186121554
no_vacuum,NOVACC,99,1642,5849.0,6383211.0,99.90845288665312,0.09154711334687704,320.6547088623047,2.5060376219794365
no_vacuum,NOVACC,100,1662,4780.0,6486833.0,99.92636652862701,0.07363347137298604,328.2054901123047,2.516145841511519
