ycsb_key,size
"user1000385178204227360", 135300
"user1005413005517793606", 136600
"user1010099187537061287", 134600
"user1096402211991364026", 136200
"user1101648354522772155", 136500
"user1106334536542039836", 136400
"user1116048545874873763", 136000
"user1121294688406281892", 135200
"user1125980870425549573", 135300
"user1226902401449795803", 136300
"user1231588583469063484", 136200
"user1231930228763362049", 136600
"user1236834726000471613", 136500
"user1246548735333305540", 136400
"user1332851759787608279", 136400
"user1337537941806875960", 135700
"user1342784084338284089", 136100
"user1347470266357551770", 136500
"user1352498093671118016", 136000
"user1357184275690385697", 136400
"user1362430418221793826", 135700
"user1367116600241061507", 136400
"user1453419624695364246", 135900
"user1463133634028198173", 136500
"user1468038131265307737", 135700
"user1468379776559606302", 136500
"user1473065958578873983", 136300
"user1487684465148817474", 137400
"user1573987489603120213", 136400
"user1578673671622387894", 136500
"user1583919814153796023", 136900
"user1588605996173063704", 137100
"user1593633823486629950", 136600
"user1598320005505897631", 136300
"user161096305869203272", 136100
"user166342448400611401", 136600
"user1684623029960200370", 136500
"user1694555354510876180", 136300
"user1699583181824442426", 136700
"user1704269363843710107", 136500
"user1709515506375118236", 136200
"user171028630419879082", 136200
"user1714201688394385917", 136100
"user176056457733445328", 135200
"user180742639752713009", 135500
"user1815123219418632147", 136000
"user1819809401437899828", 136800
"user1820151046732198393", 136100
"user1825055543969307957", 135300
"user1834769553302141884", 136500
"user185988782284121138", 136700
"user190674964303388819", 136100
"user1921072577756444623", 136400
"user1925758759775712304", 137200
"user1931004902307120433", 136300
"user1935691084326388114", 135400
"user1940718911639954360", 136300
"user1945405093659222041", 136400
"user1950651236190630170", 135300
"user1955337418209897851", 136500
"user2041640442664200590", 136700
"user2051354451997034517", 136700
"user2056258949234144081", 136200
"user2056600594528442646", 136400
"user2061286776547710327", 136700
"user2162208307571956557", 136300
"user2166894489591224238", 122600
"user2172140632122632367", 136600
"user2176826814141900048", 136200
"user2181854641455466294", 135700
"user2186540823474733975", 136500
"user2191786966006142104", 136500
"user2272843847929036714", 136100
"user2282776172479712524", 136500
"user2287803999793278770", 135100
"user2292490181812546451", 136900
"user2297736324343954580", 136700
"user2302422506363222261", 135100
"user2403344037387468491", 136600
"user2408030219406736172", 136300
"user2408371864701034737", 135200
"user2413276361938144301", 136500
"user2422990371270978228", 136500
"user2509293395725280967", 136400
"user2513979577744548648", 136400
"user2519225720275956777", 136400
"user2523911902295224458", 135100
"user2528939729608790704", 135000
"user2533625911628058385", 136400
"user2538872054159466514", 137100
"user2543558236178734195", 136300
"user2629861260633036934", 136600
"user2639575269965870861", 136300
"user2644479767202980425", 136400
"user2644821412497278990", 136300
"user2649507594516546671", 136500
"user2750429125540792901", 137000
"user2755115307560060582", 136500
"user2760361450091468711", 136400
"user2765047632110736392", 136400
"user276977988757691558", 136600
"user2770075459424302638", 136600
"user2774761641443570319", 136400
"user2780007783974978448", 136400
"user2866310808429281187", 135300
"user2870996990448548868", 137400
"user2876024817762115114", 136400
"user2880710999781382795", 136700
"user2885957142312790924", 136300
"user2890643324332058605", 136300
"user291596495327635049", 135400
"user291938140621933614", 136800
"user296282677346902730", 137000
"user296624322641201295", 136400
"user2991564855356304835", 136600
"user2996251037375572516", 136300
"user2996592682669871081", 136400
"user3001497179906980645", 136200
"user3011211189239814572", 136600
"user3097514213694117311", 137000
"user3102200395713384992", 136000
"user3107446538244793121", 136000
"user3112132720264060802", 135200
"user311242829211144786", 136400
"user3117160547577627048", 136500
"user3121846729596894729", 135500
"user3127092872128302858", 137100
"user3131779054147570539", 136800
"user3218082078601873278", 136700
"user3227796087934707205", 136700
"user3232700585171816769", 135200
"user3233042230466115334", 136400
"user3237728412485383015", 136400
"user3338649943509629245", 136500
"user3343336125528896926", 136500
"user3348582268060305055", 136800
"user3353268450079572736", 136500
"user3358296277393138982", 136300
"user3368228601943814792", 136900
"user3449285483866709402", 136300
"user3454531626398117531", 136100
"user3459217808417385212", 137000
"user3464245635730951458", 137200
"user3468931817750219139", 136300
"user3474177960281627268", 136200
"user3478864142300894949", 135100
"user3565167166755197688", 135100
"user3579785673325141179", 136600
"user3584471855344408860", 136400
"user3584813500638707425", 135400
"user3589717997875816989", 136700
"user3599432007208650916", 136300
"user3685735031662953655", 136700
"user3690421213682221336", 136400
"user3695667356213629465", 136400
"user3700353538232897146", 136700
"user3705381365546463392", 136900
"user3710067547565731073", 136300
"user3715313690097139202", 136700
"user3719999872116406883", 136800
"user3801616714551441941", 136300
"user3806302896570709622", 137400
"user3816016905903543549", 135400
"user3820921403140653113", 135000
"user3821263048434951678", 136900
"user3825949230454219359", 136600
"user3926870761478465589", 136400
"user3931556943497733270", 136100
"user3931898588792031835", 136100
"user3936803086029141399", 136700
"user3946517095361975326", 136500
"user3951203277381243007", 134600
"user3956449419912651136", 135500
"user397545853665447525", 137100
"user402232035684715206", 136200
"user4037506301835545746", 137000
"user4042752444366953875", 136500
"user4047438626386221556", 136600
"user4052466453699787802", 136200
"user4057152635719055483", 136800
"user4062398778250463612", 134700
"user4067084960269731293", 136200
"user407478178216123335", 136500
"user412164360235391016", 135300
"user4153387984724034032", 135900
"user4168006491293977523", 136400
"user4168348136588276088", 136200
"user417192187548957262", 136700
"user4172692673313245204", 136600
"user4173034318607543769", 136600
"user4187652825177487260", 135400
"user421878369568224943", 136400
"user427124512099633072", 136500
"user4273955849631789999", 136100
"user4278642031651057680", 136400
"user4283888174182465809", 136500
"user4288574356201733490", 136600
"user4293602183515299736", 136400
"user4298288365534567417", 136300
"user4303534508065975546", 136200
"user4389837532520278285", 136800
"user4394523714539545966", 135300
"user4404237723872379893", 135500
"user4409142221109489457", 137400
"user4409483866403788022", 135700
"user4414170048423055703", 137000
"user4515091579447301933", 136400
"user4519777761466569614", 136800
"user4520119406760868179", 137100
"user4525023903997977743", 136200
"user4534737913330811670", 136500
"user4539424095350079351", 136700
"user4625727119804382090", 136700
"user4630973262335790219", 136600
"user4635659444355057900", 136500
"user4640687271668624146", 136200
"user4645373453687891827", 136500
"user4650619596219299956", 134900
"user4655305778238567637", 136200
"user4741608802692870376", 137500
"user4756227309262813867", 135400
"user4756568954557112432", 136600
"user4760913491282081548", 136300
"user4761255136576380113", 138000
"user4775873643146323604", 136800
"user4862176667600626343", 136500
"user4866862849619894024", 136400
"user4872108992151302153", 136300
"user4876795174170569834", 135900
"user4881823001484136080", 123300
"user4886509183503403761", 136600
"user4891755326034811890", 134000
"user4972812207957706500", 136100
"user4978058350489114629", 137000
"user4982744532508382310", 136900
"user4992458541841216237", 122500
"user4997363039078325801", 136500
"user4997704684372624366", 136300
"user5002390866391892047", 136400
"user50460765512123115", 136500
"user508181394022527682", 136500
"user5103312397416138277", 136800
"user5107998579435405958", 136500
"user5108340224729704523", 136900
"user5113244721966814087", 136700
"user5122958731299648014", 136300
"user5127644913318915695", 136500
"user513427536553935811", 135800
"user518113718573203492", 137100
"user5213947937773218434", 136300
"user5219194080304626563", 136700
"user5223880262323894244", 136800
"user5228908089637460490", 136500
"user5233594271656728171", 136800
"user5238840414188136300", 136800
"user5243526596207403981", 136700
"user527827727906037419", 136600
"user532732225143146983", 136400
"user5329829620661706720", 136500
"user533073870437445548", 136800
"user5344448127231650211", 136300
"user5344789772525948776", 136100
"user5349475954545216457", 136800
"user5364094461115159948", 136700
"user537760052456713229", 136700
"user5450397485569462687", 136700
"user5455083667588730368", 135600
"user5460329810120138497", 135800
"user5465015992139406178", 136800
"user5470043819452972424", 136600
"user5474730001472240105", 136500
"user55146947531390796", 136900
"user55488592825689361", 136100
"user5561033025926542844", 136200
"user5566279168457950973", 136600
"user5570965350477218654", 136300
"user5580679359810052581", 136800
"user5585583857047162145", 136600
"user5585925502341460710", 136600
"user5590611684360728391", 136600
"user5691533215384974621", 137400
"user5696219397404242302", 136600
"user5696561042698540867", 136300
"user5701465539935650431", 136400
"user5711179549268484358", 136300
"user5715865731287752039", 136300
"user5797482573722787097", 136300
"user5802168755742054778", 136400
"user5807414898273462907", 134000
"user5812101080292730588", 136600
"user5817128907606296834", 136900
"user5821815089625564515", 136800
"user5827061232156972644", 136200
"user5831747414176240325", 135200
"user5918050438630543064", 136400
"user5927764447963376991", 136700
"user5932668945200486555", 136500
"user5933010590494785120", 136000
"user5937696772514052801", 136400
"user5952315279083996292", 136800
"user6038618303538299031", 135400
"user60393090062798925", 137500
"user6043304485557566712", 136100
"user6048550628088974841", 136600
"user6053236810108242522", 136600
"user6058264637421808768", 136900
"user6062950819441076449", 136600
"user6149253843895379188", 136300
"user6159186168446054998", 135400
"user6164213995759621244", 136800
"user6168900177778888925", 137600
"user6174146320310297054", 123000
"user6178832502329564735", 136300
"user6279754033353810965", 136400
"user6284440215373078646", 136800
"user6284781860667377211", 133500
"user6289686357904486775", 136900
"user6299400367237320702", 136700
"user6385703391691623441", 136400
"user638681583480959459", 136800
"user6390389573710891122", 136200
"user6395635716242299251", 134900
"user6400321898261566932", 136600
"user6405349725575133178", 136600
"user6410035907594400859", 135100
"user6415282050125808988", 136700
"user6419968232145076669", 136600
"user643367765500227140", 136400
"user643709410794525705", 136500
"user648613908031635269", 136100
"user6506271256599379408", 136800
"user6515985265932213335", 136400
"user6520889763169322899", 136400
"user6521231408463621464", 135900
"user6525917590482889145", 122800
"user658327917364469196", 136800
"user6626839121507135375", 136300
"user663014099383736877", 134900
"user6631525303526403056", 136800
"user6636771446057811185", 136300
"user6641457628077078866", 136500
"user6646485455390645112", 136400
"user6651171637409912793", 136700
"user6656417779941320922", 137300
"user6737474661864215532", 137000
"user6747406986414891342", 136500
"user6752434813728457588", 135300
"user6757120995747725269", 136300
"user6762367138279133398", 136500
"user6767053320298401079", 136500
"user6867974851322647309", 136200
"user6872661033341914990", 136400
"user6873002678636213555", 136600
"user6877907175873323119", 136400
"user6887621185206157046", 135100
"user6973924209660459785", 136700
"user6978610391679727466", 136400
"user6983856534211135595", 137500
"user6988542716230403276", 136200
"user6993570543543969522", 136500
"user6998256725563237203", 136600
"user7003502868094645332", 136500
"user7008189050113913013", 137800
"user70107099395632852", 137300
"user7094492074568215752", 136700
"user7104206083901049679", 134900
"user7109110581138159243", 135100
"user7109452226432457808", 136400
"user7114138408451725489", 135300
"user7215059939475971719", 136400
"user7219746121495239400", 134800
"user7224992264026647529", 136400
"user7229678446045915210", 136600
"user7234706273359481456", 137900
"user7239392455378749137", 136500
"user7244638597910157266", 135000
"user7330941622364460005", 136300
"user7335627804383727686", 136600
"user7340655631697293932", 136500
"user7345341813716561613", 136400
"user7350587956247969742", 136500
"user7355274138267237423", 136600
"user744630941818771935", 136000
"user7456195669291483653", 135000
"user7460881851310751334", 136400
"user7461223496605049899", 136300
"user7466127993842159463", 136400
"user7475842003174993390", 135300
"user74793281414900533", 136500
"user749317123838039616", 134700
"user754563266369447745", 137700
"user7562145027629296129", 136500
"user7566831209648563810", 136200
"user7572077352179971939", 136400
"user7576763534199239620", 135100
"user7581791361512805866", 136700
"user7586477543532073547", 136500
"user7591723686063481676", 121400
"user759249448388715426", 136500
"user7596409868082749357", 136600
"user764277275702281672", 136100
"user7682712892537052096", 136300
"user768963457721549353", 136500
"user7692426901869886023", 136500
"user7697331399106995587", 136600
"user7697673044401294152", 135600
"user7702359226420561833", 136600
"user774209600252957482", 135600
"user778895782272225163", 136600
"user7803280757444808063", 136600
"user7807966939464075744", 136200
"user7813213081995483873", 136600
"user7817899264014751554", 136400
"user7822927091328317800", 136700
"user7832859415878993610", 136700
"user7913916297801888220", 136700
"user7919162440333296349", 134700
"user7923848622352564030", 136900
"user7928876449666130276", 136200
"user7933562631685397957", 136000
"user7938808774216806086", 137000
"user7943494956236073767", 137000
"user8029797980690376506", 136400
"user8044416487260319997", 136600
"user8049102669279587678", 136500
"user8049444314573886243", 136800
"user8054348811810995807", 136700
"user8064062821143829734", 136700
"user8150365845598132473", 136300
"user8155052027617400154", 135100
"user8160298170148808283", 136700
"user8164984352168075964", 135100
"user8170012179481642210", 136200
"user8174698361500909891", 135500
"user8179944504032318020", 136600
"user8184630686051585701", 136300
"user8266247528486620759", 136300
"user8270933710505888440", 136400
"user8280647719838722367", 136700
"user8285552217075831931", 136600
"user8285893862370130496", 135400
"user8290580044389398177", 136600
"user8391501575413644407", 135100
"user8396187757432912088", 137200
"user8396529402727210653", 136400
"user8401433899964320217", 137000
"user8411147909297154144", 136300
"user8415834091316421825", 136000
"user8421080233847829954", 136600
"user8502137115770724564", 135500
"user8507383258302132693", 135900
"user8512069440321400374", 135900
"user8517097267634966620", 136900
"user8521783449654234301", 133900
"user8527029592185642430", 136400
"user8531715774204910111", 134200
"user8618018798659212850", 136500
"user8632637305229156341", 135100
"user8632978950523454906", 136700
"user8637323487248424022", 136500
"user8637665132542722587", 136900
"user865198806726527902", 135600
"user8652283639112666078", 136700
"user8738586663566968817", 136200
"user8743272845586236498", 135800
"user8748518988117644627", 135200
"user874912816059361829", 136600
"user8753205170136912308", 135000
"user8758232997450478554", 136500
"user8762919179469746235", 136500
"user8768165322001154364", 136600
"user879817313296471393", 136400
"user880158958590769958", 136800
"user884845140610037639", 136700
"user8854468346455457103", 137000
"user8859154528474724784", 136300
"user8868868537807558711", 136300
"user8873773035044668275", 135100
"user8874114680338966840", 136000
"user8878800862358234521", 138300
"user8979722393382480751", 136400
"user8984408575401748432", 134000
"user8984750220696046997", 136800
"user8989654717933156561", 136200
"user899463647179981130", 136200
"user8999368727265990488", 136900
"user9004054909285258169", 136300
"user9090357933739560908", 136400
"user9095604076270969037", 137000
"user9100290258290236718", 136300
"user9105318085603802964", 136200
"user9110004267623070645", 136500
"user9115250410154478774", 135400
"user9119936592173746455", 134900
"user9206239616628049194", 136600
"user9220858123197992685", 136200
"user9221199768492291250", 136500
"user985766671634283869", 136600
"user990452853653551550", 135100
"user995698996184959679", 135000
