database,run,scenario,requestdist_file,intensity,variant,Phase,Operation,rows,total_operations,mean_throughput_ops_sec,mean_latency_us,p95_latency_us,p99_latency_us
neo4j,1,uniform_heavy,uniform,heavy,base,extend,EXTEND,100,2500000.0,193.77333032658908,5198.4735692,6578.08,8922.12
neo4j,1,uniform_heavy,uniform,heavy,base,load,INSERT,1,2500.0,243.16700710047704,3865.5748,6335.0,8239.0
neo4j,1,uniform_heavy,uniform,heavy,base,run,READ,100,2500000.0,1763.735792176001,554.3682156,1076.65,2229.88
neo4j,1,uniform_heavy_mixed,uniform,heavy,mixed,extend,EXTEND,100,2500000.0,189.91620653948445,5321.8556148,6659.84,8957.32
neo4j,1,uniform_heavy_mixed,uniform,heavy,mixed,load,INSERT,1,2500.0,252.29589262286802,3760.9356,6143.0,7691.0
neo4j,1,uniform_heavy_mixed,uniform,heavy,mixed,run,READ,100,1249433.0,385.78656404974976,720.5959839383145,1344.3006611799112,1992.2515116857007
neo4j,1,uniform_heavy_mixed,uniform,heavy,mixed,run,UPDATE,100,1250567.0,385.8417209247439,4486.657177104467,5285.292854361262,5805.796497908549
neo4j,1,uniform_light_dup,uniform,light,dup,extend,EXTEND,100,500000.0,159.83187240433418,6182.685054,8809.88,12486.28
neo4j,1,uniform_light_dup,uniform,light,dup,load,INSERT,1,500.0,175.43859649122808,4686.546,6559.0,8567.0
neo4j,1,uniform_light_dup,uniform,light,dup,run,READ,100,2500000.0,1702.9234050905013,569.0126208,1184.31,2515.63
neo4j,1,uniform_light_mixed,uniform,light,mixed,extend,EXTEND,100,500000.0,157.76523781859714,6282.675714,8682.8,12030.0
neo4j,1,uniform_light_mixed,uniform,light,mixed,load,INSERT,1,500.0,148.41199168892845,5580.394,7583.0,11959.0
neo4j,1,uniform_light_mixed,uniform,light,mixed,run,READ,100,1251296.0,385.1157635030019,697.0689397232949,1332.866260261361,1948.9829217067745
neo4j,1,uniform_light_mixed,uniform,light,mixed,run,UPDATE,100,1248704.0,385.0810737082472,4514.924293507509,5328.712546768489,5864.045045102763
neo4j,1,zipfian_heavy,zipfian,heavy,base,extend,EXTEND,100,2500000.0,163.42954821359817,6202.7767816,16629.28,30270.12
neo4j,1,zipfian_heavy,zipfian,heavy,base,load,INSERT,1,2500.0,238.7774594078319,3937.4816,6499.0,8319.0
neo4j,1,zipfian_heavy,zipfian,heavy,base,run,READ,100,2500000.0,1811.1162076780704,531.924592,1139.63,2712.48
neo4j,1,zipfian_heavy_mixed,zipfian,heavy,mixed,extend,EXTEND,100,2500000.0,184.13294989424665,5480.4381428,7372.64,9333.0
neo4j,1,zipfian_heavy_mixed,zipfian,heavy,mixed,load,INSERT,1,2500.0,267.26534103057514,3535.6424,5255.0,6575.0
neo4j,1,zipfian_heavy_mixed,zipfian,heavy,mixed,run,READ,100,1249589.0,389.569284933925,708.9399946702475,1327.7607893475374,1973.2292313712749
neo4j,1,zipfian_heavy_mixed,zipfian,heavy,mixed,run,UPDATE,100,1250411.0,389.4982778242685,4453.246933208361,5258.358276598655,5796.920002303243
neo4j,1,zipfian_light,zipfian,light,base,extend,EXTEND,100,500000.0,150.57291976223487,6593.04554,10910.84,14332.24
neo4j,1,zipfian_light,zipfian,light,base,load,INSERT,1,500.0,143.348623853211,5824.392,8383.0,12335.0
neo4j,1,zipfian_light,zipfian,light,base,run,READ,100,2500000.0,1748.9540140255292,550.3996472,1224.44,2726.49
neo4j,1,zipfian_light_mixed,zipfian,light,mixed,extend,EXTEND,100,500000.0,156.3279786619307,6334.513042,8810.2,12229.92
neo4j,1,zipfian_light_mixed,zipfian,light,mixed,load,INSERT,1,500.0,181.02824040550323,4558.48,6423.0,8575.0
neo4j,1,zipfian_light_mixed,zipfian,light,mixed,run,READ,100,1250879.0,381.6278791826413,703.4804237660078,1343.2006493034098,1963.8066607561564
neo4j,1,zipfian_light_mixed,zipfian,light,mixed,run,UPDATE,100,1249121.0,381.5321637659749,4561.566468740819,5379.821749053935,5919.052091030412
postgresql,1,uniform_heavy,uniform,heavy,base,extend,EXTEND,100,667193.6624919038,25599.53792980192,1171.4512969030097,3514.037113055917,26652.07082091518
postgresql,1,uniform_heavy,uniform,heavy,base,load,INSERT,1,10000.0,819.7393228953193,1175.7996,1581.0,1697.0
postgresql,1,uniform_heavy,uniform,heavy,base,run,READ,100,518228.12113925564,21927.44681347819,51.65637610482907,77.30454876995624,3620.137179888537
postgresql,1,uniform_heavy_mixed,uniform,heavy,mixed,extend,EXTEND,100,10000000.0,233.82344126632194,5454.5886416,26724.62,40914.3
postgresql,1,uniform_heavy_mixed,uniform,heavy,mixed,load,INSERT,1,10000.0,743.8815740534106,1298.1053,1661.0,1784.0
postgresql,1,uniform_heavy_mixed,uniform,heavy,mixed,run,READ,100,10000000.0,6801.175948271446,207.8392099,687.2,1692.79
postgresql,1,uniform_heavy_mixed_dup,uniform,heavy,mixed,extend,EXTEND,100,10000000.0,558.2946402298061,1848.029964,2406.01,8905.8
postgresql,1,uniform_heavy_mixed_dup,uniform,heavy,mixed,load,INSERT,1,10000.0,789.76465013426,1231.9275,1592.0,1697.0
postgresql,1,uniform_heavy_mixed_dup,uniform,heavy,mixed,run,READ,100,5001413.0,1111.609912124832,292.84401708077297,495.3973073209511,611.4915948752882
postgresql,1,uniform_heavy_mixed_dup,uniform,heavy,mixed,run,UPDATE,100,4998587.0,1111.809341223158,1561.6734335123106,2006.4012081814321,8831.317917043356
postgresql,1,uniform_light,uniform,light,base,extend,EXTEND,100,1000000.0,665.8390075825873,1462.986449,1912.54,2447.4
postgresql,1,uniform_light,uniform,light,base,load,INSERT,1,1000.0,535.3319057815846,1358.048,1718.0,1841.0
postgresql,1,uniform_light,uniform,light,base,run,READ,100,10000000.0,7883.991297708237,149.6395618,184.89,280.59
postgresql,1,uniform_light_mixed,uniform,light,mixed,extend,EXTEND,100,1000000.0,639.3392133683242,1544.23479,1952.39,2519.83
postgresql,1,uniform_light_mixed,uniform,light,mixed,load,INSERT,1,1000.0,582.0721769499418,1411.642,1681.0,1810.0
postgresql,1,uniform_light_mixed,uniform,light,mixed,run,READ,100,4999757.0,1349.4808722950538,248.25902958883802,449.33359721282454,542.1760143542976
postgresql,1,uniform_light_mixed,uniform,light,mixed,run,UPDATE,100,5000243.0,1349.617144265969,1248.920582059712,1453.494647160148,2539.38751296687
postgresql,1,zipfian_heavy,zipfian,heavy,base,extend,EXTEND,100,10000000.0,178.24691689787215,7813.1830818,33376.76,58767.7
postgresql,1,zipfian_heavy,zipfian,heavy,base,load,INSERT,1,10000.0,748.9514679448772,1278.3682,1628.0,1735.0
postgresql,1,zipfian_heavy,zipfian,heavy,base,run,READ,100,10000000.0,4492.4140447745185,603.378663,2014.51,4629.81
postgresql,1,zipfian_heavy_mixed,zipfian,heavy,mixed,extend,EXTEND,100,10000000.0,468.8421910628627,2174.4489727,4039.86,10498.34
postgresql,1,zipfian_heavy_mixed,zipfian,heavy,mixed,load,INSERT,1,10000.0,790.0142202559646,1225.7917,1588.0,1700.0
postgresql,1,zipfian_heavy_mixed,zipfian,heavy,mixed,run,READ,100,5002101.0,1004.2466294611329,309.08993340998114,609.6498901161732,731.5017255749134
postgresql,1,zipfian_heavy_mixed,zipfian,heavy,mixed,run,UPDATE,100,4997899.0,1004.3005496593005,1725.472724438809,2437.814302169772,9532.822070233913
postgresql,1,zipfian_light,zipfian,light,base,extend,EXTEND,100,1000000.0,517.0203499411289,1976.16986,4643.95,7630.7
postgresql,1,zipfian_light,zipfian,light,base,load,INSERT,1,1000.0,621.8905472636816,1321.552,1630.0,1759.0
postgresql,1,zipfian_light,zipfian,light,base,run,READ,100,10000000.0,9256.917503257482,124.3650448,176.69,444.87
postgresql,1,zipfian_light_mixed,zipfian,light,mixed,extend,EXTEND,100,1000000.0,638.9524522166689,1548.339917,1970.14,2554.9
postgresql,1,zipfian_light_mixed,zipfian,light,mixed,load,INSERT,1,1000.0,575.0431282346176,1414.811,1734.0,1832.0
postgresql,1,zipfian_light_mixed,zipfian,light,mixed,run,READ,100,4999794.0,1321.1553614773275,251.91793541893927,469.65208866605303,563.5862733544622
postgresql,1,zipfian_light_mixed,zipfian,light,mixed,run,UPDATE,100,5000206.0,1321.2671825370921,1287.0144468047915,1524.0595749455122,2526.714614157897
postgresql,2,uniform_heavy,uniform,heavy,base,extend,EXTEND,100,10000000.0,685.0219407163082,1466.9699312,1872.1,2220.55
postgresql,2,uniform_heavy,uniform,heavy,base,load,INSERT,1,10000.0,750.1312729727703,1263.1196,1513.0,1593.0
postgresql,2,uniform_heavy,uniform,heavy,base,run,READ,100,10000000.0,7860.771101741599,151.9495686,179.5,255.78
postgresql,2,uniform_heavy_mixed,uniform,heavy,mixed,extend,EXTEND,89,8900000.0,589.9390022941167,1738.2879214606742,2179.5393258426966,8202.865168539325
postgresql,2,uniform_heavy_mixed,uniform,heavy,mixed,load,INSERT,1,10000.0,750.0750075007501,1261.914,1633.0,1753.0
postgresql,2,uniform_heavy_mixed,uniform,heavy,mixed,run,READ,89,4450771.0,1158.87356652117,262.46709345414536,466.6756173256274,576.4729128953163
postgresql,2,uniform_heavy_mixed,uniform,heavy,mixed,run,UPDATE,89,4449229.0,1158.7512678202281,1513.9784122147905,1889.069887614236,8698.280578724987
postgresql,2,uniform_light,uniform,light,base,extend,EXTEND,100,1000000.0,633.7242372332183,1546.581149,1937.12,2557.56
postgresql,2,uniform_light,uniform,light,base,load,INSERT,1,1000.0,579.7101449275362,1432.218,1724.0,1912.0
postgresql,2,uniform_light,uniform,light,base,run,READ,100,10000000.0,7145.430924130469,185.4484015,346.76,427.21
postgresql,2,zipfian_heavy_mixed,zipfian,heavy,mixed,extend,EXTEND,83,8300000.0,505.6108852823259,2018.0822437349398,3754.6867469879517,9551.77108433735
postgresql,2,zipfian_heavy_mixed,zipfian,heavy,mixed,load,INSERT,1,10000.0,774.4133818632386,1233.0375,1591.0,1683.0
postgresql,2,zipfian_heavy_mixed,zipfian,heavy,mixed,run,READ,83,4150767.0,1087.0541219268296,274.6760926354093,579.5157323935553,706.5022859630521
postgresql,2,zipfian_heavy_mixed,zipfian,heavy,mixed,run,UPDATE,83,4149233.0,1087.0224966621477,1605.1098841641335,2148.1833584664923,8544.22832436742
postgresql,3,uniform_heavy_mixed,uniform,heavy,mixed,extend,EXTEND,100,10000000.0,561.2076107687216,1830.0629045,2364.47,8978.86
postgresql,3,uniform_heavy_mixed,uniform,heavy,mixed,load,INSERT,1,10000.0,760.9770945894528,1257.0742,1598.0,1713.0
postgresql,3,uniform_heavy_mixed,uniform,heavy,mixed,run,READ,100,4998509.0,1121.984341034225,277.63350411092586,471.334143041455,576.2537962820513
postgresql,3,uniform_heavy_mixed,uniform,heavy,mixed,run,UPDATE,100,5001491.0,1121.6773343640136,1556.618306820906,2058.0536801925664,8781.495033980867
postgresql,3,uniform_heavy_vacuum,uniform,heavy,vacuum,extend,EXTEND,100,10000000.0,658.3124451966537,1524.9070474,1972.7,2338.71
postgresql,3,uniform_heavy_vacuum,uniform,heavy,vacuum,load,INSERT,1,10000.0,712.3521869212138,1347.8811,1649.0,1748.0
postgresql,3,uniform_heavy_vacuum,uniform,heavy,vacuum,run,READ,100,10000000.0,7667.77227031142,156.3326907,186.85,260.4
postgresql,3,zipfian_heavy,zipfian,heavy,base,extend,EXTEND,100,10000000.0,185.36488999283804,7668.0740049,32456.18,54132.38
postgresql,3,zipfian_heavy,zipfian,heavy,base,load,INSERT,1,10000.0,788.8301648655045,1226.9352,1571.0,1686.0
postgresql,3,zipfian_heavy,zipfian,heavy,base,run,READ,100,10000000.0,4560.242343029254,723.3434746,2338.63,5085.04
postgresql,3,zipfian_heavy_mixed,zipfian,heavy,mixed,extend,EXTEND,100,10000000.0,485.8811698207062,2112.9753377,4049.42,10455.62
postgresql,3,zipfian_heavy_mixed,zipfian,heavy,mixed,load,INSERT,1,10000.0,800.640512409928,1188.7163,1612.0,1720.0
postgresql,3,zipfian_heavy_mixed,zipfian,heavy,mixed,run,READ,100,4999625.0,1038.753615363477,293.22829532214917,599.3663250743806,728.9826374978123
postgresql,3,zipfian_heavy_mixed,zipfian,heavy,mixed,run,UPDATE,100,5000375.0,1038.8102605291035,1682.1982677299202,2270.443380146489,9805.832515761318
postgresql,4,uniform_heavy_mixed,uniform,heavy,mixed,extend,EXTEND,100,10000000.0,555.6096123668873,1847.272653,2357.9,9107.86
postgresql,4,uniform_heavy_mixed,uniform,heavy,mixed,load,INSERT,1,10000.0,723.6937328122739,1343.2747,1653.0,1747.0
postgresql,4,uniform_heavy_mixed,uniform,heavy,mixed,run,READ,100,4998985.0,1109.3282630724332,290.4631056104389,494.997316655281,614.2478327100401
postgresql,4,uniform_heavy_mixed,uniform,heavy,mixed,run,UPDATE,100,5001015.0,1109.128443380475,1567.8524695486817,2109.3077813203918,8921.24128201975
postgresql,4,zipfian_heavy,zipfian,heavy,base,extend,EXTEND,100,10000000.0,191.057071295587,7353.3758432,31529.35,56901.34
postgresql,4,zipfian_heavy,zipfian,heavy,base,load,INSERT,1,10000.0,738.1163271331562,1300.0505,1588.0,1681.0
postgresql,4,zipfian_heavy,zipfian,heavy,base,run,READ,100,10000000.0,4847.609756830084,643.2142577,2052.17,4598.9
postgresql,4,zipfian_heavy_mixed,zipfian,heavy,mixed,extend,EXTEND,100,10000000.0,467.250992255655,2189.8588752,4352.34,11038.5
postgresql,4,zipfian_heavy_mixed,zipfian,heavy,mixed,load,INSERT,1,10000.0,691.1805363560962,1408.1694,1667.0,1772.0
postgresql,4,zipfian_heavy_mixed,zipfian,heavy,mixed,run,READ,100,4999189.0,1012.3157015948639,314.72346974679294,626.035102293592,747.4175893329898
postgresql,4,zipfian_heavy_mixed,zipfian,heavy,mixed,run,UPDATE,100,5000811.0,1012.3750502269551,1708.8060708553073,2386.220234877903,9603.203987313258
