Epoch,Phase,Recordcount,Readallfields,Requestdist,Operation,blks_read,blks_hit,tup_returned,tup_fetched,tup_inserted,tup_updated,tup_deleted,deadlocks,temp_files,temp_bytes,checkpoints_timed,checkpoints_req,buffers_checkpoint,buffers_clean,buffers_backend,buffers_alloc,checkpoint_write_time,checkpoint_sync_time,wal_bytes,wal_records,wal_fpi,wal_buffers_full,Readprop,Updateprop,Scanprop,Insertprop,Extendprop,Runtime(ms),Throughput(ops/sec),Operations,AverageLatency(us),MinLatency(us),MaxLatency(us),95thPercentileLatency(us),99thPercentileLatency(us),Return=OK
0,load,10000,true,uniform,INSERT,1521,38273,2350,1392,10119,8,0,0,0,0,896,94,63257,1646,250145,306865,484900,679,2105373257,2519194,88910,54389,0,0,0,1,0,3966,2521.4321734745336,10000,368.0868,243,29327,672,834,10000
1,extend,10000,true,zipfian,EXTEND,24105,2224923,1093204,1071979,94382,100008,79075,0,0,0,896,94,63257,9875,291184,331275,484900,679,2345195126,3122196,88911,54389,0,0,0,0,1,58006,1723.9595903872014,100000,574.0576,257,320767,1042,7855,100000
1,run,10000,true,uniform,READ,39057,2739842,1270883,1235601,94479,100019,79137,0,0,0,896,94,63257,11197,291184,331955,484900,679,2349170830,3183981,88912,54389,1,0,0,0,0,3388,29515.938606847696,100000,30.07486,18,16703,59,129,100000
1,reference,10000,true,uniform,READ,3137,338848,112433,101471,10119,1,0,0,0,0,896,94,63257,12585,291184,333571,484900,679,2349170972,3183983,88912,54389,1,0,0,0,0,3342,29922.202274087373,100000,29.92913,17,11479,58,117,100000
1,clean-run,10000,true,uniform,READ,3152,484068,166407,155444,15215,1,0,0,4,385024,896,95,76054,13237,292489,338736,484962,708,2375784191,3201459,89895,56125,1,0,0,0,0,3508,28506.271379703536,100000,31.39105,18,11151,62,131,100000
1,avg-run,10000,true,uniform,READ,4676,824212,288232,257228,25215,5,0,0,4,385024,896,95,76054,13237,292489,340260,484962,708,2388070246,3231556,89897,56125,1,0,0,0,0,3221,31046.25892579944,100000,28.74446,17,10559,55,112,100000
2,extend,10000,true,zipfian,EXTEND,193850,6684248,4022137,3938590,334486,200030,303933,0,0,0,896,96,77796,46722,424625,429472,484962,708,2992604764,4411251,109133,56125,0,0,0,0,1,77999,1282.067718816908,100000,774.00188,261,866815,1750,8127,100000
2,run,10000,true,uniform,READ,209216,7733448,4346958,4251857,334486,200030,303933,0,0,0,896,96,77804,48358,433256,442420,484962,708,2993877552,4413607,109571,56125,1,0,0,0,0,3873,25819.777949909632,100000,35.24215,18,13535,72,135,100000
2,reference,10000,true,uniform,READ,4869,639582,235454,202729,10119,1,0,0,0,0,896,96,77808,48716,433261,444393,484962,708,2993877552,4413607,109571,56125,1,0,0,0,0,2929,34141.34516899966,100000,25.97564,17,10607,50,98,100000
2,clean-run,10000,true,uniform,READ,4920,943916,306989,296897,29679,1,0,0,4,385024,896,97,84314,48813,433262,455954,497699,765,3032301314,4457172,110553,59328,1,0,0,0,0,3454,28951.939779965258,100000,31.15073,18,12199,59,114,100000
2,avg-run,10000,true,uniform,READ,6531,1288924,429370,398364,39752,5,0,0,4,385024,896,97,84314,48813,433262,457562,497699,765,3044798990,4488851,110556,59328,1,0,0,0,0,2946,33944.33129667345,100000,25.97561,17,10039,50,91,100000
3,extend,10000,true,zipfian,EXTEND,539202,13227100,8744768,8602842,721712,300041,676347,0,0,0,896,98,86436,90126,701471,697769,497699,765,4000493972,6153645,174976,59328,0,0,0,0,1,87357,1144.727955401399,100000,867.61111,262,215423,2373,8567,100000
3,run,10000,true,uniform,READ,652826,14723911,9218799,9062847,721712,300041,676347,0,0,0,896,98,86494,92724,736096,807107,497699,765,4000559034,6154707,174976,59328,1,0,0,0,0,5856,17076.50273224044,100000,54.37506,19,14215,113,216,100000
3,reference,10000,true,uniform,READ,6627,940290,358475,303987,10119,1,0,0,0,0,896,98,86547,92843,747805,810115,497699,765,4000559034,6154707,174976,59328,1,0,0,0,0,3372,29655.990510083036,100000,30.11304,17,10815,60,119,100000
3,clean-run,10000,true,uniform,READ,6309,1412024,449623,439531,43901,1,0,0,4,393216,896,99,90879,93173,773727,832611,557864,1291,4051093272,6226855,175958,59328,1,0,0,0,0,4356,22956.84113865932,100000,40.04335,19,10775,78,151,100000
3,avg-run,10000,true,uniform,READ,7918,1752890,572079,541073,53974,5,0,0,4,393216,896,99,90879,93205,798279,834239,557864,1291,4099752996,6453773,243751,59328,1,0,0,0,0,3417,29265.4375182909,100000,30.56881,17,10951,60,125,100000
4,extend,10000,true,zipfian,EXTEND,1402975,22112009,15537140,15331040,1272831,400074,1215549,0,0,0,896,101,94409,145969,1155771,1246969,604764,1640,5477861503,8717747,357471,59328,0,0,0,0,1,141423,707.0985624686225,100000,1406.04529,267,2646015,7155,13823,100000
4,run,10000,true,uniform,READ,1635831,23918914,16125481,15907134,1272831,400074,1215549,0,0,0,896,101,94409,148028,1177501,1493171,604764,1640,5478203178,8720233,357578,59328,1,0,0,0,0,5830,17152.658662092625,100000,54.65809,21,83967,104,191,100000
4,reference,10000,true,uniform,READ,8385,1240998,481496,405245,10119,1,0,0,0,0,896,101,94409,148149,1189658,1495122,604764,1640,5478203178,8720233,357578,59328,1,0,0,0,0,3184,31407.0351758794,100000,28.21766,17,12735,58,116,100000
4,clean-run,10000,true,uniform,READ,7680,1786419,566354,556262,55480,1,0,0,4,385024,896,102,97422,148500,1208007,1529497,639581,4117,5540440187,8815664,358560,59328,1,0,0,0,0,4346,23009.66405890474,100000,39.9795,20,13007,76,165,100000
4,avg-run,10000,true,uniform,READ,9327,2250800,727776,696772,65702,5,0,0,4,385024,896,102,97422,148525,1257151,1531220,639581,4117,5553329032,8848683,358564,59328,1,0,0,0,0,3154,31705.770450221942,100000,27.92969,17,13439,55,108,100000
5,extend,10000,true,zipfian,EXTEND,2586813,32250769,23799570,23519135,1944039,500096,1877184,0,0,0,896,105,101756,199236,1769731,2146472,697141,6751,7301456034,11663242,597231,59328,0,0,0,0,1,106954,934.981393870262,100000,1063.6268,272,486143,3821,8879,100000
5,run,10000,true,uniform,READ,2950180,34262180,24490320,24196594,1944039,500096,1877184,0,0,0,896,105,101756,200738,1802475,2505477,697141,6751,7301540335,11664504,597234,59328,1,0,0,0,0,5260,19011.406844106463,100000,49.2036,22,13343,85,185,100000
5,reference,10000,true,uniform,READ,10143,1541706,604517,506503,10119,1,0,0,0,0,896,105,101756,200920,1813329,2510035,697141,6751,7301540335,11664504,597234,59328,1,0,0,0,0,2779,35984.16696653472,100000,24.48982,17,10991,48,89,100000
5,clean-run,10000,true,uniform,READ,9025,2083457,655972,645880,64951,1,0,0,4,385024,896,106,102873,201223,1840189,2559751,722465,12387,7375158929,11779039,598216,59328,1,0,0,0,0,4113,24313.153415998055,100000,37.61082,21,16295,70,146,100000
5,avg-run,10000,true,uniform,READ,10636,2428397,778353,747347,75024,5,0,0,4,385024,896,106,102873,201226,1864770,2561464,722465,12387,7387656585,11810718,598219,59328,1,0,0,0,0,2758,36258.15808556925,100000,24.22194,17,9911,48,83,100000
6,extend,10000,true,zipfian,EXTEND,4021229,43516618,33777214,33425409,2757978,600118,2683156,0,0,0,896,110,107628,250090,2565945,3365036,827334,18604,9535930730,14929148,855768,59328,0,0,0,0,1,142475,701.877522372346,100000,1419.504,276,3147775,3747,8431,100000
6,run,10000,true,uniform,READ,4800712,45985339,34607307,34232490,2758229,600129,2683396,0,0,0,896,110,107632,251019,2586871,3848127,827334,18604,9645472552,15224054,1030471,59328,1,0,0,0,0,5675,17621.145374449337,100000,53.45966,25,13903,85,190,100000
6,reference,10000,true,uniform,READ,11907,1842481,728422,607775,10119,1,0,0,0,0,896,110,107632,251119,2592350,3850653,827334,18604,9645472552,15224054,1030471,59328,1,0,0,0,0,2733,36589.82802780827,100000,24.07564,17,12903,51,93,100000
6,clean-run,10000,true,uniform,READ,10314,2321152,739974,729882,72879,1,0,0,4,385024,896,111,108141,251709,2609677,3953656,843243,21681,9730245265,15354580,1031453,59328,1,0,0,0,0,4221,23691.06846718787,100000,38.80431,21,11575,71,158,100000
6,avg-run,10000,true,uniform,READ,11925,2662483,862444,831438,82951,5,0,0,4,385024,896,111,108141,251721,2642438,3955280,843243,21681,9742671798,15385054,1031456,59328,1,0,0,0,0,2735,36563.07129798903,100000,24.05305,17,9791,48,92,100000
7,extend,10000,true,zipfian,EXTEND,6180078,56331989,45513847,45026952,3712712,700151,3631277,0,0,0,896,115,112674,315658,3348447,4976262,985969,23919,12309249705,19019527,1386638,59328,0,0,0,0,1,166646,600.0744092267441,100000,1660.35924,281,3338239,5263,11735,100000
7,run,10000,true,uniform,READ,6855822,58737616,46409817,45897818,3713014,700162,3631560,0,0,0,896,115,112674,316729,3380051,5581890,985969,23919,12313965193,19034746,1387888,59328,1,0,0,0,0,6136,16297.262059973924,100000,57.92955,27,13975,92,194,100000
7,reference,10000,true,uniform,READ,13698,2143229,852327,709047,10119,1,0,0,0,0,896,115,112674,316759,3388219,5590410,985969,23919,12313965193,19034746,1387888,59328,1,0,0,0,0,2733,36589.82802780827,100000,23.93503,17,10287,47,90,100000
7,clean-run,10000,true,uniform,READ,11567,2509021,798950,788858,79553,1,0,0,4,385024,896,116,113347,317004,3417975,5665190,985974,24136,12409704409,19178747,1388870,60379,1,0,0,0,0,4320,23148.14814814815,100000,39.97386,24,10151,70,145,100000
7,avg-run,10000,true,uniform,READ,13178,2851662,921436,890430,89626,5,0,0,4,385024,896,116,113347,317008,3483544,5666811,985974,24136,12422158719,19209688,1388873,60379,1,0,0,0,0,2683,37271.71077152441,100000,23.57257,17,10319,47,78,100000
8,extend,10000,true,zipfian,EXTEND,8590064,70106540,58731780,58155515,4794276,800195,4707014,0,0,0,896,121,119095,394057,4329563,6858948,1090922,37738,15357008890,23398206,1862013,60383,0,0,0,0,1,170437,586.7270604387545,100000,1697.85049,282,982527,8027,14335,100000
8,run,10000,true,uniform,READ,9283499,72418712,59624465,59027257,4794276,800195,4707014,0,0,0,896,121,119095,395064,4369126,7542552,1090922,37738,15357180901,23399849,1862062,60383,1,0,0,0,0,6791,14725.371815638346,100000,64.4184,30,11887,105,211,100000
8,reference,10000,true,uniform,READ,15489,2443977,976232,810319,10119,1,0,0,0,0,896,121,119095,395079,4384219,7544400,1090922,37738,15357180901,23399849,1862062,60383,1,0,0,0,0,3355,29806.259314456034,100000,30.02589,17,10207,58,110,100000
8,clean-run,10000,true,uniform,READ,12843,2668714,864472,854380,85438,1,0,0,4,385024,896,122,119677,395397,4418149,7629775,1120031,38220,15463766841,23555738,1863044,60383,1,0,0,0,0,4813,20777.062123415748,100000,44.66939,25,10919,81,176,100000
8,avg-run,10000,true,uniform,READ,14519,3189829,1038614,1007610,95767,5,0,0,4,385024,896,122,119677,395400,4450935,7631439,1120031,38220,15477452660,23598597,1863048,60383,1,0,0,0,0,2812,35561.87766714083,100000,24.77195,17,11271,48,97,100000
9,extend,10000,true,zipfian,EXTEND,11285164,84936940,73730788,73037954,6033936,900228,5941512,0,0,0,896,128,125076,474390,5310208,8984136,1259658,56875,18935051182,28381431,2419761,60383,0,0,0,0,1,201525,496.2163503287433,100000,2008.44586,292,4366335,8031,15735,100000
9,run,10000,true,uniform,READ,12068704,87297711,74667710,73953252,6033936,900228,5941512,0,0,0,896,128,125076,475364,5353527,9749271,1259658,56875,18936723119,28383682,2420338,60383,1,0,0,0,0,7104,14076.576576576577,100000,67.66813,28,12303,112,221,100000
9,reference,10000,true,uniform,READ,17313,2744765,1101021,911605,10119,1,0,0,0,0,896,128,125076,475381,5366091,9760486,1259658,56875,18936723119,28383682,2420338,60383,1,0,0,0,0,2923,34211.42661648991,100000,25.76239,17,10615,51,98,100000
9,clean-run,10000,true,uniform,READ,14119,2794704,897375,886415,90644,1,0,0,4,385024,896,129,125541,475626,5400005,9856636,1277457,56964,19054054262,28550070,2421320,60383,1,0,0,0,0,4827,20716.801325875284,100000,44.89162,26,10839,80,172,100000
9,avg-run,10000,true,uniform,READ,15706,3134456,1018704,987703,100644,5,0,0,4,385024,896,129,125541,475626,5457364,9864074,1277457,56964,19066340371,28580168,2421322,60383,1,0,0,0,0,2817,35498.757543485975,100000,24.83427,17,10007,50,93,100000
10,extend,10000,true,zipfian,EXTEND,13732998,100337850,90273084,89471043,7405846,1000272,7308561,0,0,0,896,135,130791,564260,6653977,11373731,1445922,75747,22557952530,33115869,2545611,60383,0,0,0,0,1,229671,435.4054277640625,100000,2289.69354,291,3475455,8223,17167,100000
10,run,10000,true,uniform,READ,15447979,103335404,91311921,90487286,7406178,1000283,7308889,0,0,0,896,135,130791,565755,6676899,12249010,1445922,75747,22806139090,34181232,3259175,60383,1,0,0,0,0,8776,11394.712853236098,100000,83.3747,33,11199,145,267,100000
10,reference,10000,true,uniform,READ,19146,3045544,1225810,1012891,10119,1,0,0,0,0,896,135,130791,565771,6676899,12277451,1445922,75747,22806172514,34181241,3259181,60383,1,0,0,0,0,3073,32541.490400260333,100000,27.07202,17,10271,56,116,100000
10,clean-run,10000,true,uniform,READ,15811,2915607,957378,947287,95580,1,0,0,4,385024,896,136,131543,566483,6716572,12383669,1445968,77516,22934203330,34357655,3260164,60477,1,0,0,0,0,5558,17992.08348326736,99988,52.2088750650078,28,9511,97,185,99988,12
10,avg-run,10000,true,uniform,READ,17404,3397274,1124738,1093737,105580,5,0,0,4,385024,896,136,131543,566483,6749349,12385259,1445968,77516,22946629548,34389986,3260167,60477,1,0,0,0,0,3081,32456.994482310936,100000,27.32594,17,9423,55,111,100000
11,extend,10000,true,zipfian,EXTEND,17152252,117083492,108461661,107544486,8923123,1100310,8821417,0,0,0,896,143,137254,655083,7861483,13956451,1586405,98674,26833826207,39343526,3401390,60477,0,0,0,0,1,210588,474.86086576633045,99994,2099.1957017421046,295,1607679,8335,17135,99994,6
11,run,10000,true,uniform,READ,18075962,119521589,109493196,108554526,8923123,1100310,8821417,0,0,0,896,143,137254,656619,7904427,14886671,1586405,98674,26835345322,39346269,3402039,60477,1,0,0,0,0,8077,12380.83446824316,99993,77.21627513925975,34,11919,131,255,99993,7
11,reference,10000,true,uniform,READ,21017,3346285,1350599,1114177,10119,1,0,0,0,0,896,143,137254,656740,7910674,14923154,1586405,98674,26835379449,39346279,3402046,60477,1,0,0,0,0,2843,35174.11185367569,100000,24.99032,17,11383,50,92,100000
11,clean-run,10000,true,uniform,READ,19013,3021703,1018831,1008741,100122,1,0,0,4,385024,896,144,137389,658050,7942838,15044126,1620118,98684,26978272670,39543169,3403968,60496,1,0,0,0,0,5103,19596.31589261219,99980,47.76859371874375,28,12791,73,177,99980,20
11,avg-run,10000,true,uniform,READ,20670,3414665,1156737,1125739,110122,5,0,0,4,385024,896,144,137389,658154,8024572,15045958,1620118,98684,26990727623,39575828,3403974,60496,1,0,0,0,0,2820,35460.99290780142,100000,24.62909,17,9519,45,92,100000
12,extend,10000,true,zipfian,EXTEND,20907389,134658592,127857854,126856777,10550133,1200338,10444009,0,0,0,896,152,144564,750178,9141215,16702807,1771095,128114,31561945957,46098668,4401408,60497,0,0,0,0,1,213227,468.98375909242264,99984,2125.7046327412386,296,1192959,8783,17807,99984,16
12,run,10000,true,uniform,READ,21888713,137130562,128937628,127915211,10550133,1200338,10444009,0,0,0,896,152,144575,751092,9187269,17674237,1771095,128114,31566505814,46100747,4402679,60497,1,0,0,0,0,8017,12473.493825620557,99977,76.77924922732228,35,12119,121,248,99977,23
12,reference,10000,true,uniform,READ,22938,3647049,1476272,1215477,10119,1,0,0,0,0,896,152,144575,751097,9199171,17676082,1771095,128114,31566505864,46100748,4402679,60497,1,0,0,0,0,2765,36166.365280289334,100000,24.34572,17,10527,49,93,100000
12,clean-run,10000,true,uniform,READ,31963,3099215,1060213,1050123,104600,1,0,0,4,385024,896,153,144895,754195,9249521,17810942,1788015,132081,31715792231,46295344,4403661,63481,1,0,0,0,0,5633,17752.529735487307,99977,52.946887784190366,29,11719,88,202,99977,23
12,avg-run,10000,true,uniform,READ,34092,3561815,1222561,1191481,114990,21,0,0,4,385024,896,153,144895,754286,9289708,17812842,1788015,132081,31729016699,46328374,4403664,63481,1,0,0,0,0,2695,37105.751391465674,100000,23.63715,17,11943,45,94,100000
13,extend,10000,true,zipfian,EXTEND,23929941,152566012,148831508,147737209,12314194,1300374,12203707,0,0,0,896,162,154543,865823,10780469,19678035,1975110,163317,36357121962,52051227,4565161,63481,0,0,0,0,1,263522,379.47495844749204,99981,2628.3390744241406,300,1678335,9383,22527,99981,19
13,run,10000,true,uniform,READ,24975818,155051738,149966159,148851139,12314194,1300374,12203707,0,0,0,896,162,154574,867339,10828171,20713786,1975110,163317,36363765850,52053703,4567179,63481,1,0,0,0,0,9392,10647.359454855196,99979,89.74086558177217,37,50015,158,309,99979,21
13,reference,10000,true,uniform,READ,24795,3947877,1601945,1316777,10119,1,0,0,0,0,896,162,154574,867339,10837486,20715633,1975110,163317,36363765900,52053704,4567179,63481,1,0,0,0,0,2637,37921.880925293895,100000,22.99968,17,9895,46,78,100000
13,clean-run,10000,true,uniform,READ,50657,3162796,1094261,1084171,109118,1,0,0,4,385024,896,163,154778,870473,10890966,20876496,1990956,169349,36523684808,52257444,4568161,63651,1,0,0,0,0,5329,18765.246762994935,99982,50.05013902502451,28,48095,74,164,99982,18
13,avg-run,10000,true,uniform,READ,56117,3621222,1251355,1220357,119527,12,0,0,4,385024,896,163,154778,870915,10939391,20912690,1990956,169349,36537414928,52298354,4568165,63651,1,0,0,0,0,2707,36941.26339120798,100000,23.71163,17,12487,50,84,100000
14,extend,10000,true,zipfian,EXTEND,28476872,172408092,171674016,170505032,14245345,1400412,14130370,0,0,0,896,172,163707,977860,12161666,22825776,2184503,196599,42054032561,60058785,5805145,63656,0,0,0,0,1,263044,380.16453521083923,99983,2624.010521788704,301,1756159,9607,25727,99983,17
14,run,10000,true,uniform,READ,29562895,174921451,172848563,171658908,14245345,1400412,14130370,0,0,0,896,172,163707,978925,12210103,23897316,2184503,196599,42054754399,60060818,5805437,63656,1,0,0,0,0,10999,9091.735612328393,99974,106.2422529857763,36,259455,157,305,99974,26
14,reference,10000,true,uniform,READ,26652,4248705,1727618,1418077,10119,1,0,0,0,0,896,172,163707,978929,12222515,23902982,2184503,196599,42054754399,60060818,5805437,63656,1,0,0,0,0,2873,34806.82213713888,100000,25.39766,17,11167,50,98,100000
14,clean-run,10000,true,uniform,READ,72876,3225719,1162306,1151348,113723,1,0,0,4,385024,896,173,163897,982921,12277683,24089369,2218379,196821,42225309167,60273759,5806419,64072,1,0,0,0,0,7407,13500.742540839747,99987,70.77680098412793,30,941055,87,207,99987,13
14,avg-run,10000,true,uniform,READ,74624,3564790,1283631,1252636,123723,5,0,0,4,385024,896,173,163897,983223,12342496,24136633,2218379,196821,42249251197,60312133,5809386,64072,1,0,0,0,0,2833,35298.270384751144,100000,24.90372,17,10735,50,106,100000
15,extend,10000,true,zipfian,EXTEND,31796751,192099209,196067736,194822307,16314601,1500464,16195019,0,0,0,896,183,172419,1090996,14125937,26131101,2392276,269970,47605882113,66937645,5970867,64072,0,0,0,0,1,279719,357.50163556998274,99986,2787.3480887324226,301,3575807,11079,28927,99986,14
15,run,10000,true,uniform,READ,32931373,194625444,197285144,196019211,16314601,1500464,16195019,0,0,0,896,183,172419,1092042,14171675,27240438,2392276,269970,47608701878,66939727,5971744,64072,1,0,0,0,0,8508,11753.643629525153,99980,81.65043008601721,36,19151,126,260,99980,20
15,reference,10000,true,uniform,READ,28542,4549573,1854175,1519391,10119,1,0,0,0,0,896,183,172419,1092049,14174696,27256741,2392276,269970,47608701928,66939728,5971744,64072,1,0,0,0,0,2716,36818.85125184094,100000,23.68117,17,12463,47,91,100000
15,clean-run,10000,true,uniform,READ,86033,3271738,1165979,1155889,118402,1,0,0,4,385024,896,184,172592,1095508,14238216,27461483,2415630,272843,47789898404,67162081,5972726,64322,1,0,0,0,0,5682,17599.436818021823,99981,53.47105950130525,31,101439,91,202,99981,19
15,avg-run,10000,true,uniform,READ,87757,3612893,1288461,1257461,128475,5,0,0,4,385024,896,184,172592,1095521,14286921,27463298,2415630,272843,47802340130,67192809,5972729,64322,1,0,0,0,0,2765,36166.365280289334,100000,24.39208,17,9679,49,91,100000
16,extend,10000,true,zipfian,EXTEND,37334267,213888037,221831695,220508834,18504106,1600522,18379686,0,0,0,896,195,184285,1213536,15900220,29558139,2682980,303878,54177445294,76731844,7883105,64326,0,0,0,0,1,337682,296.1366018917206,99981,3370.374931236935,301,6262783,10855,25487,99981,19
16,run,10000,true,uniform,READ,38514779,216430188,223107079,221771975,18504106,1600522,18379686,0,0,0,896,195,184285,1214469,15913316,30733568,2682980,303878,54180984417,76734334,7884362,64326,1,0,0,0,0,15947,6270.7719320248325,99986,156.0008001120157,36,911871,132,307,99986,14
16,reference,10000,true,uniform,READ,30432,4850441,1980732,1620705,10119,1,0,0,0,0,896,195,184285,1214469,15913316,30738012,2682980,303878,54180984417,76734334,7884362,64326,1,0,0,0,0,2758,36258.15808556925,100000,24.26958,17,10207,48,92,100000
16,clean-run,10000,true,uniform,READ,136963,3301044,1261115,1250157,123295,1,0,0,4,385024,896,196,184398,1218169,15967012,31035373,2712425,306003,54372852790,76966516,7885344,79780,1,0,0,0,0,5922,16886.187098953058,99980,55.953440688137626,31,17279,90,208,99980,20
16,avg-run,10000,true,uniform,READ,138732,3639958,1382440,1351445,133295,5,0,0,4,385024,896,196,184398,1218169,15999781,31038392,2712425,306003,54385138845,76996613,7885346,79780,1,0,0,0,0,2722,36737.69287288758,100000,23.88588,17,10311,46,89,100000
17,extend,10000,true,zipfian,EXTEND,40848364,235188914,249136168,247754263,20835018,1700564,20705545,0,0,0,896,207,195532,1351824,17460757,33174079,2954785,341890,60533057587,84421029,8095843,79780,0,0,0,0,1,325583,307.14134337480766,99987,3249.0921719823577,309,4100095,12735,32095,99987,13
17,run,10000,true,uniform,READ,42061917,237743253,250439312,249036392,20835018,1700564,20705545,0,0,0,896,207,195532,1352855,17509024,34373707,2954785,341890,60534671199,84423203,8096381,79780,1,0,0,0,0,8710,11481.05625717566,99981,83.74133085286205,40,14583,126,273,99981,19
17,reference,10000,true,uniform,READ,32322,5151309,2107289,1722019,10119,1,0,0,0,0,896,207,195532,1352865,17520820,34379932,2954785,341890,60534671249,84423204,8096381,79780,1,0,0,0,0,2765,36166.365280289334,100000,24.41205,17,9575,49,94,100000
17,clean-run,10000,true,uniform,READ,129946,3368825,1296487,1286397,128406,1,0,0,4,385024,896,208,195734,1355599,17594787,34635319,2988770,342567,60737239212,84665698,8097363,86505,1,0,0,0,0,5934,16852.039096730703,99978,56.01427314009082,32,18991,95,206,99978,22
17,avg-run,10000,true,uniform,READ,132691,3714821,1418745,1387747,138406,5,0,0,4,385024,896,208,195734,1355609,17643849,34638799,2988770,342567,60749776518,84699773,8097367,86505,1,0,0,0,0,2845,35149.3848857645,100000,25.08591,17,8999,49,92,100000
18,extend,10000,true,zipfian,EXTEND,44498569,257093335,277785280,276327747,23284632,1800630,23150096,0,0,0,896,220,206755,1495970,19673340,36845607,3252489,405716,67159005102,92479677,8289643,86505,0,0,0,0,1,400017,249.9893754515433,99989,3993.075608316915,298,3559423,15159,42591,99989,11
18,run,10000,true,uniform,READ,45749119,259653186,279155855,277684064,23284632,1800630,23150096,0,0,0,896,220,206755,1497347,19707313,38090236,3252489,405716,67164012135,92481841,8291196,86505,1,0,0,0,0,9517,10507.512871703268,99987,91.71982357706501,37,75071,122,308,99987,13
18,reference,10000,true,uniform,READ,34245,5452217,2234730,1823347,10119,1,0,0,0,0,896,220,206755,1497348,19714889,38093695,3252489,405716,67164012135,92481841,8291196,86505,1,0,0,0,0,2821,35448.422545196736,100000,24.80118,17,9855,50,86,100000
18,clean-run,10000,true,uniform,READ,149913,3402878,1334409,1324319,133505,1,0,0,4,385024,896,221,206881,1500545,19787324,38374536,3293393,406599,67377272850,92734577,8292178,86505,1,0,0,0,0,6078,16452.780519907865,99983,57.45941810107718,33,28095,101,215,99983,17
18,avg-run,10000,true,uniform,READ,156656,3783817,1469633,1438635,143955,5,0,0,4,385024,896,221,206881,1500633,19827310,38378995,3293393,406599,67390790561,92770461,8292182,86505,1,0,0,0,0,2775,36036.036036036036,100000,24.44254,17,11519,48,83,100000
19,extend,10000,true,zipfian,EXTEND,48244249,280109562,308517061,306998347,25919861,1900690,25779780,0,0,0,896,234,221058,1646284,21939142,40663915,3549103,516776,74252141592,101108841,8488562,86505,0,0,0,0,1,399323,250.42384235318275,99983,3986.134112799176,308,5373951,17343,48543,99983,17
19,run,10000,true,uniform,READ,49534728,282686118,309971833,308441185,25919861,1900690,25779780,0,0,0,896,234,221058,1647258,21988657,41948934,3549103,516776,74255866542,101111520,8489752,86505,1,0,0,0,0,9192,10879.025239338554,99977,88.6523100313072,38,13391,128,289,99977,23
19,reference,10000,true,uniform,READ,36168,5753125,2362171,1924675,10119,1,0,0,0,0,896,234,221058,1647261,22000329,41953368,3549103,516776,74255866542,101111520,8489752,86505,1,0,0,0,0,2813,35549.23569143264,100000,24.82594,17,10791,49,97,100000
19,clean-run,10000,true,uniform,READ,172298,3437273,1382854,1372764,139069,1,0,0,4,385024,896,235,222449,1652089,22097689,42275554,3572220,549968,74484706748,101383758,8491743,86505,1,0,0,0,0,6253,15992.323684631378,99976,59.21643194366648,35,12303,97,213,99976,24
19,avg-run,10000,true,uniform,READ,182932,3826262,1515181,1484183,149526,5,0,0,4,385024,896,235,222449,1652231,22129815,42279369,3572220,549968,74498850266,101430057,8491747,86505,1,0,0,0,0,2817,35498.757543485975,100000,24.84811,17,12511,50,87,100000
20,extend,10000,true,zipfian,EXTEND,52114425,303882457,340547812,338972587,28666497,2000766,28520638,0,0,0,896,249,239722,1806313,24297730,44609025,3917533,620359,81706143807,110113428,8707923,86505,0,0,0,0,1,440965,226.7753676595648,99988,4402.142217066048,305,2623487,16135,49503,99988,12
20,run,10000,true,uniform,READ,53437618,306499588,342023323,340429467,28666943,2000777,28521086,0,0,0,896,249,239746,1807344,24342343,45900180,3917533,620359,81716352483,110124098,8710323,86505,1,0,0,0,0,9227,10837.758751490192,99985,88.88297244586688,37,32687,124,268,99985,15
20,reference,10000,true,uniform,READ,38130,6054140,2491380,2026031,10119,1,0,0,0,0,896,249,239746,1807350,24354411,45915506,3917533,620359,81716352483,110124098,8710323,86505,1,0,0,0,0,2834,35285.81510232887,100000,24.99009,17,10503,49,86,100000
20,clean-run,10000,true,uniform,READ,200497,3477305,1491316,1481226,144819,1,0,0,4,385024,896,250,239879,1809535,24435615,46252497,3930766,620740,81951138582,110399602,8711305,86505,1,0,0,0,0,8375,11940.298507462687,99973,80.37543136646894,34,1740799,98,224,99973,27
20,avg-run,10000,true,uniform,READ,203460,3822725,1613574,1582576,154819,5,0,0,4,385024,896,250,239879,1809536,24460127,46255146,3930766,620740,82896053063,114668393,11576907,86517,1,0,0,0,0,2765,36166.365280289334,100000,24.36325,17,9759,48,91,100000
21,extend,10000,true,zipfian,EXTEND,59594474,330260563,373604054,371959517,31505028,2100858,31353153,0,0,0,896,264,255641,1979906,26140917,48630409,4260616,682165,90339995310,123607743,11838111,86517,0,0,0,0,1,448773,222.82980482337396,99993,4479.386217035192,314,4870143,18527,54111,99993,7
21,run,10000,true,uniform,READ,60922579,332868812,375115350,373457438,31505028,2100858,31353153,0,0,0,896,264,255642,1981122,26188549,49952718,4260616,682165,90345352089,123609575,11839544,86517,1,0,0,0,0,9257,10802.635843145728,99988,89.26504180501661,41,17263,126,295,99988,12
21,reference,10000,true,uniform,READ,40086,6355088,2619705,2127373,10119,1,0,0,0,0,896,264,255642,1981134,26198240,49956430,4260616,682165,90345352089,123609575,11839544,86517,1,0,0,0,0,2491,40144.520272982736,100000,21.75475,17,11079,33,70,100000
21,clean-run,10000,true,uniform,READ,216709,3514475,1522628,1512538,150906,1,0,0,4,393216,896,265,257848,1983244,26287318,50320995,4286455,682509,90598918739,123903679,11842310,100142,1,0,0,0,0,6288,15903.307888040712,99979,59.72991328178917,36,13343,86,197,99979,21
21,avg-run,10000,true,uniform,READ,218669,3856937,1645110,1614110,160979,5,0,0,4,393216,896,265,257848,1983244,26303701,50323250,4286455,682509,90611398286,123935048,11842313,100142,1,0,0,0,0,2515,39761.431411530815,100000,21.99994,17,9895,31,70,100000
22,extend,10000,true,zipfian,EXTEND,63648481,355659154,408913134,407208834,34547483,2200938,34389221,0,0,0,896,280,275150,2170804,28237711,52781989,4679986,730234,98520717528,133477730,12071701,100142,0,0,0,0,1,474002,210.96957396804234,99981,4732.73740010602,310,1132543,23615,61727,99981,19
22,run,10000,true,uniform,READ,65014128,358271564,410525264,408804373,34547483,2200938,34389221,0,0,0,896,280,275157,2171990,28289546,54142913,4679986,730234,98527628513,133479969,12073816,100142,1,0,0,0,0,9701,10308.215647871353,99972,93.50781218741247,43,55391,137,285,99972,28
22,reference,10000,true,uniform,READ,42042,6656036,2748030,2228715,10119,1,0,0,0,0,896,280,275157,2171990,28300520,54145513,4679986,730234,98527628513,133479969,12073816,100142,1,0,0,0,0,2536,39432.176656151416,100000,22.06672,17,11663,30,79,100000
22,clean-run,10000,true,uniform,READ,227941,3553011,1549144,1538186,157390,1,0,0,4,385024,896,281,275273,2173843,28390124,54516774,4693719,730486,98784111831,133780657,12074798,100142,1,0,0,0,0,6352,15743.073047858941,99982,60.30899561921146,36,23567,87,194,99982,18
22,avg-run,10000,true,uniform,READ,229799,3891432,1670469,1639474,167390,5,0,0,4,385024,896,281,275273,2173843,28447475,54518704,4693719,730486,98796397970,133810756,12074800,100142,1,0,0,0,0,2573,38865.1379712398,100000,22.52699,17,11335,42,76,100000
23,extend,10000,true,zipfian,EXTEND,67837646,381938744,445888857,444117571,37732071,2301042,37567360,0,0,0,896,297,296129,2367879,30997414,57098379,5027526,888564,107169494012,143805046,12315017,100142,0,0,0,0,1,576358,173.50327400678052,99994,5754.932965977959,316,7237631,25791,74239,99994,6
23,run,10000,true,uniform,READ,69214570,384555275,447492138,445705047,37732071,2301042,37567360,0,0,0,896,297,296129,2368992,31046751,58453977,5027526,888564,107173221290,143807449,12316317,100142,1,0,0,0,0,9567,10452.597470471412,99984,92.38689190270443,44,15871,131,298,99984,16
23,reference,10000,true,uniform,READ,44064,6957064,2878123,2330085,10119,1,0,0,0,0,896,297,296129,2368992,31057415,58471950,5027526,888564,107173221340,143807450,12316317,100142,1,0,0,0,0,2551,39200.31360250882,100000,22.23843,17,10783,41,75,100000
23,clean-run,10000,true,uniform,READ,254487,4481871,1633474,1623384,163908,1,0,0,4,385024,896,298,296255,2372762,31153444,58873191,5076366,888621,107440588141,144121224,12317299,100216,1,0,0,0,0,6601,15149.219815179518,99979,62.84953840306464,37,17647,91,207,99979,21
23,avg-run,10000,true,uniform,READ,267009,4854914,1759472,1728474,174376,5,0,0,4,385024,896,298,296255,2372825,31185808,58875734,5076366,888621,107454867567,144169423,12317303,100216,1,0,0,0,0,2651,37721.61448509996,100000,23.16131,17,14951,47,71,100000
24,extend,10000,true,zipfian,EXTEND,72107406,409167417,484505166,482669271,41067801,2401126,40896516,0,0,0,896,315,318004,2566901,33664509,61504354,5443037,966138,116232081483,154625157,12568946,100216,0,0,0,0,1,558548,179.0356424156921,99985,5576.895864379657,318,4036607,25615,74751,99985,15
24,run,10000,true,uniform,READ,73535570,411786316,486244174,484395937,41067801,2401126,40896516,0,0,0,896,315,318004,2568303,33717680,62919872,5443037,966138,116239666443,154627987,12571092,100216,1,0,0,0,0,10037,9963.136395337253,99982,96.8215678822188,42,25791,140,296,99982,18
24,reference,10000,true,uniform,READ,46086,7258092,3008216,2431455,10119,1,0,0,0,0,896,315,318004,2568339,33727111,62933170,5443037,966138,116245412968,154635054,12572422,100216,1,0,0,0,0,2586,38669.76024748647,100000,22.65726,17,10743,45,80,100000
24,clean-run,10000,true,uniform,READ,272951,4526241,1722870,1711912,170527,1,0,0,4,385024,896,316,318863,2570123,33844315,63354891,5459932,1001808,116523683835,154962185,12573406,100298,1,0,0,0,0,6720,14880.952380952382,99984,64.00899143863018,37,17039,90,205,99984,16
24,avg-run,10000,true,uniform,READ,274973,4864348,1844195,1813200,180527,5,0,0,4,385024,896,316,318863,2570124,33877076,63356989,5459932,1001808,116535969890,154992282,12573408,100298,1,0,0,0,0,2615,38240.917782026765,100000,22.95992,17,12103,48,80,100000
25,extend,10000,true,zipfian,EXTEND,76509599,437175086,524769127,522869061,44539986,2501218,44362074,0,0,0,896,333,341132,2763942,36534350,66050080,5799393,1191816,125624647781,165843820,12822725,100298,0,0,0,0,1,566228,176.60730306519636,99982,5655.051639295073,315,9814015,25471,71039,99982,18
25,run,10000,true,uniform,READ,77984431,439811472,526599611,524686725,44540450,2501229,44362541,0,0,0,896,333,341132,2765465,36588164,67490748,5799393,1191816,125636474949,165854080,12825846,100298,1,0,0,0,0,10269,9738.0465478625,99980,99.12810562112422,42,17263,142,319,99980,20
25,reference,10000,true,uniform,READ,48108,7559120,3138309,2532825,10119,1,0,0,0,0,896,333,341132,2765465,36599060,67510177,5799393,1191816,125636474949,165854080,12825846,100298,1,0,0,0,0,2565,38986.35477582846,100000,22.40464,17,10311,41,70,100000
25,clean-run,10000,true,uniform,READ,292458,4555679,1765207,1755117,177195,1,0,0,4,385024,896,334,341253,2769013,36704337,67954962,5817325,1192371,125925632675,166194571,12826828,100379,1,0,0,0,0,6928,14434.18013856813,99974,66.07822033728769,38,20751,99,218,99974,26
25,avg-run,10000,true,uniform,READ,304130,4921025,1890228,1859230,187670,5,0,0,4,385024,896,334,341253,2769060,36745017,67957100,5817325,1192371,125939798454,166240607,12826832,100379,1,0,0,0,0,2591,38595.13701273639,100000,22.72212,16,12679,46,73,100000
26,extend,10000,true,zipfian,EXTEND,86758650,470146094,566508585,564541607,48139283,2601314,47954792,0,0,0,896,351,365506,2979225,38912085,70757844,6259991,1303418,136882466598,185092544,18235350,100397,0,0,0,0,1,661075,151.26876678137882,99986,6602.0184925889625,322,7397375,26559,85567,99986,14
26,run,10000,true,uniform,READ,88240941,473689458,568394760,566415691,48139283,2601314,47954792,0,0,0,896,351,365506,2980444,38959555,72232380,6259991,1303418,136884882249,185094702,18236073,100397,1,0,0,0,0,10723,9325.748391308403,99981,103.76401516288095,46,93439,140,271,99981,19
26,reference,10000,true,uniform,READ,50196,7860228,3270170,2634223,10119,1,0,0,0,0,896,351,365506,2980448,38967738,72238563,6259991,1303418,136884882249,185094702,18236073,100397,1,0,0,0,0,2495,40080.160320641284,100000,21.67167,17,10215,28,67,100000
26,clean-run,10000,true,uniform,READ,315797,4588617,1851040,1840950,183828,1,0,0,4,385024,896,352,365642,2983501,39071803,72708931,6259995,1305078,137184925732,185448485,18237055,101233,1,0,0,0,0,7251,13791.201213625707,99986,67.60380453263457,39,33023,97,208,99986,14
26,avg-run,10000,true,uniform,READ,322065,4942254,1976014,1945016,194307,12,0,0,4,385024,896,352,365642,2984039,39103387,72711038,6259995,1305078,137198622484,185486440,18237059,101233,1,0,0,0,0,2654,37678.97513187641,100000,23.32659,17,11111,47,78,100000
27,extend,10000,true,zipfian,EXTEND,91426401,501919845,609845110,607820553,51877777,2701421,51686589,0,0,0,896,370,390117,3197774,41020980,75599058,6776663,1346344,147031477642,197143822,18518705,101233,0,0,0,0,1,638393,156.64332159030565,99986,6375.342107895105,317,5816319,30511,83775,99986,14
27,run,10000,true,uniform,READ,92923786,505470065,611764108,609727111,51877777,2701421,51686589,0,0,0,896,370,390117,3198823,41072832,77090751,6776663,1346344,147035576718,197145919,18519823,101233,1,0,0,0,0,10533,9493.97132820659,99984,101.92572811649865,47,17423,149,315,99984,16
27,reference,10000,true,uniform,READ,52251,8161296,3401147,2735607,10119,1,0,0,0,0,896,370,390117,3198824,41084352,77094488,6776663,1346344,147035576718,197145919,18519823,101233,1,0,0,0,0,3810,26246.719160104985,100000,34.74257,17,111999,32,124,100000
27,clean-run,10000,true,uniform,READ,330996,4617119,1902147,1891189,190530,1,0,0,4,385024,896,371,390224,3201014,41186531,77582565,6799256,1352029,147346523663,197513233,18520805,101270,1,0,0,0,0,7010,14265.335235378032,99978,66.95868090980015,39,20671,94,188,99978,22
27,avg-run,10000,true,uniform,READ,332884,4955186,2023472,1992477,200530,5,0,0,4,385024,896,371,390224,3201014,41227507,77586174,6799256,1352029,147368232042,197550244,18523110,101270,1,0,0,0,0,2631,38008.36183960471,100000,23.13172,17,10215,45,83,100000
28,extend,10000,true,zipfian,EXTEND,96228700,534759320,655094147,653010197,55786719,2801543,55588973,0,0,0,896,390,415112,3427675,43977249,80574113,7250130,1527555,157691526498,209717103,18818061,101270,0,0,0,0,1,666867,149.95493854096844,99990,6659.89797979798,312,8880127,32927,80511,99990,10
28,run,10000,true,uniform,READ,97739683,538313996,657059484,654961575,55786719,2801543,55588973,0,0,0,896,390,415112,3429109,44010359,82036590,7250130,1527555,157697595849,209719488,18819694,101270,1,0,0,0,0,11368,8796.622097114709,99976,110.0073317596223,45,324095,146,315,99976,24
28,reference,10000,true,uniform,READ,54339,8462404,3533008,2837005,10119,1,0,0,0,0,896,390,415112,3429121,44012938,82082199,7250130,1527555,157697595849,209719488,18819694,101270,1,0,0,0,0,2490,40160.642570281125,100000,21.72388,16,10095,29,58,100000
28,clean-run,10000,true,uniform,READ,344754,4648500,1976608,1966518,197094,1,0,0,4,385024,896,391,415248,3431780,44142038,82584251,7275505,1549722,158019421852,210099981,18820676,117220,1,0,0,0,0,7243,13806.433798149938,99977,69.26524100543125,40,27407,98,217,99977,23
28,avg-run,10000,true,uniform,READ,351196,5000889,2101124,2070126,207578,5,0,0,4,385024,896,391,415248,3431790,44248357,82589863,7275505,1549722,158040738706,210143530,18822356,117220,1,0,0,0,0,2555,39138.94324853229,100000,22.27057,17,10279,39,68,100000
29,extend,10000,true,zipfian,EXTEND,101116142,568407070,701991483,699844456,59840810,2901672,59636570,0,0,0,896,411,440674,3666094,47355340,85641086,7794190,1720049,168704317260,222746004,19110664,117220,0,0,0,0,1,725879,137.76400749987258,99986,7250.64183985758,318,8101887,34399,89791,99986,14
29,run,10000,true,uniform,READ,102651526,571963565,704027843,701867454,59840810,2901672,59636570,0,0,0,896,411,440688,3667204,47408054,87153280,7794190,1720049,168712977878,222748503,19112844,117220,1,0,0,0,0,10831,9232.757824762257,99977,104.68711803714855,47,21023,153,313,99977,23
29,reference,10000,true,uniform,READ,56460,8763552,3665753,2938417,10119,1,0,0,0,0,896,411,440688,3667204,47416703,87173714,7794190,1720049,168712977878,222748503,19112844,117220,1,0,0,0,0,2488,40192.92604501608,100000,21.67323,17,11663,30,62,100000
29,clean-run,10000,true,uniform,READ,366995,4669682,2035889,2024931,203602,1,0,0,4,385024,896,412,443087,3670474,47541212,87700744,7810922,1742314,169051311534,223147728,19115063,117917,1,0,0,0,0,7424,13469.827586206897,99980,71.05452090418083,41,56319,103,206,99980,20
29,avg-run,10000,true,uniform,READ,369079,5007481,2157214,2126219,213602,5,0,0,4,385024,896,412,443087,3670474,47565791,87705169,7810922,1742314,169063597589,223177825,19115065,117917,1,0,0,0,0,2595,38535.64547206166,100000,22.80752,17,10879,45,74,100000
30,extend,10000,true,zipfian,EXTEND,106117369,602180487,749245823,747036042,63921112,3001810,63710480,0,0,0,896,432,468973,3917198,50668526,90878965,8321828,1958732,179843813026,235862913,19412625,117917,0,0,0,0,1,759445,131.67510484630225,99984,7586.245439270283,330,5894143,34911,98367,99984,16
30,run,10000,true,uniform,READ,107689272,605744792,751399753,749177103,63921112,3001810,63710480,0,0,0,896,432,468973,3918457,50724149,92444873,8321828,1958732,179847602473,235865410,19413692,117917,1,0,0,0,0,11047,9052.231375033945,99984,106.92519803168507,50,20943,153,339,99984,16
30,reference,10000,true,uniform,READ,58587,9064767,3799382,3039843,10119,1,0,0,0,0,896,432,468973,3918457,50724149,92448415,8321828,1958732,179847602473,235865410,19413692,117917,1,0,0,0,0,3718,26896.18074233459,100000,33.8188,17,128127,30,120,100000
30,clean-run,10000,true,uniform,READ,392959,4690954,2118069,2107111,209977,1,0,0,4,385024,896,433,469088,3921140,50858097,93005180,8321889,1981028,180199677018,236278356,19416815,121181,1,0,0,0,0,7625,13114.754098360656,99980,73.03090618123625,41,46815,109,245,99980,20
30,avg-run,10000,true,uniform,READ,394908,5028834,2239394,2208399,219977,5,0,0,4,385024,896,433,469088,3921141,50882665,93007671,8321889,1981028,180211963073,236308453,19416817,121181,1,0,0,0,0,2588,38639.87635239567,100000,22.70161,17,11111,45,76,100000
31,extend,10000,true,zipfian,EXTEND,111258977,636931674,798357259,796084191,68158474,3101968,67941569,0,0,0,896,454,498488,4173409,54109296,96228007,8784249,2327221,191420069970,249472309,19725208,121181,0,0,0,0,1,866588,115.39508970814273,99982,8657.629413294393,322,12705791,40607,112319,99982,18
31,run,10000,true,uniform,READ,112846144,640507457,800571845,798284026,68158474,3101968,67941569,0,0,0,896,455,498560,4174647,54158515,97809148,8813292,2327653,191425027056,249474642,19726556,121181,1,0,0,0,0,11263,8878.629139660836,99981,109.22697312489373,49,23871,153,317,99981,19
31,reference,10000,true,uniform,READ,60807,9366035,3934779,3141297,10119,1,0,0,0,0,896,455,498570,4174648,54162960,97811962,8819608,2327810,191425027220,249474644,19726556,121181,1,0,0,0,0,2577,38804.81179666278,100000,22.50211,17,10295,42,68,100000
31,clean-run,10000,true,uniform,READ,418268,4717068,2207685,2196727,216337,1,0,0,4,385024,896,456,498609,4181960,54261525,98395629,8819610,2327847,191779442095,249893806,19727539,126452,1,0,0,0,0,9037,11065.619121389842,99990,87.09465946594659,41,940543,105,227,99990,10
31,avg-run,10000,true,uniform,READ,420255,5054872,2329010,2298015,226337,5,0,0,4,385024,896,456,498609,4181960,54318423,98398275,8819610,2327847,191793367165,249925444,19727650,126452,1,0,0,0,0,2578,38789.75950349108,100000,22.54636,16,10487,44,77,100000
32,extend,10000,true,zipfian,EXTEND,,,,,,,,,,,,,,,,,,,0,0,0,0,0,0,0,0,1,450224,222.111659973702,48217,8838.077669701557,332,7622655,38687,111103,48217,3,51780
