run_id,Epoch,AverageLatency(us),95thPercentileLatency(us),99thPercentileLatency(us),Throughput(ops/sec),blks_read_per_op_delta,blks_hit_per_op_delta,tup_returned_per_op_delta,tup_fetched_per_op_delta,tup_inserted_per_op_delta,tup_updated_per_op_delta,tup_deleted_per_op_delta,temp_bytes_per_op_delta,buffers_alloc_per_op_delta,wal_bytes_per_op_delta,wal_records_per_op_delta,wal_fpi_per_op_delta,reference_p95_us,avg-run_p95_us,clean-run_p95_us,main_minus_clean_p95_us,main_minus_avg_p95_us,main_minus_reference_p95_us,value_size_p50,value_size_p90,value_size_p95,value_size_p99,value_size_max,frac_gt_2kb,frac_gt_8kb,frac_gt_32kb,est_toast_chunks_p95,est_toast_chunks_p99,est_toast_chunks_max
3,1,48.45582,64,163,18709.073900841908,0.0,5.68159,2.00195,1.79749,0.00112,0.00011,0.00092,0.0,0.00078,29.39506,0.45075,0.0,54,62,60,4,2,10,,,,,,,,,,,
3,2,57.91359,82,333,15982.1000479463,0.0,14.09941,3.96458,3.76012,0.00147,0.00011,0.00142,0.0,0.0,58.81642,0.53536,0.03005,55,78,83,-1,4,27,,,,,,,,,,,
3,3,67.7085,91,416,13753.266400770182,0.0,21.18767,5.75974,5.55528,0.00182,0.00011,0.00172,0.0,0.0,62.00217,0.96707,0.00018,49,85,94,-3,6,42,,,,,,,,,,,
3,4,100.21398,381,549,9495.774380400722,0.0,26.61897,7.12603,6.92157,0.00218,0.00011,0.00212,0.0,1e-05,122.7555,1.51741,0.05742,43,80,96,285,301,338,,,,,,,,,,,
3,5,123.26862,439,565,7784.524365561264,0.0,30.43151,8.21523,8.01077,0.00252,0.00011,0.00242,0.0,0.0006,95.29474,1.19466,0.03739,53,101,92,347,338,386,,,,,,,,,,,
3,6,148.97819,480,597,6475.006475006475,0.0,32.91008,9.15692,8.95246,0.00272,0.00011,0.00272,0.0,0.00068,57.31517,0.70061,0.00546,54,96,115,365,384,426,,,,,,,,,,,
3,7,108.74838,346,547,8793.527963418923,0.0,36.05751,9.80281,9.59835,0.00302,0.00011,0.00296,0.0,0.00075,318.167,1.48177,0.34807,45,122,354,-8,224,301,,,,,,,,,,,
3,8,160.31031,490,618,6028.454304316373,0.0,38.58152,10.41828,10.20506,0.00322,0.00011,0.00315,0.0,0.00081,185.71825,2.2062,0.11282,53,163,377,113,327,437,,,,,,,,,,,
3,9,149.98733,470,612,6447.86897930234,0.0,44.99997,11.40544,11.19221,0.00673,0.00022,0.00667,0.0,1e-05,938.32922,4.37197,0.98039,47,363,454,16,107,423,,,,,,,,,,,
3,10,184.47233,500,638,5254.860746190226,0.0,43.74681,11.67422,11.46105,0.00352,0.00011,0.00351,0.0,0.00087,615.24535,3.62006,0.79029,54,412,451,49,88,446,,,,,,,,,,,
3,11,186.12043,500,643,5216.484089723526,0.0,45.18264,12.27601,12.06298,0.00363,0.00011,0.00362,0.0,0.00091,788.49999,4.01874,1.03985,49,441,429,71,59,451,,,,,,,,,,,
3,12,160.46648,450,619,6028.090903610827,0.0,47.22921,12.6019,12.38867,0.00751,0.00022,0.00747,0.0,1e-05,1352.28272,4.92363,1.68749,48,373,423,27,77,402,,,,,,,,,,,
3,13,192.31658,495,655,5038.037180714394,0.0,51.53783,13.04112,12.82789,0.00766,0.00022,0.00764,0.0,0.00259,2316.147,9.30575,3.79556,46,326,445,50,169,449,,,,,,,,,,,
3,14,238.9055,534,678,4080.466805402538,0.0,53.96992,13.2667,13.04471,0.00784,0.00022,0.00784,0.0,0.00312,2258.56352,10.44409,3.72387,53,363,470,64,171,481,,,,,,,,,,,
3,15,224.73403,525,679,4334.633723450368,0.0,48.36494,13.3577,13.15324,0.00402,0.00011,0.00402,0.0,0.0,1161.98106,6.25769,1.74899,53,489,452,73,36,472,,,,,,,,,,,
3,16,207.11276,504,682,4689.551678859501,0.0,60.65294,14.29167,14.07844,0.00813,0.00022,0.0081,0.0,0.00108,3436.18878,14.52651,7.44506,45,508,422,82,-4,459,,,,,,,,,,,
3,17,200.46553,493,688,4841.442749939482,0.772,62.3135,14.62784,14.41461,0.00824,0.00022,0.00823,0.0,0.04601,3749.88304,15.61286,9.46435,47,503,445,48,-10,446,,,,,,,,,,,
3,18,201.28553,479,675,4824.392126592049,1.30141,63.2045,15.22641,15.01318,0.00836,0.00022,0.00831,0.0,0.10125,3621.14061,16.66884,8.21596,55,383,425,54,96,424,,,,,,,,,,,
3,19,236.93149,533,717,4114.041222693051,1.9444,64.92991,16.17398,15.95199,0.00844,0.00022,0.00844,0.0,0.23149,4046.56171,17.82213,8.96453,53,519,392,141,14,480,,,,,,,,,,,
3,20,233.54312,519,713,4174.842399699412,1.4983,65.57618,16.87689,16.66366,0.00846,0.00022,0.00846,0.0,0.13412,3945.68443,17.35143,8.8663,51,369,527,-8,150,468,,,,,,,,,,,
3,21,257.2305,549,718,3793.051130329237,1.81131,65.74147,17.23408,17.01209,0.00862,0.00022,0.0086,0.0,0.1629,4326.0212,17.82021,10.17196,53,369,549,0,180,496,,,,,,,,,,,
3,22,266.93129,566,747,3658.982802780827,2.748,67.34314,18.01461,17.79262,0.00864,0.00022,0.00864,0.0,0.15122,5099.88371,19.21526,10.4559,54,379,530,36,187,512,,,,,,,,,,,
3,23,240.484,521,722,4055.478952064239,2.83673,66.40016,18.60057,18.38734,0.00868,0.00022,0.00869,0.0,0.20772,4337.04422,18.92811,10.23533,53,454,501,20,67,468,,,,,,,,,,,
3,24,248.35699,542,729,3929.58189248664,3.65649,64.08724,19.07185,18.84986,0.00874,0.00022,0.00873,0.0,0.28525,3879.72414,20.04867,7.67827,48,436,576,-34,106,494,,,,,,,,,,,
3,25,253.10375,541,719,3854.45575084798,4.16535,64.44447,19.81343,19.59144,0.00881,0.00022,0.00882,0.0,0.25994,4147.43966,20.6891,8.23078,48,373,535,6,168,493,,,,,,,,,,,
3,26,239.55184,540,740,4075.145686458291,4.93142,69.79479,20.45386,20.23187,0.00885,0.00022,0.00886,0.0,0.39033,5404.22873,21.67429,12.13729,56,384,575,-35,156,484,,,,,,,,,,,
3,27,252.70141,558,767,3863.689050305232,5.79051,72.10602,21.50846,21.28647,0.00889,0.00022,0.00888,0.0,0.41781,5223.29156,22.75726,12.64033,54,400,597,-39,158,504,,,,,,,,,,,
3,28,261.9787,557,780,3733.432891543775,10.51621,66.47596,21.93466,21.71267,0.00863,0.00022,0.00874,0.0,0.51524,6166.59966,25.44724,16.259,55,402,558,-1,155,502,,,,,,,,,,,
3,29,294.51543,594,797,3325.905477766322,8.01475,76.62376,23.03271,22.81072,0.0061,0.00022,0.00637,0.0,0.48923,4509.78613,26.17623,9.60191,53,497,586,8,97,541,,,,,,,,,,,
3,30,262.93173,543,776,3718.301479883989,8.16009,77.16076,24.33985,24.1091,0.00458,0.00022,0.00474,0.0,0.5108,5068.79967,26.31398,10.10782,50,541,574,-31,2,493,,,,,,,,,,,
3,31,294.8933,606,807,3319.722471201408,9.39045,79.33473,24.27432,24.04357,0.00335,0.00022,0.00351,0.0,0.50216,5560.22858,27.50708,11.73239,54,400,591,15,206,552,,,,,,,,,,,
3,32,306.02742,619,820,3200.0,9.85777,79.74686,24.4184,24.18765,0.00239,0.00022,0.00248,0.0,0.52721,5952.50086,28.72909,15.23899,52,408,580,39,211,567,,,,,,,,,,,
3,33,280.68254,575,814,3482.5004353125546,11.89788,79.76758,25.85564,25.62489,0.00183,0.00022,0.0019,0.0,0.52117,6370.46456,29.36444,17.44602,50,417,585,-10,158,525,,,,,,,,,,,
3,34,307.17383,610,845,3196.317841846193,16.70726,91.8107,27.33316,27.10241,0.00139,0.00022,0.00147,0.0,0.7486,7990.18651,35.484,22.97908,53,418,571,39,192,557,,,,,,,,,,,
3,35,345.39989,644,881,2840.5056099985795,12.22971,80.78605,27.72587,27.49874,0.001,0.00022,0.00102,0.0,0.60357,5375.84328,32.0345,11.28896,49,414,597,47,230,595,,,,,,,,,,,
3,36,350.22968,645,883,2807.569206580942,16.01573,81.12984,28.17994,27.94919,0.00076,0.00022,0.00079,0.0,0.65053,6437.12426,32.67046,15.2473,53,418,622,23,227,592,,,,,,,,,,,
3,37,333.9155,636,942,2940.657531023937,13.5484,80.35509,28.43261,28.20186,0.00024,0.00011,0.00026,0.0,0.92224,6811.23472,32.72423,21.25111,54,404,601,35,232,582,,,,,,,,,,,
3,38,334.81247,640,910,2937.8929431811503,17.57085,82.61455,28.70167,28.47092,0.00032,0.00022,0.00032,0.0,0.94898,7108.11091,34.22438,20.29311,49,417,589,51,223,591,,,,,,,,,,,
3,39,358.14678,660,923,2744.8397013614403,16.59624,84.08328,29.85295,29.61344,0.00022,0.00022,0.00023,0.0,0.79364,6729.71517,35.7789,14.55976,50,469,619,41,191,610,,,,,,,,,,,
3,40,359.57682,661,950,2737.026494416466,17.16939,86.13257,29.90797,29.6702,0.00012,0.00022,0.00014,0.0,0.80825,7520.53993,37.96571,18.88017,55,459,632,29,202,606,,,,,,,,,,,
3,41,340.89811,634,912,2884.4212408780177,16.74371,84.5391,31.5832,31.34598,0.0001,0.00022,0.0001,0.0,0.79891,7076.23642,38.4745,19.772,51,464,644,-10,170,583,,,,,,,,,,,
3,42,357.14326,657,957,2751.10732069658,23.98234,87.58992,31.11311,30.8736,4e-05,0.00022,4e-05,0.0,0.90889,8676.34029,41.57852,24.99009,53,477,642,15,180,604,,,,,,,,,,,
3,43,340.66643,653,1061,2885.1702250432777,25.68649,88.14331,31.26543,31.0299,4e-05,0.00022,4e-05,0.0,0.99202,8345.78945,43.25023,22.43174,53,471,613,40,182,600,,,,,,,,,,,
3,44,356.55439,658,940,2757.859900717044,24.56221,86.98851,32.65941,32.42012,5e-05,0.00022,5e-05,0.0,0.85836,8174.55732,42.5069,21.74938,53,475,610,48,183,605,,,,,,,,,,,
3,45,353.07756,640,1012,2784.66208125644,21.69568,89.60196,33.75991,33.51296,4e-05,0.00022,4e-05,0.0,0.90173,8674.58577,43.72653,24.96971,54,481,643,-3,159,586,,,,,,,,,,,
3,46,329.71084,644,1331,2980.7147754031416,30.5464,88.97106,33.21206,32.97185,6e-05,0.00033,6e-05,0.0,1.08792,9277.42985,46.71021,28.80406,47,508,664,-20,136,597,,,,,,,,,,,
3,47,424.41015,715,2649,2320.939516316205,31.08729,90.46414,33.8427,33.609,4e-05,0.00022,4e-05,0.0,1.19582,9367.70154,48.21711,27.90405,55,496,673,42,219,660,,,,,,,,,,,
3,48,411.04485,754,1606,2397.9090233316547,32.10505,91.64054,34.96071,34.71244,4e-05,0.00022,4e-05,0.0,1.34895,9605.0372,49.23203,30.31726,48,490,641,113,264,706,,,,,,,,,,,
3,49,419.09203,727,1908,2351.5026101678973,33.19421,92.60387,35.92037,35.6811,4e-05,0.00022,4e-05,0.0,1.33622,10285.25888,50.19863,32.69344,47,498,676,51,229,680,,,,,,,,,,,
3,50,373.18941,669,1072,2637.965600928564,28.20811,93.31622,36.24641,35.99814,4e-05,0.00022,4e-05,0.0,1.10536,9631.26134,49.89857,28.27082,55,500,670,-1,169,614,,,,,,,,,,,
3,51,403.84146,687,1112,2439.6194193705783,32.0755,93.47954,36.9887,36.74755,4e-05,0.00022,4e-05,0.0,1.17336,10188.63697,51.59613,32.99796,53,498,684,3,189,634,,,,,,,,,,,
3,52,403.84212,701,1102,2437.003460544914,29.47826,94.00105,36.05144,35.80096,4e-05,0.00022,4e-05,0.0,1.13597,9755.7477,50.91848,28.74319,51,498,669,32,203,650,,,,,,,,,,,
3,53,433.76395,716,1174,2272.57232461423,30.65883,93.67528,37.20149,36.94768,4e-05,0.00022,4e-05,0.0,1.16794,10534.43016,52.36203,34.37176,53,519,679,37,197,663,,,,,,,,,,,
3,54,369.71683,674,1072,2662.903096956302,27.24863,94.51896,37.44121,37.19368,4e-05,0.00022,4e-05,0.0,1.10214,10080.63088,51.32146,31.59697,53,522,712,-38,152,621,,,,,,,,,,,
3,55,442.32223,750,1654,2228.511577117643,30.16481,95.74225,38.36308,38.09958,6e-05,0.00033,6e-05,0.0,1.23041,10612.24357,54.08474,33.81062,57,528,683,67,222,693,,,,,,,,,,,
3,56,422.87208,703,1138,2331.2740412635503,30.25636,96.85209,40.27361,40.01492,6e-05,0.00033,6e-05,0.0,1.13941,10861.80701,54.26184,35.53267,44,516,702,1,187,659,,,,,,,,,,,
3,57,420.96359,717,1247,2338.306131038676,34.75833,94.35352,39.64992,39.39336,4e-05,0.00022,4e-05,0.0,1.15737,11042.62404,56.24067,36.78107,55,522,725,-8,195,662,,,,,,,,,,,
3,58,435.56789,753,1666,2262.136361579876,34.81921,94.89124,40.37072,40.11538,6e-05,0.00033,6e-05,0.0,1.26829,10782.85881,56.45537,34.43433,55,530,672,81,223,698,,,,,,,,,,,
3,59,565.87434,1073,3723,1747.396379394702,48.89295,107.34815,41.41789,41.14343,6e-05,0.00033,6e-05,0.0,1.75578,12019.20192,63.22565,40.30372,54,533,690,383,540,1019,,,,,,,,,,,
3,60,514.90402,975,3399,1919.201612129354,38.71261,95.82567,42.12169,41.85653,6e-05,0.00033,6e-05,0.0,1.54453,11223.5548,59.79578,37.00669,46,538,706,269,437,929,,,,,,,,,,,
3,61,488.87923,834,2033,2017.1050508310475,37.22456,98.55272,41.69264,41.42681,4e-05,0.00022,4e-05,0.0,1.44073,11518.83418,58.51474,38.38024,54,538,731,103,296,780,,,,,,,,,,,
3,62,479.03512,811,1928,2060.920819422118,39.30307,97.61304,42.88486,42.61106,6e-05,0.00033,6e-05,0.0,1.45168,11825.89393,60.73386,39.81271,55,551,726,85,260,756,,,,,,,,,,,
3,63,502.90403,781,1683,1964.057743297653,36.4655,99.4632,43.89172,43.61792,6e-05,0.00033,6e-05,0.0,1.42049,11965.86219,61.95583,40.69972,49,576,719,62,205,732,,,,,,,,,,,
3,64,516.15463,784,2217,1913.582609361246,44.26966,129.94628,43.84913,43.56657,6e-05,0.00033,6e-05,0.0,1.47752,13346.9654,69.06752,43.34931,50,584,733,51,200,734,,,,,,,,,,,
3,65,498.46399,804,1735,1981.1395514700052,42.69872,136.5638,44.32714,44.04459,4e-05,0.00022,4e-05,0.0,1.50326,13458.33292,70.13632,45.99884,53,583,724,80,221,751,,,,,,,,,,,
3,66,452.41702,759,1715,2181.786446742593,48.29215,102.18494,45.06445,44.79066,4e-05,0.00022,4e-05,0.0,1.45812,12933.97301,68.81062,45.02084,47,584,763,-4,175,712,,,,,,,,,,,
3,67,535.5538,868,2673,1843.14809694959,52.64412,105.09802,45.30002,45.01746,6e-05,0.00033,6e-05,0.0,1.56806,13383.62085,71.15701,46.72515,54,594,752,116,274,814,,,,,,,,,,,
3,68,544.32355,877,2467,1815.6399222906116,48.53032,102.22156,45.69376,45.4112,6e-05,0.00033,6e-05,0.0,1.53827,13062.11657,69.22321,45.29635,56,582,776,101,295,821,,,,,,,,,,,
3,69,538.52104,1035,2997,1835.3338472268103,55.08752,107.26795,45.93579,45.65741,4e-05,0.00022,4e-05,0.0,1.70225,13673.69545,73.01986,47.90966,47,586,751,284,449,988,,,,,,,,,,,
3,70,674.42356,1380,4303,1467.1576754353791,53.12019,102.15906,48.21397,47.92265,6e-05,0.00033,6e-05,0.0,1.87704,13481.26357,72.45532,47.50264,51,578,748,632,802,1329,,,,,,,,,,,
3,71,628.12453,1302,4115,1576.2925598991174,57.09892,108.27907,47.52731,47.24893,4e-05,0.00022,4e-05,0.0,1.89423,13943.48965,74.97951,49.24954,48,586,760,542,716,1254,,,,,,,,,,,
3,72,612.92741,1549,4595,1614.6741587547633,55.10855,105.0058,49.23561,48.95305,6e-05,0.00033,6e-05,0.0,2.01002,13925.3043,75.43591,49.53735,52,573,739,810,976,1497,,,,,,,,,,,
3,73,679.4608,1293,4651,1456.23998835008,57.14377,105.69508,50.81297,50.52165,6e-05,0.00033,6e-05,0.0,1.93531,14039.39301,76.3068,49.94861,54,599,774,519,694,1239,,,,,,,,,,,
3,74,619.72024,1148,3923,1596.4749832370126,57.02072,107.16767,50.91554,50.62422,6e-05,0.00033,6e-05,0.0,1.90657,14184.67774,77.18779,50.60464,48,596,802,346,552,1100,,,,,,,,,,,
3,75,594.57627,878,3249,1663.8381418255633,55.69099,106.10683,50.67958,50.38746,6e-05,0.00033,6e-05,0.0,1.71672,14210.06568,78.08967,51.28119,51,589,795,83,289,827,,,,,,,,,,,
3,76,594.06536,906,3431,1665.5008160953998,54.02614,106.54485,49.52186,49.23054,6e-05,0.00033,6e-05,97.53792,1.72514,14041.06468,76.49793,50.22824,53,587,778,128,319,853,,,,,,,,,,,
3,77,604.35581,912,2723,1637.2775349149435,53.07826,107.2777,52.62098,52.3209,6e-05,0.00033,6e-05,294.29208,1.6989,14142.6938,77.68846,51.01527,52,596,781,131,316,860,,,,,,,,,,,
3,78,555.88595,952,3361,1778.1887369525402,58.10861,108.62784,51.49125,51.19117,6e-05,0.00033,6e-05,330.7689,1.79073,14463.01265,78.7345,51.6405,54,602,770,182,350,898,,,,,,,,,,,
3,79,617.03327,1084,3407,1604.6470578796193,60.01776,109.31681,52.83204,52.53533,6e-05,0.00033,6e-05,335.07681,1.87351,14494.29931,79.6798,52.12729,53,665,783,301,419,1031,,,,,,,,,,,
3,80,661.19297,1071,4025,1497.2973782322906,56.14136,109.09502,54.63399,54.33808,6e-05,0.00033,6e-05,339.25929,1.87498,14563.92814,80.82239,53.0729,52,668,816,255,403,1019,,,,,,,,,,,
3,81,610.99859,1103,3481,1619.6954972465176,58.96869,109.3305,53.55192,53.25184,6e-05,0.00033,6e-05,343.43289,1.89963,14719.25696,83.18908,53.77078,51,657,815,288,446,1052,,,,,,,,,,,
3,82,686.35896,1448,4583,1443.1263890091495,62.74235,109.36827,53.88633,53.58166,6e-05,0.00033,6e-05,347.67087,2.05867,15085.75246,84.75941,55.58976,52,657,809,639,791,1396,,,,,,,,,,,
3,83,734.97102,1744,5583,1348.2358334119804,76.5178,133.74613,53.92877,53.61534,6e-05,0.00033,6e-05,351.95103,2.32681,15791.00933,89.7429,58.31327,53,654,844,900,1090,1691,,,,,,,,,,,
3,84,771.27858,1652,5875,1285.942081168664,78.10254,135.99294,56.47666,56.16324,4e-05,0.00022,4e-05,356.27892,2.30463,15914.10522,91.39284,58.85354,52,679,833,819,973,1600,,,,,,,,,,,
3,85,743.37217,1973,5547,1332.462790976562,67.26191,112.93598,56.38692,56.07808,6e-05,0.00033,6e-05,360.47139,2.36873,15423.1124,88.13472,57.70856,51,667,795,1178,1306,1922,,,,,,,,,,,
3,86,720.29477,1265,4715,1376.083665886886,69.84875,115.03879,55.99973,55.6863,6e-05,0.00033,6e-05,364.89363,2.15237,15724.47154,91.16879,58.51004,52,672,835,430,593,1213,,,,,,,,,,,
3,87,647.31481,1235,4231,1529.0753681248948,70.42046,112.36978,55.75716,55.44293,6e-05,0.00033,6e-05,369.10941,2.13839,15337.02509,89.98616,56.24019,50,688,831,404,547,1185,,,,,,,,,,,
3,88,681.24909,1051,3891,1453.5728821443108,71.1655,116.80517,58.52403,58.20643,6e-05,0.00033,6e-05,373.37292,2.03716,15898.35604,92.2026,59.08271,51,693,865,186,358,1000,,,,,,,,,,,
3,89,665.29508,1069,4059,1487.8959663140354,74.91447,121.23105,57.5306,57.21717,6e-05,0.00033,6e-05,377.49879,2.03832,16020.33322,93.03026,59.3638,52,693,863,206,376,1017,,,,,,,,,,,
3,90,591.87296,911,1832,1672.3806338322602,79.41483,126.94571,58.20391,57.88631,6e-05,0.00033,6e-05,381.67905,1.88598,16138.30632,94.72606,59.77429,54,699,844,67,212,857,,,,,,,,,,,
3,91,617.0784,916,1911,1602.8980396556974,83.47028,132.6426,59.35753,59.03534,6e-05,0.00033,6e-05,385.8471,1.88939,16382.60073,95.9995,61.57525,49,706,858,58,210,867,,,,,,,,,,,
3,92,641.13023,977,2443,1544.2346001204503,75.41948,119.29272,58.01439,57.70097,4e-05,0.00022,4e-05,390.06732,1.95414,16151.19367,95.86758,60.29442,54,709,872,105,268,923,,,,,,,,,,,
3,93,674.37862,1117,4055,1468.27785690164,78.31784,120.8831,60.23562,59.90926,6e-05,0.00033,6e-05,394.34415,2.13099,16323.80093,97.8894,60.95354,53,708,879,238,409,1064,,,,,,,,,,,
3,94,765.62693,1302,4507,1294.397846121984,77.9011,121.94599,61.8049,61.47854,6e-05,0.00033,6e-05,398.57991,2.21783,16350.78047,97.98657,60.9973,50,715,870,432,587,1252,,,,,,,,,,,
3,95,796.5614,1408,5967,1245.190451879615,78.47255,122.07708,62.4381,62.11591,6e-05,0.00033,6e-05,402.72798,2.27362,16627.38249,98.61477,64.78028,56,715,891,517,693,1352,,,,,,,,,,,
3,96,785.35475,1576,5363,1262.0048208584158,79.17305,122.57322,62.26857,61.94638,6e-05,0.00033,6e-05,406.81944,2.42565,16460.12466,98.9543,61.31137,51,730,895,681,846,1525,,,,,,,,,,,
3,97,863.12627,2055,6395,1148.870660141081,83.33728,122.68044,62.75455,62.42819,6e-05,0.00033,6e-05,411.12069,2.59417,16676.29398,101.68246,62.93148,54,730,901,1154,1325,2001,,,,,,,,,,,
3,98,958.25535,2719,7743,1035.9473738734073,83.56253,126.86884,63.43266,63.11048,4e-05,0.00022,4e-05,415.29318,2.61839,16701.92632,99.72039,65.51473,49,712,935,1784,2007,2670,,,,,,,,,,,
3,99,823.34592,1476,6979,1205.1241880475784,77.59669,168.84966,65.09775,64.75804,6e-05,0.00033,6e-05,419.60886,2.37266,17852.88245,108.31289,67.02386,53,733,904,572,743,1423,,,,,,,,,,,
3,100,766.24424,1150,5975,1294.0460939218656,95.23263,141.7291,65.30182,64.96052,4e-05,0.00022,4e-05,423.82242,2.29317,17384.97607,106.56508,68.93379,51,738,948,202,412,1099,,,,,,,,,,,
4,1,50.06275,70,141,18145.52712756305,0.0,5.64935,2.0077,1.80324,0.00111,0.00011,0.00101,0.0,0.0,26.35894,0.40167,0.0,48,62,65,5,8,22,1700.0,2300.0,2700.0,4500.0,390000.0,0.1896,0.0057,0.0019,2.0,3.0,196.0
4,2,56.84807,85,175,16217.96951021732,0.0,13.78176,3.95376,3.7493,0.00144,0.00011,0.00142,0.0,0.0,17.0592,0.23805,2e-05,55,72,74,11,13,30,2400.0,3400.0,4200.0,7800.0,774300.0,0.775,0.0095,0.0032,3.0,4.0,388.0
4,3,67.06268,96,205,13861.93512614361,0.0,23.64419,6.07788,5.86465,0.00364,0.00022,0.00344,0.0,0.00086,135.21108,1.87727,0.0332,51,81,82,14,15,45,3100.0,4500.0,5700.0,11002.000000000044,1152900.0,0.9807,0.0232,0.005,3.0,6.0,578.0
4,4,77.75942,109,236,12140.342357654486,0.0,26.55666,7.14236,6.9379,0.00216,0.00011,0.00212,0.0,6e-05,72.87325,1.13537,0.00102,53,86,92,17,23,56,3800.0,5600.0,7100.0,14701.000000000022,1536100.0,0.999,0.0375,0.0055,4.0,8.0,770.0
4,5,81.49989,114,249,11564.704521799467,0.0,32.14099,8.47789,8.26466,0.0025,0.00011,0.0024,0.0,0.0,361.76808,2.2453,0.42329,53,97,96,18,17,61,4400.0,6800.0,8600.0,18100.0,1916600.0,1.0,0.0584,0.0059,5.0,10.0,961.0
4,6,86.83769,122,270,10932.546190007652,0.0,34.10206,9.1124,8.89918,0.00272,0.00011,0.0027,0.0,3e-05,483.19708,2.22994,0.52914,54,96,114,8,26,68,5100.0,7900.0,10000.0,21204.000000000087,2294800.0,1.0,0.0933,0.0068,6.0,11.0,1150.0
4,7,92.53863,128,277,10246.951531919254,0.0,36.76857,9.72864,9.51542,0.00302,0.00011,0.00292,0.0,0.00075,624.64492,2.67383,0.73292,54,111,122,6,17,74,5800.0,9000.0,11600.0,24903.000000000065,2688400.0,1.0,0.1499,0.0075,6.0,13.0,1347.0
4,8,101.04404,144,328,9417.969485778864,0.0,41.39394,10.92464,10.71141,0.00644,0.00022,0.00634,0.0,6e-05,497.7559,3.45188,0.5768,52,115,128,16,29,92,6500.0,10010.000000000036,13000.0,28501.000000000022,3069200.0,1.0,0.2305,0.0081,7.0,15.0,1538.0
4,9,104.70185,151,321,9118.26388255676,0.0,43.93815,11.35794,11.14471,0.00676,0.00022,0.00669,0.0,0.00085,672.45706,4.17043,0.89064,52,122,134,17,29,99,7200.0,11200.0,14500.0,31905.00000000011,3446300.0,1.0,0.3322,0.01,8.0,16.0,1727.0
4,10,112.33622,163,313,8530.239699735563,0.0,47.43092,11.65784,11.44461,0.00704,0.00022,0.00698,0.0,0.00087,1317.1937,5.52925,1.73281,54,121,134,29,42,109,7800.0,12210.000000000036,15904.999999999927,35504.00000000009,3823700.0,1.0,0.4517,0.0117,8.0,18.0,1916.0
4,11,116.39941,161,360,8260.366760284156,0.0,46.08169,12.24623,12.033,0.00726,0.00022,0.00724,0.0,0.0,870.27728,4.48768,1.16213,53,123,147,14,38,108,8500.0,13300.0,17500.0,38800.0,4211300.0,1.0,0.5918,0.0142,9.0,20.0,2110.0
4,12,121.89613,176,376,7875.255945818239,0.0,51.34648,12.58999,12.37676,0.00747,0.00022,0.00744,0.0,0.00093,1903.56508,7.44052,3.16023,50,125,147,29,51,126,9200.0,14500.0,18804.999999999927,41803.000000000065,4604200.0,1.0,0.7362,0.0169,10.0,21.0,2307.0
4,13,125.24594,182,361,7676.364473785215,0.0,53.95156,12.85178,12.63855,0.00766,0.00022,0.00764,0.0,0.00098,2789.95361,10.86974,6.47139,52,168,161,21,14,130,9800.0,15600.0,20300.0,45801.00000000002,4985800.0,1.0,0.8614,0.0214,11.0,23.0,2498.0
4,14,134.71925,189,399,7143.877696813831,0.0,56.90456,13.56664,13.34465,0.00784,0.00022,0.00783,0.0,0.00201,2712.09707,12.80484,5.49092,54,140,163,26,49,135,10500.0,16800.0,21900.0,48906.00000000013,5373100.0,1.0,0.9427,0.0255,11.0,25.0,2692.0
4,15,142.4325,198,415,6775.985905949316,0.0,59.32683,14.22366,14.00208,0.01206,0.00033,0.01204,0.0,0.00103,2976.02317,13.47795,6.26355,54,140,173,25,58,144,11200.0,17800.0,23400.0,52703.000000000065,5761400.0,1.0,0.9812,0.0303,12.0,27.0,2887.0
4,16,140.44772,195,420,6870.96330905593,0.0,56.94132,14.36089,14.14766,0.00819,0.00022,0.00812,0.0,0.00101,2782.90866,12.3532,5.03037,49,138,183,12,57,146,11800.0,18900.0,25000.0,55800.0,6148000.0,1.0,0.9955,0.0329,13.0,28.0,3081.0
4,17,146.59571,213,453,6588.483331137172,0.0,55.76909,14.7563,14.54307,0.00824,0.00022,0.00823,0.0,0.00101,2990.10407,11.80264,5.76868,51,134,181,32,79,162,12500.0,20100.0,26504.999999999927,59304.00000000009,6526300.0,1.0,0.9993,0.0351,14.0,30.0,3270.0
4,18,150.04344,224,451,6444.129398118314,1.03304,62.07577,15.09704,14.88381,0.00834,0.00022,0.00833,0.0,0.11318,3485.34263,16.10819,7.5553,54,159,195,29,65,170,13200.0,21200.0,27900.0,62902.000000000044,6900000.0,1.0,0.9997,0.0375,14.0,32.0,3457.0
4,19,158.25452,229,467,6118.827632625589,1.76663,63.7044,15.84594,15.63271,0.00843,0.00022,0.00844,0.0,0.18037,3690.35428,17.67773,8.43175,54,158,199,30,71,175,13800.0,22300.0,29400.0,66206.00000000013,7284900.0,1.0,1.0,0.0419,15.0,34.0,3650.0
4,20,162.78149,237,494,5953.798523457966,2.58143,64.73847,16.52943,16.3162,0.0085,0.00022,0.00847,0.0,0.17297,4042.63401,18.83874,9.58695,52,180,204,33,57,185,14500.0,23400.0,30900.0,69101.00000000003,7665300.0,1.0,1.0,0.0467,16.0,35.0,3841.0
4,21,168.2108,242,506,5768.3433317951085,3.79211,67.1804,17.26789,17.0459,0.00856,0.00022,0.00856,0.0,0.29397,4812.27609,20.4726,11.07827,54,188,218,24,54,188,15200.0,24510.000000000036,32300.0,73000.0,8055400.0,1.0,1.0,0.0515,17.0,37.0,4036.0
4,22,172.82437,259,530,5624.613307835087,3.94412,68.56736,17.82601,17.60402,0.00862,0.00022,0.00862,0.0,0.30413,4776.87735,20.74503,12.29141,54,187,217,42,72,205,15800.0,25510.000000000036,33900.0,76401.00000000003,8438800.0,1.0,1.0,0.0569,17.0,39.0,4228.0
4,23,177.2579,264,534,5479.45205479452,3.42767,64.10842,18.49873,18.28767,0.00866,0.00022,0.00865,0.0,0.24188,4795.04249,18.68182,11.82857,55,166,226,38,98,209,16500.0,26700.0,35600.0,79505.00000000012,8830100.0,1.0,1.0,0.0618,18.0,40.0,4424.0
4,24,180.07364,266,545,5396.071659831642,6.32783,68.9093,19.28598,19.06399,0.00877,0.00022,0.00872,0.0,0.40584,4831.30865,23.33318,11.42765,53,184,238,28,82,213,17150.0,27800.0,37000.0,83603.00000000006,9207600.0,1.0,1.0,0.0671,19.0,42.0,4614.0
4,25,184.09612,270,569,5285.132921092965,8.50153,69.19265,20.08948,19.86749,0.00881,0.00022,0.00881,0.0,0.42724,5317.19013,25.04591,12.40719,54,193,247,23,77,216,17800.0,29000.0,38600.0,87303.00000000006,9595000.0,1.0,1.0,0.075,20.0,44.0,4808.0
4,26,193.23507,282,587,5046.93650953871,8.65777,72.56655,21.03013,20.80814,0.00886,0.00022,0.00884,0.0,0.4874,6226.24228,26.4852,16.83741,53,196,252,30,86,229,18500.0,30010.000000000036,39900.0,90404.00000000009,9981100.0,1.0,1.0,0.0841,20.0,46.0,5001.0
4,27,190.74297,285,615,5106.73067102441,9.20714,71.85365,21.23911,21.01712,0.00892,0.00022,0.00891,0.0,0.49323,5232.59922,26.37744,12.48594,49,201,255,30,84,236,19100.0,31000.0,41209.999999999854,93804.00000000009,10358300.0,1.0,1.0,0.0922,21.0,47.0,5190.0
4,28,199.42926,297,612,4890.453834115806,11.02479,82.3904,22.16361,21.94162,0.00871,0.00022,0.00877,0.0,0.53214,5395.67813,28.05793,13.19268,51,212,258,39,85,246,19800.0,32200.0,42700.0,97302.00000000004,10738900.0,1.0,1.0,0.1009,22.0,49.0,5381.0
4,29,197.63752,295,610,4934.372841211882,11.88822,77.95262,22.5057,22.28371,0.00649,0.00022,0.00679,0.0,0.50214,5673.6016,27.80328,13.49205,53,207,268,27,88,242,20400.0,33300.0,44300.0,100800.0,11124600.0,1.0,1.0,0.112,23.0,51.0,5574.0
4,30,213.3883,308,669,4589.893055491807,13.84217,78.83044,23.99972,23.78115,0.00495,0.00022,0.00514,0.0,0.55404,5596.39962,30.0068,14.41488,51,215,271,37,93,257,21100.0,34300.0,45900.0,103404.00000000009,11516000.0,1.0,1.0,0.1252,23.0,52.0,5770.0
4,31,210.15475,310,671,4649.21660700172,13.45595,86.76677,23.9731,23.74235,0.00375,0.00022,0.00395,0.0,0.63707,6416.18791,31.38893,17.41452,53,236,275,35,74,257,21700.0,35600.0,47400.0,106302.00000000004,11891400.0,1.0,1.0,0.1403,24.0,54.0,5958.0
4,32,214.56833,333,654,4554.771122751082,13.71225,79.10806,24.59992,24.36917,0.00254,0.00022,0.00268,0.0,0.55171,6589.34495,31.08398,18.58985,55,231,278,55,102,278,22400.0,36600.0,49100.0,109904.00000000009,12280700.0,1.0,1.0,0.1544,25.0,56.0,6153.0
4,33,218.99144,317,692,4477.0773638968485,15.28576,99.3737,25.27836,25.04761,0.00205,0.00022,0.00216,0.0,0.64144,8569.40059,37.45819,24.44242,49,231,294,23,86,268,23100.0,37700.0,50400.0,113704.00000000009,12658700.0,1.0,1.0,0.1754,26.0,57.0,6343.0
4,34,223.05635,334,706,4388.274530454625,11.7382,78.72909,26.19618,25.97419,0.00128,0.00022,0.00128,0.0,0.60551,6320.17835,30.92641,17.61584,54,236,296,38,98,280,23800.0,38900.0,52200.0,116706.00000000013,13035900.0,1.0,1.0,0.1936,27.0,59.0,6532.0
4,35,227.98965,351,722,4294.979169351029,12.63858,80.27968,26.79179,26.56104,0.00093,0.00022,0.00094,0.0,0.60989,6583.04974,32.36809,18.26554,50,238,319,32,113,301,24400.0,39900.0,53704.99999999993,121102.00000000004,13417900.0,1.0,1.0,0.2143,27.0,61.0,6723.0
4,36,237.13654,351,680,4129.671691100558,13.67089,82.69187,27.74377,27.51302,0.00074,0.00022,0.00074,0.0,0.80521,7169.24265,33.53237,21.7709,54,237,306,45,114,297,25100.0,41100.0,55100.0,123806.00000000013,13804700.0,1.0,1.0,0.2382,28.0,63.0,6917.0
4,37,245.03215,366,786,4007.052412245552,14.37484,80.80173,28.63866,28.41668,0.0003,0.00011,0.0003,0.0,0.97563,6172.51003,34.07632,15.11747,54,248,319,47,118,312,25800.0,42010.00000000004,56800.0,127011.00000000023,14177300.0,1.0,1.0,0.2624,29.0,64.0,7103.0
4,38,248.70288,361,798,3944.306393720664,15.37639,81.85573,29.25498,29.02424,0.0002,0.00011,0.00021,0.0,0.81436,6042.54438,36.17986,12.65837,54,239,317,44,122,307,26500.0,43200.0,58200.0,130010.00000000022,14555900.0,1.0,1.0,0.2888,30.0,66.0,7293.0
4,39,247.92219,358,713,3957.261574990107,18.24037,83.5827,29.70024,29.46076,0.00038,0.00033,0.00042,0.0,0.8124,7524.85532,36.8725,20.88926,53,277,331,27,81,305,27100.0,44300.0,59604.99999999993,134000.0,14937400.0,1.0,1.0,0.3168,30.0,68.0,7484.0
4,40,248.21435,356,757,3955.0704002531247,17.82096,84.18911,29.97329,29.74282,0.00012,0.00022,0.00012,0.0,0.90543,5205.55599,37.58553,12.6632,55,295,332,24,61,301,27700.0,45300.0,61100.0,136406.00000000012,15312400.0,1.0,1.0,0.3418,31.0,69.0,7672.0
4,41,259.20301,371,872,3794.202458643193,21.52638,85.50411,31.08065,30.84114,0.00013,0.00022,0.00012,0.0,0.81536,8302.78459,40.18351,25.83048,55,290,337,34,81,316,28400.0,46600.0,62304.99999999993,139809.0000000002,15695300.0,1.0,1.0,0.3661,32.0,71.0,7864.0
4,42,260.96253,386,847,3763.501561853149,21.73407,86.91324,30.92198,30.68247,4e-05,0.00022,4e-05,0.0,0.86668,8487.9315,42.0806,26.4454,51,297,350,36,89,335,29100.0,47700.0,63900.0,143505.00000000012,16079900.0,1.0,1.0,0.3918,33.0,72.0,8057.0
4,43,266.55638,390,852,3690.036900369004,19.21303,87.8695,31.96298,31.72347,5e-05,0.00022,6e-05,0.0,0.86346,7474.29695,41.811,18.369,53,300,350,40,90,337,29800.0,48800.0,65200.0,146619.0000000004,16459100.0,1.0,1.0,0.4168,33.0,74.0,8247.0
4,44,283.9645,417,984,3467.5266132667566,20.51418,90.12914,33.33159,33.08331,6e-05,0.00033,6e-05,0.0,0.88158,7751.73328,42.81874,19.68319,54,299,369,48,118,363,30400.0,49900.0,66500.0,149709.0000000002,16846000.0,1.0,1.0,0.4416,34.0,76.0,8440.0
4,45,274.15849,394,856,3588.860178007465,23.28972,87.83141,32.68772,32.43944,6e-05,0.00033,6e-05,0.0,0.89094,8684.23205,43.88498,26.64216,55,308,370,24,86,339,31100.0,51000.0,68200.0,153102.00000000006,17228600.0,1.0,1.0,0.4665,35.0,77.0,8632.0
4,46,284.99903,445,1004,3454.47008428907,31.71423,88.99348,33.14084,32.89256,6e-05,0.00033,6e-05,0.0,1.10709,9883.14806,48.33489,31.38997,50,308,385,60,137,395,31800.0,52100.0,69400.0,156208.00000000017,17616300.0,1.0,1.0,0.4912,35.0,79.0,8826.0
4,47,303.4826,499,1468,3239.07621546335,34.94969,95.0578,34.19209,33.95883,4e-05,0.00022,4e-05,0.0,1.26909,9644.07308,49.83744,29.92265,55,308,375,124,191,444,32400.0,53200.0,71100.0,158913.0000000003,17997400.0,1.0,1.0,0.5125,36.0,80.0,9017.0
4,48,318.5169,528,1532,3095.7835428146864,36.02521,96.44847,35.37667,35.13395,4e-05,0.00022,4e-05,0.0,1.37715,10069.68705,50.7309,29.8586,50,313,388,140,215,478,33100.0,54310.00000000004,72404.99999999993,162514.0000000003,18384300.0,1.0,1.0,0.5369,37.0,82.0,9211.0
4,49,305.03741,460,1172,3225.182222795588,34.71664,91.59082,35.24172,35.01138,4e-05,0.00022,4e-05,0.0,1.23385,9837.35637,51.12944,30.66135,54,320,393,67,140,406,33700.0,55610.00000000004,74300.0,165816.00000000035,18774300.0,1.0,1.0,0.5685,38.0,84.0,9406.0
4,50,300.13812,442,1062,3279.441183222379,27.80713,92.36144,35.41869,35.16847,6e-05,0.00033,6e-05,0.0,1.13549,9987.721,49.58053,32.40345,48,325,391,51,117,394,34400.0,56700.0,75700.0,169304.0000000001,19156100.0,1.0,1.0,0.602,38.0,85.0,9598.0
4,51,313.6732,449,1089,3140.4076249097134,30.48104,92.98104,36.64035,36.40132,4e-05,0.00022,4e-05,0.0,1.15746,9967.13588,52.29793,30.50593,54,325,399,50,124,395,35100.0,57800.0,77200.0,172200.0,19543600.0,1.0,1.0,0.6423,39.0,87.0,9792.0
4,52,314.1191,453,1117,3136.5660874474625,41.10503,100.0818,36.93213,36.68856,4e-05,0.00022,4e-05,0.0,1.19209,10973.00271,55.85278,36.19251,55,328,408,45,125,398,35700.0,58900.0,78900.0,176402.00000000006,19927800.0,1.0,1.0,0.6893,40.0,89.0,9984.0
4,53,306.69586,447,1064,3209.3456144292177,41.28272,101.4825,36.60656,36.35525,4e-05,0.00022,4e-05,0.0,1.19367,11122.11719,55.86958,35.8134,51,335,412,35,112,396,36400.0,60000.0,80304.99999999993,180104.0000000001,20304600.0,1.0,1.0,0.741,41.0,91.0,10173.0
4,54,341.12441,551,1708,2892.9325657418926,36.61475,94.38791,38.25741,38.00284,6e-05,0.00033,6e-05,0.0,1.28564,10835.02243,56.13203,35.57909,55,334,424,127,217,496,37000.0,61100.0,81809.99999999985,182514.0000000003,20689100.0,1.0,1.0,0.7939,41.0,92.0,10366.0
4,55,338.30997,517,1573,2913.7529137529136,38.56166,94.99586,38.61678,38.37787,4e-05,0.00022,4e-05,0.0,1.27751,11305.23543,58.16942,38.15372,50,340,426,91,177,467,37700.0,62300.0,83404.99999999993,185518.0000000004,21076900.0,1.0,1.0,0.8409,42.0,93.0,10560.0
4,56,330.04516,495,1411,2988.9111396718176,41.60347,98.68411,38.78868,38.53326,4e-05,0.00022,4e-05,0.0,1.25021,11570.35784,58.49513,38.21002,51,344,427,68,151,444,38400.0,63410.00000000004,85104.99999999993,189420.00000000044,21455900.0,1.0,1.0,0.8866,43.0,95.0,10750.0
4,57,357.08847,551,1867,2763.65244306876,30.9979,97.27999,40.2399,39.97059,6e-05,0.00033,6e-05,0.0,1.22641,11162.8218,57.08537,37.49004,54,346,440,111,205,497,39100.0,64400.0,86504.99999999993,192123.0000000005,21840300.0,1.0,1.0,0.9198,44.0,97.0,10943.0
4,58,372.0004,631,1738,2655.901412939552,34.69319,96.48856,41.13074,40.88167,4e-05,0.00022,4e-05,0.0,1.35274,11268.99071,58.4079,38.2321,55,350,447,184,281,576,39700.0,65600.0,88009.99999999985,195118.0000000004,22216900.0,1.0,1.0,0.9509,45.0,98.0,11131.0
4,59,403.75146,832,2647,2447.4412002251647,36.27863,97.90348,41.50864,41.25249,4e-05,0.00022,4e-05,0.0,1.56381,11604.55049,59.75871,39.2532,53,358,453,379,474,779,40300.0,66700.0,89609.99999999985,198821.00000000047,22604300.0,1.0,1.0,0.9693,45.0,100.0,11325.0
4,60,389.26254,711,2235,2535.8827407820663,34.90985,97.69086,41.94965,41.69446,6e-05,0.00033,6e-05,0.0,1.46645,11627.98622,60.52232,39.72438,50,360,454,257,351,661,41000.0,67910.00000000003,90809.99999999985,202711.00000000023,22995000.0,1.0,1.0,0.9808,46.0,102.0,11521.0
4,61,380.01455,589,1663,2598.88767607464,39.514,98.52551,43.04833,42.78491,6e-05,0.00033,6e-05,0.0,1.47056,12069.04699,63.03942,41.35138,49,366,462,127,223,540,41700.0,69000.0,92604.99999999993,206515.00000000032,23378200.0,1.0,1.0,0.9899,47.0,104.0,11713.0
4,62,367.14898,606,1625,2687.016337059329,40.1682,98.22242,42.01925,41.74469,6e-05,0.00033,6e-05,0.0,1.4726,12088.3033,63.63371,41.67536,51,369,469,137,237,555,42300.0,70100.0,94400.0,208935.00000000076,23758900.0,1.0,1.0,0.9945,48.0,105.0,11904.0
4,63,351.74794,518,1216,2798.9252127183163,41.37689,100.14098,42.4841,42.21874,4e-05,0.00022,4e-05,0.0,1.41327,12264.577,64.88596,42.55973,55,396,472,46,122,463,43000.0,71110.00000000003,95604.99999999993,212538.00000000081,24145200.0,1.0,1.0,0.9974,48.0,107.0,12097.0
4,64,358.38194,526,1298,2756.1876412546167,44.88502,99.88578,43.27739,43.01203,6e-05,0.00033,6e-05,0.0,1.42064,12587.35985,66.09713,43.30443,51,405,489,37,121,475,43700.0,72300.0,97104.99999999993,216228.0000000006,24525300.0,1.0,1.0,0.999,49.0,109.0,12288.0
4,65,376.94148,530,1333,2618.2808368025558,48.62692,100.03812,44.71326,44.43926,6e-05,0.00033,6e-05,0.0,1.43429,12652.87382,68.96832,43.88966,47,412,487,43,118,483,44300.0,73310.00000000003,98504.99999999993,219632.0000000007,24915200.0,1.0,1.0,0.9995,50.0,111.0,12483.0
4,66,421.06841,782,2719,2345.3807725684264,50.53147,103.03243,45.24594,44.98088,4e-05,0.00022,4e-05,0.0,1.58811,12858.72554,69.20011,44.45855,55,414,501,281,368,727,45000.0,74500.0,100000.0,223422.00000000047,25289400.0,1.0,1.0,0.9999,51.0,112.0,12671.0
4,67,398.56517,648,2253,2478.007681823813,48.75698,101.52525,45.24439,44.9708,6e-05,0.00033,6e-05,0.0,1.52653,13040.81451,69.51954,45.60232,54,416,508,140,232,594,45700.0,75500.0,101509.99999999985,226430.00000000064,25663800.0,1.0,1.0,1.0,51.0,114.0,12858.0
4,68,398.79354,690,2257,2476.90288063805,47.90565,101.72083,45.25622,44.98209,4e-05,0.00022,4e-05,0.0,1.5668,13172.41687,71.17993,46.71741,54,421,503,187,269,636,46400.0,76500.0,103200.0,230322.00000000047,26042500.0,1.0,1.0,1.0,52.0,116.0,13048.0
4,69,425.92576,708,2373,2322.4487900041804,46.52118,103.28312,47.62984,47.34773,6e-05,0.00033,6e-05,0.0,1.56465,12831.00015,69.61241,44.65094,48,428,509,199,280,660,47000.0,77800.0,104700.0,233217.00000000038,26408500.0,1.0,1.0,1.0,53.0,117.0,13231.0
4,70,454.72286,899,2797,2176.6575247050628,42.52042,102.99222,47.6168,47.33469,6e-05,0.00033,6e-05,0.0,1.69635,12982.77328,69.92747,45.94213,54,403,519,380,496,845,47700.0,79000.0,106609.99999999985,236120.00000000044,26791500.0,1.0,1.0,1.0,54.0,119.0,13423.0
4,71,501.78209,1183,4151,1971.9587466230207,53.79887,103.36294,46.73517,46.45226,6e-05,0.00033,6e-05,0.0,1.94427,13803.08959,74.86028,49.03579,50,409,518,665,774,1133,48400.0,80000.0,107909.99999999985,239413.0000000003,27166600.0,1.0,1.0,1.0,55.0,120.0,13611.0
4,72,534.92186,1368,4395,1851.200503526537,52.86181,103.1696,48.33317,48.05106,6e-05,0.00033,6e-05,0.0,1.98378,13700.61762,74.58418,48.86673,46,408,526,842,960,1322,49000.0,81000.0,109304.99999999993,243107.00000000015,27549300.0,1.0,1.0,1.0,55.0,122.0,13803.0
4,73,547.39065,1442,4603,1809.1034083508212,55.67489,105.09854,49.54403,49.26112,6e-05,0.00033,6e-05,0.0,2.05199,13972.27295,76.0905,49.87711,54,415,531,911,1027,1388,49700.0,82200.0,110800.0,246204.0000000001,27928400.0,1.0,1.0,1.0,56.0,124.0,13993.0
4,74,531.24091,1161,4431,1863.1341642911707,54.8748,103.01863,49.26948,48.97861,6e-05,0.00033,6e-05,0.0,1.98789,13910.62814,76.40069,50.1117,55,418,536,625,743,1106,50400.0,83400.0,112404.99999999993,250206.00000000012,28296100.0,1.0,1.0,1.0,57.0,126.0,14177.0
4,75,455.4293,759,2665,2173.7240239979133,51.90749,106.27835,51.29689,51.01478,6e-05,0.00033,6e-05,0.0,1.71938,13971.45004,76.91907,50.49497,55,425,552,207,334,704,51100.0,84500.0,113904.99999999993,252906.00000000012,28678800.0,1.0,1.0,1.0,58.0,127.0,14369.0
4,76,454.88498,746,2551,2174.149364061311,48.81992,107.05414,51.26912,50.97825,6e-05,0.00033,6e-05,162.36303,1.72021,13866.92995,76.22719,50.07817,49,427,558,188,319,697,51800.0,85610.00000000003,115404.99999999993,255911.00000000023,29068800.0,1.0,1.0,1.0,58.0,129.0,14564.0
4,77,432.1639,612,1511,2289.32487809345,71.19712,124.0294,52.22251,51.92288,6e-05,0.00033,6e-05,294.67059,1.69012,15088.50414,83.94946,55.1796,54,427,557,55,185,558,52400.0,86710.00000000003,117100.0,258905.00000000012,29453900.0,1.0,1.0,1.0,59.0,130.0,14757.0
4,78,492.63552,907,3337,2010.0502512562812,59.40541,148.68536,52.3575,52.04911,6e-05,0.00033,6e-05,331.24065,1.84079,15535.23828,86.09069,56.63585,47,430,578,329,477,860,53100.0,87800.0,118304.99999999993,261911.00000000023,29841500.0,1.0,1.0,1.0,60.0,132.0,14951.0
4,79,520.86017,984,3981,1901.8999980981,62.20106,147.18057,52.92181,52.61342,6e-05,0.00033,6e-05,335.54079,1.92176,15466.37705,86.46587,56.88138,49,497,574,410,487,935,53800.0,88800.0,119909.99999999985,265009.0000000002,30228900.0,1.0,1.0,1.0,61.0,133.0,15145.0
4,80,524.1864,1011,3745,1890.3949034953405,65.01537,111.92131,52.85144,52.55181,6e-05,0.00033,6e-05,339.83094,1.93572,15092.99597,85.30481,55.86943,53,502,589,422,509,958,54400.0,89900.0,121309.99999999985,269210.00000000023,30615400.0,1.0,1.0,1.0,61.0,135.0,15339.0
4,81,569.96617,1241,4439,1739.372434425659,62.76677,109.61192,53.94304,53.64341,6e-05,0.00033,6e-05,344.12442,2.0433,15073.96936,85.27531,55.85206,53,491,583,658,750,1188,55100.0,91000.0,122700.0,272511.00000000023,31002200.0,1.0,1.0,1.0,62.0,137.0,15533.0
4,82,539.6474,1076,3693,1835.2327992805888,61.92195,109.87154,54.88952,54.58989,6e-05,0.00033,6e-05,348.27027,1.96191,14898.02708,84.60985,54.71312,49,497,597,479,579,1027,55700.0,92100.0,123914.99999999978,276401.0,31375700.0,1.0,1.0,1.0,63.0,139.0,15720.0
4,83,598.2797,1586,5111,1657.165583985152,68.96706,114.50636,53.79781,53.49818,6e-05,0.00033,6e-05,352.56819,2.24175,15612.98833,88.83903,57.97272,52,501,599,987,1085,1534,56300.0,93400.0,125409.99999999985,279501.0,31762900.0,1.0,1.0,1.0,63.0,141.0,15914.0
4,84,608.34401,1578,5159,1630.151278038602,63.20184,108.07447,55.5656,55.25721,6e-05,0.00033,6e-05,356.83059,2.24207,14960.42624,85.865,54.8566,50,504,608,970,1074,1528,57000.0,94500.0,126800.0,282515.00000000035,32146900.0,1.0,1.0,1.0,64.0,142.0,16106.0
4,85,589.5482,1186,4731,1681.3504606900262,62.43547,112.8534,55.7821,55.47788,6e-05,0.00033,6e-05,361.18512,2.16396,15409.83017,88.72933,57.91261,54,502,612,574,684,1132,57600.0,95600.0,128309.99999999985,286119.0000000004,32539200.0,1.0,1.0,1.0,65.0,144.0,16303.0
4,86,568.43275,1112,4263,1744.226609921161,60.37528,111.68091,57.13435,56.82596,6e-05,0.00033,6e-05,365.48637,2.08817,15216.28029,87.07672,57.21101,51,509,609,503,603,1061,58300.0,96610.00000000003,129914.99999999978,288925.0000000005,32926700.0,1.0,1.0,1.0,66.0,145.0,16497.0
4,87,678.59197,1613,5791,1460.2590499554622,72.58063,117.88041,57.01396,56.70975,4e-05,0.00022,4e-05,369.64554,2.29876,15891.3141,91.59023,58.89073,52,520,626,987,1093,1561,58900.0,97800.0,131209.99999999985,292323.0000000005,33301400.0,1.0,1.0,1.0,66.0,147.0,16685.0
4,88,568.05341,967,4071,1744.5004622926226,70.51553,115.71798,58.84997,58.55452,4e-05,0.00022,4e-05,373.84578,2.04648,15686.3061,92.31591,58.07364,53,524,634,333,443,914,59550.0,98700.0,132804.99999999994,295930.00000000064,33679800.0,1.0,1.0,1.0,67.0,149.0,16874.0
4,89,484.51202,677,1572,2041.5662896574247,79.21851,125.07455,58.34695,58.03397,6e-05,0.00033,6e-05,378.12372,1.89335,16401.38174,95.72021,61.70797,55,528,639,38,149,622,60300.0,100000.0,134409.99999999985,299829.00000000064,34065200.0,1.0,1.0,1.0,68.0,151.0,17067.0
4,90,488.47014,686,1773,2027.616131713944,74.31711,117.51831,58.67886,58.37047,6e-05,0.00033,6e-05,382.46826,1.87475,16179.05861,96.13021,60.3753,50,530,645,41,156,636,60800.0,101100.0,135729.99999999956,303035.00000000076,34456600.0,1.0,1.0,1.0,69.0,152.0,17263.0
4,91,538.2308,900,3341,1840.502088969871,74.85514,116.9082,59.43978,59.12263,6e-05,0.00033,6e-05,386.69181,2.00791,16228.75794,95.3592,62.37778,50,537,653,247,363,850,61600.0,102200.0,137814.99999999977,307323.0000000005,34837100.0,1.0,1.0,1.0,70.0,154.0,17454.0
4,92,591.04825,965,3883,1678.0212773097962,71.1788,115.21551,61.0939,60.78551,6e-05,0.00033,6e-05,390.85764,2.02987,16044.08873,95.20148,60.07468,49,537,657,308,428,916,62200.0,103500.0,139314.99999999977,311917.00000000035,35212400.0,1.0,1.0,1.0,70.0,157.0,17642.0
4,93,595.00856,1022,3763,1665.972511453561,70.04947,116.26118,60.95589,60.6475,6e-05,0.00033,6e-05,395.06232,2.07403,15978.63533,95.82417,60.25771,54,539,664,358,483,968,62900.0,104500.0,140709.99999999985,315616.00000000035,35591200.0,1.0,1.0,1.0,71.0,159.0,17832.0
4,94,777.3592,1986,7355,1277.791975466394,77.1397,116.10441,62.01137,61.69422,6e-05,0.00033,6e-05,399.44127,2.44503,16598.12762,99.37189,64.50101,52,541,665,1321,1445,1934,63500.0,105410.00000000003,142209.99999999985,319225.0000000005,35985700.0,1.0,1.0,1.0,72.0,160.0,18029.0
4,95,857.84701,3361,7523,1157.9837187489145,89.14651,140.70673,61.84818,61.51351,6e-05,0.00033,6e-05,403.53273,2.79132,16650.70647,100.97387,61.98098,53,552,674,2687,2809,3308,64200.0,106610.00000000003,143604.99999999994,322716.00000000035,36354300.0,1.0,1.0,1.0,72.0,162.0,18214.0
4,96,721.90078,1527,6667,1374.324862911095,77.47213,164.19023,62.92443,62.6027,4e-05,0.00022,4e-05,407.76072,2.40631,17494.44136,103.74852,68.30411,52,558,678,849,969,1475,64800.0,107800.0,145209.99999999985,327007.0000000002,36735200.0,1.0,1.0,1.0,73.0,164.0,18405.0
4,97,831.95234,2507,7331,1194.5861356333098,78.70266,119.64301,65.4446,65.12206,6e-05,0.00033,6e-05,411.9876,2.59278,16596.95358,101.66926,62.19802,53,552,681,1826,1955,2454,65500.0,108800.0,146714.99999999977,330312.00000000023,37116000.0,1.0,1.0,1.0,74.0,166.0,18596.0
4,98,716.97194,2205,6063,1383.7383074113025,83.09899,123.90112,63.65978,63.34681,4e-05,0.00022,4e-05,416.17008,2.69229,16772.87684,102.95369,62.6426,53,557,705,1500,1648,2152,66200.0,109900.0,148109.99999999985,333809.0000000002,37492800.0,1.0,1.0,1.0,75.0,168.0,18784.0
4,99,753.78855,1739,6683,1317.8182201547118,88.70789,128.74927,63.56542,63.22995,6e-05,0.00033,6e-05,420.39696,2.59817,16806.83583,105.37484,61.91484,53,573,694,1045,1166,1686,66800.0,111100.0,149704.99999999994,337706.0000000001,37873600.0,1.0,1.0,1.0,76.0,170.0,18975.0
4,100,715.50714,1312,6235,1387.3473917869037,84.18932,123.23585,63.76568,63.43977,6e-05,0.00033,6e-05,424.54836,2.46333,16451.80629,102.98996,60.5924,47,570,702,610,742,1265,67400.0,112100.0,151500.0,341802.00000000006,38247600.0,1.0,1.0,1.0,76.0,172.0,19163.0
5,1,42.54177,60,121,21565.66745740781,0.0,5.60688,1.99606,1.7916,0.00112,0.00011,0.00102,0.0,0.0,23.05174,0.34841,0.0,43,55,58,2,5,17,1700.0,2300.0,2600.0,4600.0,385300.0,0.1907,0.0056,0.0021,2.0,3.0,194.0
5,2,56.19246,73,142,16666.666666666668,0.0,13.77653,3.97148,3.76702,0.00146,0.00011,0.00142,0.0,0.0,14.92244,0.2028,1e-05,48,66,66,7,7,25,2400.0,3400.0,4100.0,7800.0,770700.0,0.7747,0.0096,0.0033,3.0,4.0,387.0
5,3,61.28483,85,183,15372.790161414296,0.0,23.50368,6.08707,5.87384,0.00364,0.00022,0.00344,0.0,0.00151,120.79365,1.80056,0.00194,47,72,73,12,13,38,3100.0,4500.0,5700.0,11301.000000000022,1157700.0,0.9799,0.0222,0.005,3.0,6.0,581.0
5,4,66.32832,91,200,14257.1998859424,0.0,26.46421,7.14137,6.93691,0.00218,0.00011,0.00212,0.0,5e-05,65.46707,1.0148,0.00106,45,80,82,9,11,46,3800.0,5600.0,7200.0,14701.000000000022,1531400.0,0.9991,0.0388,0.0055,4.0,8.0,768.0
5,5,75.66179,102,224,12578.616352201258,0.0,31.02494,8.25019,8.04573,0.00252,0.00011,0.00242,0.0,0.0,276.92478,1.8981,0.31609,49,81,89,13,21,53,4500.0,6700.0,8600.0,18101.000000000022,1899900.0,1.0,0.0596,0.0058,5.0,10.0,952.0
5,6,80.14402,108,234,11924.636298592894,0.0,33.85725,9.13448,8.93002,0.00272,0.00011,0.00272,0.0,0.00069,214.20015,1.47299,0.26576,44,91,97,11,17,64,5100.0,7800.0,10100.0,21600.0,2284100.0,1.0,0.0911,0.0065,6.0,11.0,1145.0
5,7,81.96634,116,255,11663.167716351762,0.0,40.62713,10.31324,10.10001,0.006,0.00022,0.0059,0.0,0.00076,1068.41093,3.5935,1.32181,45,95,98,18,21,71,5800.0,9000.0,11600.0,25101.000000000022,2664700.0,1.0,0.1483,0.0075,6.0,13.0,1336.0
5,8,93.39708,126,285,10285.949393128984,0.0,43.41271,11.0412,10.82797,0.00643,0.00022,0.00633,0.0,0.00081,1342.74563,4.21226,1.87137,48,93,112,14,33,78,6500.0,10100.0,13100.0,28600.0,3051000.0,1.0,0.2337,0.0081,7.0,15.0,1529.0
5,9,97.74421,132,276,9832.84169124877,0.0,44.48157,11.46487,11.25164,0.00674,0.00022,0.00666,0.0,0.00083,943.58051,4.78549,1.14491,47,106,112,20,26,85,7100.0,11200.0,14600.0,31700.0,3439300.0,1.0,0.3385,0.0099,8.0,16.0,1724.0
5,10,95.45945,137,301,10078.613182826042,0.0,47.7932,11.83259,11.61936,0.00704,0.00022,0.00699,0.0,0.00087,1264.5802,5.69706,1.73515,47,106,124,13,31,90,7800.0,12300.0,16100.0,35502.000000000044,3828100.0,1.0,0.4546,0.012,9.0,18.0,1918.0
5,11,101.27208,146,313,9509.319132750095,0.0,42.89705,11.72388,11.51942,0.00364,0.00011,0.00362,0.0,0.0009,521.69129,3.29505,0.66852,46,112,127,19,34,100,8500.0,13400.0,17600.0,39400.0,4220000.0,1.0,0.5889,0.0142,9.0,20.0,2115.0
5,12,111.83519,154,338,8643.042350907519,0.0,51.41638,12.76358,12.55035,0.00749,0.00022,0.00744,0.0,0.00095,2273.48849,9.44814,3.92063,43,113,135,19,41,111,9100.0,14500.0,19204.999999999927,42404.00000000009,4597500.0,1.0,0.7314,0.0165,10.0,22.0,2304.0
5,13,117.12379,163,369,8259.684480052862,0.0,52.22992,13.12322,12.90999,0.00768,0.00022,0.00765,0.0,0.00096,2740.83773,9.94379,5.94253,48,116,134,29,47,115,9800.0,15600.0,20504.999999999927,45309.0000000002,4983900.0,1.0,0.8598,0.0211,11.0,23.0,2497.0
5,14,121.59833,168,358,7962.417389919579,0.0,52.49972,13.41871,13.20548,0.00784,0.00022,0.00784,0.0,0.00173,2568.29252,9.9754,5.57954,43,120,148,20,48,125,10500.0,16700.0,22100.0,49301.00000000002,5374700.0,1.0,0.9407,0.0259,12.0,25.0,2693.0
5,15,129.64428,183,378,7490.075649764062,0.0,53.86812,14.01206,13.79883,0.00804,0.00022,0.00803,0.0,0.00336,1967.42034,10.74856,3.37614,47,124,161,22,59,136,11100.0,17700.0,23500.0,52805.00000000011,5765800.0,1.0,0.9821,0.0293,12.0,27.0,2889.0
5,16,134.17129,190,398,7240.081088908196,0.0,55.81228,14.43604,14.22281,0.00816,0.00022,0.00811,0.0,0.00216,2606.62211,11.91076,4.74245,45,132,166,24,58,145,11800.0,18900.0,25200.0,56401.00000000002,6156700.0,1.0,0.9952,0.0324,13.0,29.0,3085.0
5,17,132.64688,192,402,7311.544929443591,0.50696,60.66561,14.47841,14.26702,0.00825,0.00022,0.00824,0.0,0.06079,3810.60558,15.19326,8.10727,48,159,164,28,33,144,12500.0,20000.0,26600.0,59502.000000000044,6536900.0,1.0,0.9982,0.0348,14.0,30.0,3275.0
5,18,140.45001,200,410,6924.248719013987,0.09032,60.90023,15.16817,14.95494,0.00838,0.00022,0.00835,0.0,0.05222,3328.07031,14.36666,8.1398,47,135,173,27,65,153,13100.0,21100.0,28100.0,62704.00000000009,6926100.0,1.0,0.9997,0.0383,15.0,32.0,3470.0
5,19,146.16923,210,431,6659.563132658498,2.42921,63.40297,15.82277,15.60954,0.00843,0.00022,0.00843,0.0,0.27623,3798.439,18.1453,8.75326,47,189,176,34,21,163,13800.0,22200.0,29504.999999999927,66302.00000000004,7315600.0,1.0,1.0,0.0431,15.0,34.0,3666.0
5,20,148.84847,208,444,6542.361792607131,0.21581,60.87973,16.64423,16.42224,0.00848,0.00022,0.00848,0.0,0.09318,3221.62346,14.88276,6.41685,44,163,186,22,45,164,14400.0,23300.0,31000.0,69601.00000000003,7698500.0,1.0,1.0,0.0475,16.0,35.0,3857.0
5,21,155.61149,230,468,6260.172780768749,3.37934,67.44159,17.33023,17.10824,0.0086,0.00022,0.00857,0.0,0.26294,4740.44626,20.01308,10.73811,48,166,205,25,64,182,15100.0,24400.0,32504.999999999927,73501.00000000003,8081000.0,1.0,1.0,0.0512,17.0,37.0,4049.0
5,22,160.03719,231,488,6094.959468519534,1.56112,62.7578,17.98893,17.76694,0.00866,0.00022,0.00863,0.0,0.1966,4403.18762,16.88032,10.41868,48,155,203,28,76,183,15800.0,25410.000000000036,34100.0,76607.00000000015,8463600.0,1.0,1.0,0.0572,18.0,39.0,4241.0
5,23,168.62697,236,519,5784.359093012495,5.69816,67.41306,19.00165,18.77966,0.0087,0.00022,0.00868,0.0,0.36371,4813.37432,22.32716,12.77214,48,170,204,32,66,188,16400.0,26600.0,35604.99999999993,80101.00000000003,8853200.0,1.0,1.0,0.0622,18.0,41.0,4436.0
5,24,170.6123,245,524,5728.361115884745,7.42654,68.23337,19.54982,19.32783,0.00878,0.00022,0.00876,0.0,0.40827,5147.48444,23.83628,12.03411,49,163,213,32,82,196,17100.0,27610.000000000036,36909.999999999854,83104.00000000009,9229500.0,1.0,1.0,0.0684,19.0,42.0,4624.0
5,25,170.7863,252,537,5717.552887364208,7.89312,68.75717,19.91879,19.70803,0.00882,0.00022,0.00882,0.0,0.421,5618.57218,24.35186,15.27847,49,181,220,32,71,203,17800.0,28800.0,38600.0,87101.00000000003,9602900.0,1.0,1.0,0.0758,20.0,44.0,4812.0
5,26,174.89575,251,545,5590.965000559097,5.16302,66.40173,20.72862,20.50663,0.00884,0.00022,0.00886,0.0,0.35304,5177.84097,20.58798,13.02225,47,186,224,27,65,204,18400.0,29900.0,39904.99999999993,90103.00000000006,9982400.0,1.0,1.0,0.0832,20.0,46.0,5002.0
5,27,180.71029,265,524,5414.771496642842,10.16044,72.31556,21.49607,21.27408,0.00889,0.00022,0.00888,0.0,0.63686,5412.1505,27.60832,12.95967,45,181,230,35,84,220,19100.0,31000.0,41504.99999999993,93503.00000000006,10363700.0,1.0,1.0,0.091,21.0,47.0,5193.0
5,28,181.42544,266,577,5391.998274560552,11.46338,66.38294,22.18847,21.96648,0.00853,0.00022,0.00861,0.0,0.54572,4786.33697,27.18653,11.44972,47,189,244,22,77,219,19800.0,32100.0,42900.0,97003.00000000006,10749100.0,1.0,1.0,0.101,22.0,49.0,5386.0
5,29,187.4543,270,567,5222.204814872839,12.56656,94.21687,22.67302,22.45177,0.00723,0.00022,0.00738,0.0,0.59168,7444.38484,33.10923,21.35988,46,194,246,24,76,224,20400.0,33300.0,44504.99999999993,99405.00000000012,11130500.0,1.0,1.0,0.1129,23.0,50.0,5577.0
5,30,196.24163,282,590,4990.518015770037,10.55269,78.62522,24.01007,23.77932,0.00454,0.00022,0.00476,0.0,0.53624,5581.44786,29.59707,13.18933,50,198,253,29,84,232,21100.0,34400.0,46004.99999999993,102706.00000000013,11522900.0,1.0,1.0,0.1255,24.0,52.0,5773.0
5,31,193.21457,287,592,5074.854097944684,12.65881,95.82558,23.90999,23.67924,0.00357,0.00022,0.00377,0.0,0.56687,8183.80883,34.42835,22.45469,43,213,253,34,74,244,21800.0,35500.0,47300.0,106201.00000000003,11915300.0,1.0,1.0,0.14,24.0,54.0,5970.0
5,32,200.57922,288,595,4892.846658185733,10.09774,77.13895,24.93582,24.7226,0.00114,0.00011,0.00116,0.0,0.61544,4570.68169,28.21338,9.54974,45,212,267,21,76,243,22500.0,36600.0,48700.0,109308.00000000017,12290800.0,1.0,1.0,0.156,25.0,55.0,6158.0
5,33,204.17607,289,586,4808.385824878588,14.24284,98.66823,25.86554,25.63479,0.00192,0.00022,0.00199,0.0,0.59961,7392.94548,37.07794,14.60062,48,219,267,22,70,241,23100.0,37700.0,50214.99999999978,112215.00000000032,12679300.0,1.0,1.0,0.1745,26.0,57.0,6353.0
5,34,204.33523,294,584,4803.535402055913,11.77813,78.63948,26.2646,26.04262,0.00065,0.00011,0.00067,0.0,0.62926,5153.04127,30.65557,10.44911,46,224,276,18,70,248,23800.0,38800.0,52100.0,116409.0000000002,13062600.0,1.0,1.0,0.1939,27.0,59.0,6545.0
5,35,210.95325,308,653,4652.461151949381,15.76818,101.4778,26.67339,26.44264,0.00106,0.00022,0.00109,0.0,0.65064,8819.22087,38.36001,25.06023,50,222,280,28,86,258,24400.0,39900.0,53500.0,120305.00000000012,13446800.0,1.0,1.0,0.2151,27.0,61.0,6737.0
5,36,229.95908,322,616,4281.92172647084,17.13262,103.60854,28.60849,28.37903,0.00078,0.00022,0.00081,0.0,0.88896,8334.46718,40.46639,23.25249,47,222,286,36,100,275,25100.0,41100.0,54904.99999999993,124110.00000000022,13836200.0,1.0,1.0,0.239,28.0,63.0,6932.0
5,37,217.89182,321,727,4510.803374080924,14.15596,80.4591,27.93126,27.70927,0.00018,0.00011,0.00019,0.0,0.96867,5190.77656,33.59562,11.34024,48,224,295,26,97,273,25750.0,42200.0,56700.0,127700.0,14216300.0,1.0,1.0,0.2639,29.0,64.0,7123.0
5,38,223.67243,324,702,4395.604395604396,14.9171,81.45612,28.94405,28.72207,0.00013,0.00011,0.00013,0.0,0.85592,6465.68361,35.12691,16.72213,45,227,296,28,97,279,26400.0,43200.0,57904.99999999993,130903.00000000006,14595400.0,1.0,1.0,0.2905,30.0,66.0,7313.0
5,39,231.19414,330,727,4250.797024442083,22.10024,97.53554,29.32531,29.09456,0.0002,0.00022,0.00021,0.0,0.90073,8736.4399,41.77398,25.2744,45,261,302,28,69,285,27100.0,44410.00000000004,59300.0,134200.0,14981100.0,1.0,1.0,0.3164,30.0,68.0,7506.0
5,40,228.40194,336,749,4312.761461163583,22.58818,98.86156,29.71466,29.48965,0.00011,0.00022,0.00011,0.0,0.89153,8721.76497,42.71991,26.99303,47,275,306,30,61,289,27700.0,45600.0,60704.99999999993,137802.00000000006,15357100.0,1.0,1.0,0.3417,31.0,70.0,7694.0
5,41,242.49888,351,713,4060.748802079104,21.05591,111.27335,31.08931,30.8498,6e-05,0.00022,6e-05,0.0,0.86429,7898.52573,45.44731,19.68728,43,277,313,38,74,308,28400.0,46600.0,62300.0,140502.00000000006,15739600.0,1.0,1.0,0.3683,32.0,71.0,7886.0
5,42,246.95354,346,752,3991.537939568116,25.76856,101.1334,31.70609,31.46658,6e-05,0.00022,6e-05,0.0,0.9297,8565.38133,45.63211,22.63535,48,280,334,12,66,298,29000.0,47700.0,64000.0,143904.0000000001,16121300.0,1.0,1.0,0.3935,33.0,73.0,8077.0
5,43,242.92838,350,729,4048.255202007935,18.48198,85.61406,31.64883,31.41939,4e-05,0.00022,4e-05,0.0,0.90257,7425.88549,39.04486,21.43445,47,282,323,27,68,303,29700.0,48800.0,65304.99999999993,147204.0000000001,16492900.0,1.0,1.0,0.4183,33.0,74.0,8263.0
5,44,249.49657,371,855,3946.4856545246457,32.01783,91.66696,32.19456,31.95988,4e-05,0.00022,4e-05,0.0,0.96316,9652.66354,48.13515,31.34923,44,291,338,33,80,327,30400.0,49800.0,66709.99999999985,150401.00000000003,16891200.0,1.0,1.0,0.441,34.0,76.0,8463.0
5,45,267.16254,375,865,3693.034936110496,19.78587,86.64487,34.04716,33.81007,4e-05,0.00022,4e-05,0.0,0.92524,7588.56304,41.39398,20.05125,47,293,336,39,82,328,31100.0,50910.00000000004,68304.99999999993,153903.00000000006,17274400.0,1.0,1.0,0.4622,35.0,78.0,8655.0
5,46,282.7431,439,1352,3486.7503486750347,33.9362,93.02924,33.63629,33.39297,4e-05,0.00022,4e-05,0.0,1.1116,9972.56456,49.80864,32.02309,49,292,344,95,147,390,31700.0,52000.0,69804.99999999993,156901.00000000003,17658300.0,1.0,1.0,0.4884,35.0,79.0,8847.0
5,47,269.37547,409,1032,3655.638822884299,21.24355,87.21386,33.77834,33.54399,2e-05,0.00011,2e-05,0.0,1.03325,7515.11544,43.96375,18.55281,50,302,348,61,107,359,32400.0,53110.00000000004,71304.99999999993,160005.00000000012,18032000.0,1.0,1.0,0.5131,36.0,81.0,9035.0
5,48,299.3785,427,1167,3297.935492381769,26.70369,91.92091,34.4136,34.16329,4e-05,0.00022,4e-05,0.0,1.12413,9888.98386,49.33794,32.29047,47,303,351,76,124,380,33000.0,54210.00000000004,73004.99999999993,163108.00000000017,18424000.0,1.0,1.0,0.5383,37.0,82.0,9231.0
5,49,286.72854,416,1113,3439.026067817594,27.73391,91.91107,35.73085,35.4844,6e-05,0.00033,6e-05,0.0,1.14809,9431.83806,50.09294,27.70105,47,308,359,57,108,369,33700.0,55400.0,74504.99999999993,166601.00000000003,18810100.0,1.0,1.0,0.5666,38.0,84.0,9424.0
5,50,288.09605,437,1089,3424.657534246576,25.94223,91.52742,36.14279,35.89598,4e-05,0.00022,4e-05,0.0,1.14793,8858.76686,48.9595,27.36188,47,310,370,67,127,390,34400.0,56400.0,76100.0,170005.00000000012,19184900.0,1.0,1.0,0.6035,39.0,86.0,9612.0
5,51,280.58927,407,938,3517.287467904752,25.5181,90.24156,36.2643,36.02398,2e-05,0.00011,2e-05,0.0,1.1569,8434.74258,49.8885,25.40929,48,313,374,33,94,359,35000.0,57500.0,77804.99999999993,173506.00000000012,19563300.0,1.0,1.0,0.642,39.0,87.0,9802.0
5,52,292.67314,412,1016,3371.998920960345,31.57907,93.77313,37.55068,37.30708,4e-05,0.00022,4e-05,0.0,1.17881,10457.23954,54.02256,35.12556,46,316,386,26,96,366,35700.0,58600.0,79104.99999999993,176213.0000000003,19943900.0,1.0,1.0,0.6898,40.0,89.0,9992.0
5,53,291.33248,413,900,3390.060343074106,29.24884,93.84956,37.71436,37.46067,4e-05,0.00022,4e-05,0.0,1.11833,10046.31173,53.62404,31.84283,50,326,378,35,87,363,36400.0,59710.00000000004,80524.99999999964,179028.0000000006,20328000.0,1.0,1.0,0.7399,41.0,90.0,10185.0
5,54,305.38911,474,1569,3234.2572528218893,29.18367,94.77327,37.75541,37.49929,4e-05,0.00022,4e-05,0.0,1.16422,10620.61972,53.66873,35.25898,48,324,387,87,150,426,37000.0,60900.0,82100.0,183022.00000000047,20700600.0,1.0,1.0,0.7911,42.0,92.0,10372.0
5,55,322.56098,506,1487,3060.912151821243,31.07057,95.73323,39.19162,38.94054,4e-05,0.00022,4e-05,0.0,1.23222,10901.32149,55.54161,36.48739,45,328,399,107,178,461,37700.0,61910.00000000004,83609.99999999985,186227.00000000058,21077600.0,1.0,1.0,0.8394,42.0,94.0,10560.0
5,56,316.45415,484,1331,3120.514260750172,34.25836,95.85488,39.32645,39.06903,6e-05,0.00033,6e-05,0.0,1.27536,11285.32184,58.58219,38.4331,49,333,404,80,151,435,38400.0,62900.0,85114.99999999978,189113.0000000003,21468200.0,1.0,1.0,0.8822,43.0,95.0,10756.0
5,57,341.60484,596,1826,2896.1163080309307,29.78328,93.54009,40.24252,39.99674,4e-05,0.00022,4e-05,0.0,1.37245,10230.10843,55.75319,35.32998,47,336,402,194,260,549,39000.0,64200.0,86600.0,192520.00000000044,21852900.0,1.0,1.0,0.921,44.0,97.0,10949.0
5,58,338.80059,634,1944,2915.026963999417,34.15103,129.10938,39.48747,39.22324,4e-05,0.00022,4e-05,0.0,1.41634,13177.05891,65.00244,36.01718,46,338,415,219,296,588,39700.0,65110.00000000004,88104.99999999993,196220.00000000044,22236900.0,1.0,1.0,0.9477,45.0,99.0,11141.0
5,59,334.05243,575,1622,2957.092586568885,33.94935,130.98183,40.43112,40.16859,4e-05,0.00022,4e-05,0.0,1.37056,13284.02183,64.82533,39.67586,47,349,422,153,226,528,40300.0,66300.0,89700.0,199528.0000000006,22614200.0,1.0,1.0,0.9691,45.0,100.0,11330.0
5,60,348.89309,588,1791,2835.4315526823184,32.86979,95.80598,41.73692,41.47498,4e-05,0.00022,4e-05,0.0,1.45944,10935.49736,58.85313,38.69994,48,350,419,169,238,540,41000.0,67410.00000000003,90904.99999999993,202831.00000000067,23001300.0,1.0,1.0,0.9802,46.0,102.0,11524.0
5,61,348.97118,633,1811,2832.6204571849416,34.54499,96.17512,41.54712,41.28586,4e-05,0.00022,4e-05,0.0,1.47572,11057.38941,60.17352,39.15658,48,355,433,200,278,585,41600.0,68700.0,92600.0,205933.00000000073,23378300.0,1.0,1.0,0.9895,47.0,104.0,11713.0
5,62,398.24692,608,2689,2485.8307646415437,37.19395,132.77566,42.87534,42.60579,4e-05,0.00022,4e-05,0.0,1.47549,13977.25167,69.00673,44.08842,47,358,435,173,250,561,42300.0,69700.0,93514.99999999978,209325.00000000055,23761100.0,1.0,1.0,0.9948,47.0,105.0,11905.0
5,63,344.94955,480,1128,2868.2882055988985,45.47325,99.76471,44.30592,44.04512,4e-05,0.00022,4e-05,0.0,1.41357,12599.06893,67.28113,44.17597,49,385,443,37,95,431,42900.0,70900.0,95219.99999999971,212523.0000000005,24146600.0,1.0,1.0,0.9972,48.0,107.0,12098.0
5,64,335.92041,498,1165,2943.6872626652143,46.78853,99.75722,43.60561,43.33536,6e-05,0.00033,6e-05,0.0,1.42303,12747.36939,68.50685,44.953,51,390,445,53,108,447,43600.0,72000.0,97200.0,216525.00000000055,24529700.0,1.0,1.0,0.9983,49.0,109.0,12290.0
5,65,343.77711,490,1180,2874.9676566138637,51.6893,104.98995,44.97908,44.70963,6e-05,0.00033,6e-05,0.0,1.42561,13077.18827,68.97338,45.29448,49,393,447,43,97,441,44300.0,73100.0,98609.99999999985,219235.00000000076,24899600.0,1.0,1.0,0.9996,50.0,110.0,12475.0
5,66,350.24389,521,1352,2824.220515137822,47.96329,100.89607,45.0984,44.82895,6e-05,0.00033,6e-05,0.0,1.44938,12922.49727,69.84164,45.68135,44,397,458,63,124,477,44900.0,74200.0,100404.99999999993,223730.00000000064,25284100.0,1.0,1.0,0.9997,51.0,113.0,12668.0
5,67,440.65134,695,3419,2245.979696343545,49.82598,101.51411,46.02212,45.75267,6e-05,0.00033,6e-05,0.0,1.57373,13184.31723,71.71868,46.92621,46,399,458,237,296,649,45600.0,75200.0,101500.0,227022.00000000047,25669000.0,1.0,1.0,0.9998,51.0,114.0,12861.0
5,68,376.87095,664,2159,2624.258646932242,49.9594,102.27961,45.76571,45.4875,6e-05,0.00033,6e-05,0.0,1.55915,13325.85859,71.86046,47.18068,51,405,467,197,259,613,46300.0,76410.00000000003,102919.99999999971,229631.00000000067,26049600.0,1.0,1.0,1.0,52.0,116.0,13051.0
5,69,427.80255,886,3129,2315.9406192825218,53.00411,102.57028,46.66425,46.39898,4e-05,0.00022,4e-05,0.0,1.77752,13689.05234,74.94724,49.13114,50,407,474,412,479,836,47000.0,77510.00000000003,104024.99999999964,234120.00000000044,26441500.0,1.0,1.0,1.0,53.0,118.0,13248.0
5,70,462.60051,1083,3749,2142.5663659931865,53.60183,102.1457,47.0585,46.78905,6e-05,0.00033,6e-05,0.0,1.86682,13556.584,74.27845,48.54083,48,388,476,607,695,1035,47600.0,78700.0,105424.99999999964,237125.00000000055,26825100.0,1.0,1.0,1.0,53.0,119.0,13440.0
5,71,475.77231,1075,3781,2082.0754127714504,50.06966,103.07818,48.19049,47.92105,4e-05,0.00022,4e-05,0.0,1.88252,13441.37329,73.50834,48.28369,47,391,484,591,684,1028,48300.0,79710.00000000003,106919.99999999971,239235.00000000076,27199100.0,1.0,1.0,1.0,54.0,120.0,13627.0
5,72,470.86058,1139,3897,2105.1745189676226,51.29037,103.50319,47.48017,47.20196,6e-05,0.00033,6e-05,0.0,1.94616,13696.41373,74.63683,48.96671,46,397,489,650,742,1093,48900.0,80800.0,109004.99999999993,242937.00000000081,27582700.0,1.0,1.0,1.0,55.0,122.0,13819.0
5,73,443.47452,801,3003,2232.840619836556,50.3649,105.72514,50.26298,49.97601,6e-05,0.00033,6e-05,0.0,1.81863,13772.71682,75.93906,49.88598,44,401,500,301,400,757,49600.0,82010.00000000003,110104.99999999993,246626.00000000058,27967600.0,1.0,1.0,1.0,56.0,124.0,14012.0
5,74,447.6946,870,3043,2212.585184529604,42.70537,105.87919,50.66314,50.36661,6e-05,0.00033,6e-05,0.0,1.70961,13371.45921,72.42331,47.59567,50,402,498,372,468,820,50200.0,83100.0,111604.99999999993,249141.0000000009,28347900.0,1.0,1.0,1.0,56.0,125.0,14203.0
5,75,419.37972,655,2073,2363.1164780112013,65.40668,115.05376,51.75341,51.45768,6e-05,0.00033,6e-05,0.0,1.75507,14881.00754,82.33201,54.06635,48,409,504,151,246,607,50900.0,84210.00000000003,113204.99999999993,252143.00000000093,28733800.0,1.0,1.0,1.0,57.0,127.0,14396.0
5,76,462.56864,820,3171,2143.714628708626,67.60427,119.53568,51.92234,51.63875,4e-05,0.00022,4e-05,162.14325,1.83766,14755.62668,81.34908,53.46421,50,411,521,299,409,770,51500.0,85310.00000000003,114614.99999999978,255541.0000000009,29105500.0,1.0,1.0,1.0,58.0,129.0,14582.0
5,77,397.46411,581,1490,2490.163852781513,58.72419,107.00462,51.85649,51.56952,6e-05,0.00033,6e-05,327.30903,1.67718,14715.11776,82.82759,54.39157,50,414,515,66,167,531,52200.0,86400.0,116109.99999999985,258651.0000000011,29487300.0,1.0,1.0,1.0,59.0,130.0,14774.0
5,78,458.7316,829,3277,2161.087459209474,55.86356,108.19377,52.56051,52.27274,6e-05,0.00033,6e-05,331.60251,1.84448,14448.25403,81.3763,53.35034,48,417,531,298,412,781,52900.0,87510.00000000003,117900.0,262141.0000000009,29874100.0,1.0,1.0,1.0,60.0,132.0,14967.0
5,79,488.70053,878,3477,2028.479857195018,56.68325,108.0607,53.9697,53.68273,6e-05,0.00033,6e-05,335.77167,1.86798,14605.99102,82.14241,53.91507,48,510,536,342,368,830,53600.0,88700.0,119109.99999999985,265447.00000000105,30249700.0,1.0,1.0,1.0,60.0,133.0,15156.0
5,80,465.16329,923,3357,2129.15451274299,57.59403,108.54046,51.87109,51.57456,6e-05,0.00033,6e-05,340.04406,1.8861,14767.98345,83.39431,54.78387,49,512,541,382,411,874,54200.0,89910.00000000003,120809.99999999985,268644.00000000093,30634600.0,1.0,1.0,1.0,61.0,135.0,15348.0
5,81,496.34539,997,3755,1995.729139641168,59.60309,108.92594,53.74519,53.44946,6e-05,0.00033,6e-05,344.32533,1.99802,14993.67581,85.19496,55.96739,50,524,542,455,473,947,54900.0,91000.0,122014.99999999978,272236.0000000008,31020300.0,1.0,1.0,1.0,62.0,137.0,15542.0
5,82,533.80811,1189,4387,1857.1481632804664,62.40032,110.08573,54.04481,53.74828,6e-05,0.00033,6e-05,348.5733,2.08166,15123.6823,85.45659,56.10409,48,495,553,636,694,1141,55600.0,92200.0,123600.0,275232.0000000007,31403000.0,1.0,1.0,1.0,62.0,138.0,15733.0
5,83,606.70548,1700,5575,1635.750973271829,58.97992,109.17528,53.60521,53.30948,6e-05,0.00033,6e-05,352.79574,2.22978,15085.81378,86.18042,56.64084,46,517,554,1146,1183,1654,56300.0,93300.0,124614.99999999978,278031.0000000007,31783400.0,1.0,1.0,1.0,63.0,140.0,15924.0
5,84,647.31996,1811,5631,1533.8364316829254,60.15813,109.42709,55.75793,55.4622,6e-05,0.00033,6e-05,357.01596,2.28459,15068.36068,86.07092,56.49777,46,513,555,1256,1298,1765,57000.0,94400.0,126214.99999999978,282711.00000000023,32163600.0,1.0,1.0,1.0,64.0,142.0,16115.0
5,85,578.33065,1452,4979,1716.1784139079098,57.5385,111.89337,55.72456,55.42007,6e-05,0.00033,6e-05,361.29834,2.20313,15122.40667,86.5404,56.87843,48,508,562,890,944,1404,57600.0,95500.0,127904.99999999993,286408.0000000002,32549400.0,1.0,1.0,1.0,65.0,144.0,16308.0
5,86,568.57803,1544,4967,1744.987523339208,61.0568,111.50263,55.5931,55.28861,6e-05,0.00033,6e-05,365.51634,2.27415,15277.86763,87.89417,57.62397,47,533,571,973,1011,1497,58300.0,96500.0,129104.99999999993,289412.00000000023,32929400.0,1.0,1.0,1.0,65.0,145.0,16498.0
5,87,559.70104,1030,4291,1772.1698447579215,63.75255,112.93419,57.53527,57.23078,6e-05,0.00033,6e-05,369.73656,2.07746,15491.34155,89.76546,58.24921,48,533,577,453,497,982,58900.0,97700.0,130724.99999999964,293213.0000000003,33309600.0,1.0,1.0,1.0,66.0,147.0,16689.0
5,88,504.88798,885,3609,1963.7106276019165,66.26858,111.51575,58.52796,58.22347,6e-05,0.00033,6e-05,374.04558,2.03347,15581.70626,91.44956,58.8025,47,526,584,301,359,838,59600.0,98700.0,132324.99999999965,297510.00000000023,33697800.0,1.0,1.0,1.0,67.0,150.0,16883.0
5,89,513.33148,895,3623,1932.255134968021,64.04806,113.19906,57.59447,57.30292,4e-05,0.00022,4e-05,378.22917,2.02904,15554.84826,91.20732,58.72692,46,519,586,309,376,849,60200.0,99900.0,133639.99999999942,300807.0000000002,34074700.0,1.0,1.0,1.0,67.0,151.0,17072.0
5,90,520.33385,958,3703,1904.7981866321263,64.204,114.0875,59.07356,58.76907,6e-05,0.00033,6e-05,382.61145,2.09056,15720.81525,92.79484,60.39456,43,539,589,369,419,915,60900.0,101000.0,134664.99999999907,303807.0000000002,34469500.0,1.0,1.0,1.0,68.0,153.0,17270.0
5,91,449.69422,648,1614,2205.023042490794,82.51032,128.97747,58.632,58.33169,4e-05,0.00022,4e-05,386.75397,1.90641,16451.74285,97.58969,60.88745,49,533,599,49,115,599,61500.0,102000.0,136464.99999999907,307011.00000000023,34842700.0,1.0,1.0,1.0,69.0,154.0,17457.0
5,92,570.63868,1030,4571,1739.372434425659,65.53839,112.27955,60.58849,60.284,6e-05,0.00033,6e-05,390.95532,2.10142,15246.22316,92.11841,56.79062,45,535,613,417,495,985,62200.0,103100.0,138129.99999999956,310110.00000000023,35221200.0,1.0,1.0,1.0,70.0,156.0,17646.0
5,93,554.49259,1111,4199,1789.2928714572,66.94572,115.64638,59.72721,59.42272,6e-05,0.00033,6e-05,395.22882,2.21463,15749.65101,93.82277,59.59508,51,572,615,496,539,1060,62850.0,104100.0,139049.99999999927,313805.0000000001,35606200.0,1.0,1.0,1.0,70.0,158.0,17839.0
5,94,568.42768,1027,4947,1745.1093310995934,89.5201,136.86215,60.72704,60.40503,6e-05,0.00033,6e-05,399.43572,2.18305,16746.83637,101.51338,62.26389,48,542,616,411,485,979,63500.0,105210.00000000003,140374.9999999989,317205.0000000001,35985200.0,1.0,1.0,1.0,71.0,159.0,18029.0
5,95,678.34994,1731,5975,1463.6359644629188,69.64238,113.39106,61.34586,61.03679,4e-05,0.00022,4e-05,403.66704,2.38314,15559.15512,95.99139,57.64971,50,579,630,1101,1152,1681,64200.0,106400.0,142064.99999999907,320509.0000000002,36366400.0,1.0,1.0,1.0,72.0,161.0,18220.0
5,96,694.73486,1673,6419,1429.551692589204,68.74838,117.38071,61.43262,61.11857,6e-05,0.00033,6e-05,407.94609,2.49083,16205.24353,98.79247,63.30314,44,569,623,1050,1104,1629,64900.0,107500.0,143569.99999999898,322916.00000000035,36751900.0,1.0,1.0,1.0,72.0,162.0,18413.0
5,97,692.53577,2119,6443,1434.2880911059794,71.30399,118.36422,62.78858,62.47533,6e-05,0.00033,6e-05,412.16742,2.57431,16181.90957,99.37583,61.33693,48,574,639,1480,1545,2071,65500.0,108700.0,145719.9999999997,327107.0000000002,37132200.0,1.0,1.0,1.0,74.0,164.0,18604.0
5,98,702.57443,1581,6543,1414.187125240412,73.38185,119.32764,62.92786,62.61002,6e-05,0.00033,6e-05,416.3832,2.53552,16302.92116,101.11544,61.50734,47,568,641,940,1013,1534,66100.0,109710.00000000003,147400.0,329831.0000000007,37512000.0,1.0,1.0,1.0,74.0,166.0,18794.0
5,99,794.76018,2903,7375,1250.7348066989357,85.73442,126.13824,63.61736,63.29953,4e-05,0.00022,4e-05,420.53238,2.75991,16980.1823,104.99696,63.39591,49,590,652,2251,2313,2854,66800.0,110900.0,148814.99999999977,333134.00000000076,37885800.0,1.0,1.0,1.0,75.0,167.0,18981.0
5,100,714.67652,1796,6843,1390.4918169556572,92.68305,136.14414,63.21363,62.8958,4e-05,0.00022,4e-05,424.65048,2.58106,17390.42982,106.82009,68.2577,48,604,651,1145,1192,1748,67500.0,112000.0,150109.99999999985,336841.0000000009,38256800.0,1.0,1.0,1.0,76.0,169.0,19167.0
6,1,47.99502,65,206,18900.0189000189,0.0,5.63502,2.00115,1.79669,0.00112,0.00011,0.00092,0.0,0.00027,28.62206,0.4381,0.0,54,62,61,4,3,11,1700.0,2300.0,2600.0,4500.0,390000.0,0.1899,0.0058,0.0019,2.0,3.0,196.0
6,2,58.37808,84,355,15888.14744200826,0.0,14.08087,3.98635,3.78189,0.00144,0.00011,0.00142,0.0,0.0,30.08123,0.45307,3e-05,52,74,77,7,10,32,2400.0,3400.0,4100.0,7701.000000000022,774800.0,0.7778,0.0091,0.0034,3.0,4.0,389.0
6,3,72.69707,108,451,12899.896800825594,0.0,21.16676,5.75016,5.5457,0.00182,0.00011,0.00176,0.0,1e-05,51.48831,0.79534,0.00028,51,77,92,16,31,57,3100.0,4500.0,5600.0,10801.000000000022,1155800.0,0.979,0.0225,0.005,3.0,6.0,580.0
6,4,84.68402,189,487,11142.061281337048,0.0,26.52876,7.12972,6.92526,0.00218,0.00011,0.00211,0.0,1e-05,86.73775,1.35304,0.00134,53,86,98,91,103,136,3800.0,5600.0,7100.0,14400.0,1530100.0,0.9995,0.0372,0.0056,4.0,8.0,767.0
6,5,104.34304,364,539,9154.155986818016,0.0,34.06424,8.73577,8.52254,0.00495,0.00022,0.00479,0.0,0.0006,492.05781,2.68376,0.53687,53,101,118,246,263,311,4500.0,6700.0,8600.0,17600.0,1922900.0,1.0,0.0586,0.0059,5.0,9.0,964.0
6,6,114.46354,415,554,8361.204013377926,0.0,37.00532,9.56111,9.34788,0.00546,0.00022,0.00535,0.0,0.00068,642.70022,2.94417,0.74015,55,120,146,269,295,360,5100.0,7800.0,10100.0,21100.0,2304000.0,1.0,0.0926,0.0065,6.0,11.0,1155.0
6,7,126.60829,436,577,7584.376185058779,0.0,40.63058,10.33884,10.12561,0.006,0.00022,0.0059,0.0,0.00109,1164.74982,3.64369,1.52974,51,95,355,81,341,385,5800.0,9000.0,11600.0,24501.000000000022,2677300.0,1.0,0.1486,0.0073,6.0,13.0,1342.0
6,8,139.13013,460,598,6934.812760055478,0.0,43.41347,10.89998,10.68675,0.00641,0.00022,0.00631,0.0,0.0008,787.59493,4.46532,0.88729,53,151,343,117,309,407,6500.0,10100.0,13100.0,27901.000000000022,3047600.0,1.0,0.2325,0.0082,7.0,14.0,1527.0
6,9,151.07872,478,612,6395.088571976722,0.0,46.66373,11.37865,11.15666,0.0067,0.00022,0.00664,0.0,0.00206,1567.76529,6.08956,2.0612,55,292,385,93,186,423,7100.0,11200.0,14600.0,31104.000000000087,3436300.0,1.0,0.3374,0.0095,8.0,16.0,1722.0
6,10,153.43192,463,612,6297.625795075257,0.0,47.29737,11.79365,11.58042,0.00704,0.00022,0.00695,0.0,0.00087,1354.25235,5.46723,1.80929,49,359,346,117,104,414,7800.0,12300.0,16000.0,34602.000000000044,3816600.0,1.0,0.4543,0.0116,9.0,18.0,1913.0
6,11,166.02608,468,619,5826.147751106968,0.0,47.00298,12.2764,12.06317,0.00724,0.00022,0.00724,0.0,0.0,1286.45571,5.11506,1.70592,52,366,432,36,102,416,8500.0,13400.0,17600.0,38002.000000000044,4192000.0,1.0,0.5917,0.0146,9.0,20.0,2101.0
6,12,175.75865,472,628,5516.024049864857,0.0,52.39046,12.74152,12.52829,0.00745,0.00022,0.00744,0.0,6e-05,2723.52888,9.1116,4.14978,51,339,374,98,133,421,9200.0,14500.0,19100.0,41400.0,4573400.0,1.0,0.735,0.0172,10.0,21.0,2292.0
6,13,162.83559,441,612,5941.06463878327,0.0,51.33794,12.81201,12.59878,0.00765,0.00022,0.00764,0.0,0.0031,2235.90748,9.276,3.72457,52,387,405,36,54,389,9800.0,15600.0,20600.0,45002.000000000044,4954800.0,1.0,0.8587,0.0209,11.0,23.0,2483.0
6,14,188.38397,478,650,5153.576582148011,0.0,53.09059,13.36871,13.15548,0.00784,0.00022,0.00784,0.0,0.00177,2096.22202,10.13838,3.50814,55,423,409,69,55,423,10500.0,16700.0,22200.0,48303.000000000065,5326200.0,1.0,0.9391,0.026,12.0,25.0,2669.0
6,15,178.19425,445,632,5442.769281010178,0.0,52.66315,13.81727,13.60404,0.00804,0.00022,0.00802,0.0,0.001,1893.50287,9.79955,3.16126,52,462,443,2,-17,393,11200.0,17800.0,23600.0,51104.00000000009,5707900.0,1.0,0.9804,0.0295,12.0,26.0,2860.0
6,16,187.06164,466,654,5190.760446405398,0.0,59.92551,14.21826,14.0069,0.00807,0.00022,0.00806,0.0,7e-05,3334.17941,14.11885,7.21291,53,472,475,-9,-6,413,11800.0,18900.0,25100.0,54506.00000000013,6085100.0,1.0,0.9963,0.0325,13.0,28.0,3049.0
6,17,212.07039,507,675,4582.1114369501465,0.57997,61.03715,14.62931,14.41819,0.00824,0.00022,0.00824,0.0,0.07176,3859.92249,15.27982,9.45134,53,474,440,67,33,454,12500.0,20100.0,26600.0,58206.00000000013,6465400.0,1.0,0.999,0.0349,14.0,30.0,3240.0
6,18,233.79543,554,722,4169.272461955389,0.78914,63.88936,15.15235,14.93912,0.00832,0.00022,0.00829,0.0,0.15881,3516.54921,16.32799,8.08418,53,375,472,82,179,501,13200.0,21200.0,28100.0,61702.000000000044,6842500.0,1.0,1.0,0.0376,15.0,31.0,3429.0
6,19,208.10691,492,677,4681.86712861089,2.30575,63.26146,15.81229,15.59906,0.00844,0.00022,0.00844,0.0,0.26301,3994.64753,17.67341,9.00871,56,488,441,51,4,436,13800.0,22300.0,29500.0,65002.000000000044,7217500.0,1.0,1.0,0.0412,15.0,33.0,3616.0
6,20,213.75429,496,694,4553.734061930783,2.85702,63.40219,16.46285,16.24962,0.00846,0.00022,0.00845,0.0,0.2009,4024.72709,18.64473,9.20691,57,525,499,-3,-29,439,14500.0,23400.0,31000.0,68403.00000000006,7596200.0,1.0,1.0,0.0468,16.0,35.0,3806.0
6,21,231.45583,518,706,4216.384871611081,3.29161,66.42716,17.09979,16.8778,0.00861,0.00022,0.00858,0.0,0.27902,4731.23119,19.76159,12.2422,54,367,490,28,151,464,15200.0,24410.000000000036,32700.0,71907.00000000015,7968100.0,1.0,1.0,0.0523,17.0,37.0,3993.0
6,22,229.03457,510,694,4260.395364689844,2.74318,66.10399,17.92463,17.7114,0.00864,0.00022,0.00864,0.0,0.22649,3865.22955,18.91064,9.14731,55,366,490,20,144,455,15800.0,25600.0,34200.0,74810.00000000022,8346200.0,1.0,1.0,0.0564,18.0,38.0,4182.0
6,23,219.14421,472,714,4440.891731059597,3.34237,62.93001,18.54503,18.32304,0.00868,0.00022,0.00867,0.0,0.23873,4454.07937,19.69663,11.05004,56,365,474,-2,107,416,16500.0,26610.000000000036,35700.0,78509.0000000002,8729300.0,1.0,1.0,0.0625,18.0,40.0,4374.0
6,24,226.16363,537,747,4320.400933206602,3.79009,64.27252,18.95771,18.73572,0.00878,0.00022,0.00876,0.0,0.25077,3812.25727,20.24025,7.59653,50,362,525,12,175,487,17200.0,27800.0,37204.99999999993,82301.00000000003,9116200.0,1.0,1.0,0.0683,19.0,42.0,4568.0
6,25,264.81521,568,747,3695.218387406696,5.11923,64.39348,19.76054,19.53855,0.00882,0.00022,0.00883,0.0,0.25776,5234.24545,20.7424,12.90983,56,376,533,35,192,512,17800.0,28900.0,38500.0,85306.00000000013,9482900.0,1.0,1.0,0.0768,20.0,43.0,4751.0
6,26,249.67203,555,735,3910.985959560405,5.30201,66.42932,20.51905,20.29706,0.00883,0.00022,0.0088,0.0,0.37001,5560.50962,20.877,13.24891,55,424,539,16,131,500,18500.0,30100.0,40300.0,88309.0000000002,9856900.0,1.0,1.0,0.0828,21.0,45.0,4939.0
6,27,247.95358,548,745,3943.062182090612,9.48985,73.31078,21.05994,20.83795,0.00883,0.00022,0.00882,0.0,0.64351,5899.89795,27.23339,15.36672,55,398,516,32,150,493,19200.0,31100.0,41704.99999999993,92006.00000000013,10241000.0,1.0,1.0,0.0914,21.0,47.0,5131.0
6,28,253.82854,530,723,3850.44857725925,11.0569,71.31128,22.12604,21.90405,0.00869,0.00022,0.00878,0.0,0.58991,6154.81853,27.69074,14.82026,51,457,460,70,73,479,19800.0,32200.0,43004.99999999993,95400.0,10612700.0,1.0,1.0,0.1015,22.0,48.0,5317.0
6,29,249.32001,501,716,3923.722828219415,10.67021,85.69613,23.24196,23.01997,0.00697,0.00022,0.00725,0.0,0.54126,5503.54518,29.34408,13.73309,51,351,485,16,150,450,20500.0,33300.0,44504.99999999993,99202.00000000004,11004800.0,1.0,1.0,0.113,23.0,50.0,5514.0
6,30,252.22339,515,718,3875.3681599751976,11.0309,86.40516,23.42187,23.19112,0.00518,0.00022,0.00543,0.0,0.59366,6526.3936,30.1027,18.16767,53,364,470,45,151,462,21200.0,34400.0,46209.999999999854,101608.00000000017,11387000.0,1.0,1.0,0.1251,24.0,51.0,5705.0
6,31,268.38909,540,737,3642.32380258605,9.92835,77.74474,24.08793,23.86594,0.00341,0.00022,0.00356,0.0,0.55953,5721.40326,26.96259,16.5109,55,370,542,-2,170,485,21800.0,35510.00000000004,47600.0,104701.00000000003,11765400.0,1.0,1.0,0.137,24.0,53.0,5895.0
6,32,268.0745,546,729,3657.37692926633,9.93819,77.03833,24.76602,24.54404,0.00129,0.00011,0.0013,0.0,0.54094,4469.55676,28.05303,11.30253,48,374,482,64,172,498,22500.0,36600.0,49004.99999999993,108200.0,12150600.0,1.0,1.0,0.1522,25.0,55.0,6088.0
6,33,272.80099,561,786,3588.860178007465,11.37486,78.39233,25.75877,25.52802,0.00195,0.00022,0.002,0.0,0.58948,5536.93058,28.15182,12.90657,51,394,528,33,167,510,23200.0,37800.0,50400.0,110710.00000000022,12522300.0,1.0,1.0,0.1745,26.0,56.0,6274.0
6,34,277.62634,568,811,3527.336860670194,11.2383,78.36422,26.42299,26.20101,0.00066,0.00011,0.00071,0.0,0.58512,5104.51265,30.50721,10.36186,53,376,538,30,192,515,23800.0,38900.0,52000.0,114402.00000000004,12904700.0,1.0,1.0,0.1938,27.0,58.0,6466.0
6,35,305.8743,599,829,3203.793291256848,11.7008,79.10431,26.70322,26.47285,0.001,0.00022,0.00101,0.0,0.60776,6775.50707,31.13581,19.33211,53,395,548,51,204,546,24500.0,40000.0,53604.99999999993,117401.00000000003,13277900.0,1.0,1.0,0.2157,27.0,59.0,6653.0
6,36,302.11219,595,865,3247.491312960738,15.8672,82.22055,27.83332,27.59381,0.00074,0.00022,0.00076,0.0,0.93206,7337.86679,34.87054,22.62572,52,395,567,28,200,543,25100.0,41200.0,55200.0,120700.0,13671900.0,1.0,1.0,0.2385,28.0,61.0,6850.0
6,37,334.94856,628,890,2932.8093380649325,18.90293,83.15743,28.96289,28.72337,0.00058,0.00022,0.00059,0.0,0.88374,6392.23716,35.93298,15.85121,57,396,582,46,232,571,25800.0,42300.0,56400.0,124704.00000000009,14045800.0,1.0,1.0,0.2613,29.0,63.0,7037.0
6,38,325.20716,653,877,3023.705853894533,16.07365,84.29196,29.58594,29.34643,0.00047,0.00022,0.00049,0.0,0.81199,6098.13169,36.83333,14.38892,53,384,527,126,269,600,26500.0,43500.0,58000.0,128503.00000000006,14434900.0,1.0,1.0,0.2858,30.0,65.0,7232.0
6,39,316.21911,608,897,3097.9894048762358,17.20424,83.67974,29.12157,28.88368,0.00026,0.00022,0.00028,0.0,0.82957,7245.91054,38.65428,23.15822,54,433,586,22,175,554,27100.0,44600.0,59504.99999999993,132104.0000000001,14831700.0,1.0,1.0,0.3119,30.0,67.0,7431.0
6,40,311.26777,610,855,3153.380423814329,21.25111,86.04703,30.02875,29.798,0.00022,0.00022,0.00022,0.0,0.8775,6810.0677,39.28886,17.69574,57,444,585,25,166,553,27800.0,45700.0,61104.99999999993,134907.00000000015,15206700.0,1.0,1.0,0.3397,31.0,68.0,7619.0
6,41,335.93483,628,917,2928.2576866764275,23.16237,86.07868,30.69389,30.45437,0.00027,0.00033,0.00027,0.0,0.88425,7963.65131,40.76192,20.93809,52,447,591,37,181,576,28400.0,46820.00000000007,62600.0,138205.00000000012,15580500.0,1.0,1.0,0.3668,32.0,70.0,7806.0
6,42,333.74298,621,939,2947.157466623442,24.50251,87.07192,31.45713,31.21761,9e-05,0.00033,0.0001,0.0,0.89324,7674.84279,42.50334,21.19326,56,443,546,75,178,565,29100.0,47900.0,64100.0,141815.00000000032,15956800.0,1.0,1.0,0.3945,33.0,72.0,7995.0
6,43,357.98242,643,1040,2743.634767339772,25.75729,87.54333,31.74524,31.50831,4e-05,0.00022,4e-05,0.0,0.9674,9063.38717,43.42065,27.52273,53,465,594,49,178,590,29700.0,49010.00000000004,65804.99999999993,145608.00000000017,16329500.0,1.0,1.0,0.4203,33.0,73.0,8182.0
6,44,366.97359,639,998,2682.9791800815624,27.65692,88.78218,32.99914,32.76391,4e-05,0.00022,4e-05,0.0,0.94221,8577.11755,45.534,25.03148,56,473,609,30,166,583,30400.0,50200.0,67304.99999999993,149201.00000000003,16716700.0,1.0,1.0,0.4417,34.0,75.0,8376.0
6,45,337.64967,615,927,2915.451895043732,21.53658,89.2227,33.44206,33.19379,4e-05,0.00022,4e-05,0.0,0.88865,9044.99008,43.72008,28.60617,53,462,549,66,153,562,31050.0,51200.0,68700.0,152403.00000000006,17095800.0,1.0,1.0,0.466,35.0,77.0,8566.0
6,46,393.45767,678,1022,2503.0036043251903,22.55659,90.13615,34.19486,33.94686,4e-05,0.00022,4e-05,0.0,0.90284,8834.91397,43.87852,27.12808,57,468,606,72,210,621,31700.0,52300.0,70304.99999999993,155209.0000000002,17473400.0,1.0,1.0,0.4874,36.0,78.0,8755.0
6,47,393.23881,688,1235,2499.8750062496874,23.00759,91.48615,34.51233,34.27235,4e-05,0.00022,4e-05,0.0,1.01666,8621.72701,45.08925,22.68208,55,479,609,79,209,633,32400.0,53400.0,71600.0,158308.00000000017,17843400.0,1.0,1.0,0.5116,36.0,80.0,8940.0
6,48,383.19892,694,1470,2570.62800442148,27.06933,89.06989,34.48538,34.24543,4e-05,0.00022,4e-05,0.0,1.17186,8814.83292,46.91599,26.54165,57,477,621,73,217,637,33000.0,54700.0,73300.0,162704.0000000001,18228800.0,1.0,1.0,0.5422,37.0,82.0,9133.0
6,49,376.27202,684,1193,2617.4584478471406,23.54341,91.75898,35.20716,34.95278,4e-05,0.00022,4e-05,0.0,1.10268,9115.86579,47.79328,25.33666,55,488,613,71,196,629,33700.0,55800.0,74800.0,166202.00000000006,18616900.0,1.0,1.0,0.5699,38.0,84.0,9328.0
6,50,392.76198,665,1065,2503.943711345369,28.00236,92.73248,36.10412,35.86315,4e-05,0.00022,4e-05,0.0,1.12654,9724.70224,49.7529,29.31865,52,495,643,22,170,613,34400.0,56900.0,76200.0,169310.00000000023,19005800.0,1.0,1.0,0.6051,39.0,85.0,9522.0
6,51,422.71069,705,1146,2329.6990028888267,24.76602,92.56647,36.75828,36.49511,6e-05,0.00033,6e-05,0.0,1.07922,9964.09692,48.90056,32.03979,56,490,632,73,215,649,35100.0,57900.0,77800.0,172111.00000000023,19384200.0,1.0,1.0,0.6454,39.0,87.0,9712.0
6,52,400.59803,685,1113,2458.6939417781277,26.63135,93.5536,37.02376,36.76672,6e-05,0.00033,6e-05,0.0,1.11143,9769.96877,48.76298,30.73109,58,490,665,20,195,627,35700.0,59000.0,79100.0,174913.0000000003,19766000.0,1.0,1.0,0.6943,40.0,88.0,9903.0
6,53,389.22175,664,1104,2531.773760696744,26.82421,94.83869,37.43585,37.18496,4e-05,0.00022,4e-05,0.0,1.09375,10386.93727,51.28626,33.59891,57,500,643,21,164,607,36400.0,60200.0,80604.99999999993,178211.00000000023,20150500.0,1.0,1.0,0.7452,41.0,90.0,10096.0
6,54,410.54872,682,1136,2400.0960038401536,28.8578,95.3418,37.73344,37.49083,4e-05,0.00022,4e-05,0.0,1.11487,10040.77265,51.19554,31.73578,54,512,658,24,170,628,37000.0,61300.0,82000.0,181111.00000000023,20532600.0,1.0,1.0,0.7936,42.0,91.0,10287.0
6,55,439.68492,726,1876,2242.403856934634,45.21629,103.47456,38.86269,38.60566,4e-05,0.00022,4e-05,0.0,1.34355,11723.81081,59.46677,38.48945,55,517,671,55,209,671,37700.0,62300.0,83500.0,183912.00000000026,20922600.0,1.0,1.0,0.8439,42.0,93.0,10483.0
6,56,444.93184,719,1908,2218.0326050792946,39.85089,95.95483,39.90871,39.65764,4e-05,0.00022,4e-05,0.0,1.27048,11550.82286,59.30209,38.9147,56,522,675,44,197,663,38300.0,63510.00000000004,85004.99999999993,188009.0000000002,21309300.0,1.0,1.0,0.8877,43.0,95.0,10677.0
6,57,431.90804,723,1600,2282.6880934989044,43.45923,99.97037,39.5301,39.2735,6e-05,0.00033,6e-05,0.0,1.31035,11842.9864,60.2227,39.42345,54,521,690,33,202,669,39000.0,64610.00000000004,86400.0,191513.0000000003,21697200.0,1.0,1.0,0.9239,44.0,96.0,10871.0
6,58,449.60848,820,2247,2193.2710444356712,44.5736,100.47908,39.2604,39.00468,4e-05,0.00022,4e-05,0.0,1.41167,11784.59329,61.05655,39.76878,58,526,667,153,294,762,39600.0,65710.00000000003,88009.99999999985,195405.00000000012,22077700.0,1.0,1.0,0.9481,45.0,98.0,11061.0
6,59,464.19602,840,2485,2126.799804334418,48.22545,106.91467,41.01208,40.75697,4e-05,0.00022,4e-05,0.0,1.48032,12162.77471,62.03742,40.61409,51,511,659,181,329,789,40300.0,66900.0,89604.99999999993,199311.00000000023,22451400.0,1.0,1.0,0.9673,45.0,100.0,11249.0
6,60,513.19951,947,2721,1924.6684758550336,44.6416,96.30124,41.73026,41.47552,4e-05,0.00022,4e-05,0.0,1.61641,11839.85272,62.25302,39.86302,56,540,702,245,407,891,41000.0,68000.0,91104.99999999993,202112.00000000026,22829500.0,1.0,1.0,0.9802,46.0,102.0,11438.0
6,61,530.03816,984,3241,1864.1413764819924,51.58509,108.40571,41.80746,41.53322,6e-05,0.00033,6e-05,0.0,1.68684,12624.42129,65.01094,42.65683,59,539,691,293,445,925,41600.0,69100.0,92700.0,205710.00000000023,23208000.0,1.0,1.0,0.9907,47.0,104.0,11628.0
6,62,503.45655,790,2069,1958.0200501253128,50.33331,111.35429,43.27416,43.00056,4e-05,0.00022,4e-05,0.0,1.49322,12598.26027,64.97417,42.68108,59,538,699,91,252,731,42300.0,70300.0,93714.99999999978,209205.00000000012,23585500.0,1.0,1.0,0.9947,47.0,105.0,11817.0
6,63,468.54837,730,1438,2103.9786235771844,52.16491,112.31989,44.22545,43.95212,4e-05,0.00022,4e-05,0.0,1.43747,12795.55496,66.50753,43.67646,56,563,710,20,167,674,43000.0,71300.0,95704.99999999993,212209.0000000002,23969400.0,1.0,1.0,0.9975,48.0,107.0,12009.0
6,64,475.44216,749,1478,2076.239514990449,56.28959,112.43316,43.90556,43.62377,6e-05,0.00033,6e-05,0.0,1.43828,13221.11008,69.73648,45.83063,55,573,696,53,176,694,43700.0,72510.00000000003,97404.99999999993,215415.00000000032,24358200.0,1.0,1.0,0.9987,49.0,108.0,12204.0
6,65,463.9865,741,1426,2125.4888624383607,55.66747,113.43339,44.48318,44.20157,6e-05,0.00033,6e-05,0.0,1.41629,13024.75197,69.41246,45.26046,56,581,710,31,160,685,44300.0,73500.0,98704.99999999993,217827.00000000058,24735000.0,1.0,1.0,0.9994,50.0,110.0,12393.0
6,66,511.36682,904,2547,1930.8374041821935,54.02489,116.65596,44.96658,44.6851,6e-05,0.00033,6e-05,0.0,1.60203,13070.70167,70.38466,45.06,55,589,724,180,315,849,45000.0,74510.00000000003,100304.99999999993,221832.0000000007,25117900.0,1.0,1.0,0.9997,51.0,112.0,12585.0
6,67,563.19749,912,3015,1755.957084408857,55.13781,117.81849,46.94756,46.65732,6e-05,0.00033,6e-05,0.0,1.61026,13395.61837,71.31914,46.78093,58,587,703,209,325,854,45600.0,75600.0,102000.0,226311.00000000023,25503800.0,1.0,1.0,0.9999,52.0,114.0,12778.0
6,68,533.34111,878,2651,1851.714687800904,46.82185,102.56656,46.61181,46.33909,6e-05,0.00033,6e-05,0.0,1.55481,12817.30914,69.33236,44.79261,55,589,720,158,289,823,46300.0,76600.0,103509.99999999985,228918.0000000004,25890200.0,1.0,1.0,1.0,52.0,115.0,12972.0
6,69,526.47208,972,2807,1876.94733285784,51.74648,102.96617,46.56104,46.27956,6e-05,0.00033,6e-05,0.0,1.67888,13408.05035,71.45766,46.85022,55,586,719,253,386,917,47000.0,77700.0,104804.99999999993,232423.0000000005,26276400.0,1.0,1.0,1.0,53.0,117.0,13165.0
6,70,580.28356,1138,3839,1704.7972996010774,48.70757,103.02197,47.66496,47.38348,6e-05,0.00033,6e-05,0.0,1.77494,13337.56626,71.8244,47.17814,53,583,725,413,555,1085,47600.0,78710.00000000003,106404.99999999993,236224.00000000052,26653900.0,1.0,1.0,1.0,54.0,119.0,13354.0
6,71,591.86464,1381,4231,1671.737604065666,50.5902,103.23439,48.06486,47.78338,6e-05,0.00033,6e-05,0.0,1.89956,13605.15192,73.73362,48.42974,54,574,731,650,807,1327,48300.0,80000.0,107704.99999999993,240304.0000000001,27040500.0,1.0,1.0,1.0,54.0,121.0,13548.0
6,72,600.30551,1414,4099,1648.4784543866012,48.34605,102.27566,49.22142,48.93994,6e-05,0.00033,6e-05,0.0,1.95476,12898.89276,71.56402,44.69855,49,572,717,697,842,1365,49000.0,81000.0,109004.99999999993,242905.00000000012,27420300.0,1.0,1.0,1.0,55.0,122.0,13738.0
6,73,615.45163,1334,4391,1608.4669701307685,66.75523,119.62474,48.65255,48.35355,6e-05,0.00033,6e-05,0.0,2.03073,14573.68557,79.36026,52.17455,49,572,727,607,762,1285,49600.0,82110.00000000003,110604.99999999993,246003.00000000006,27805600.0,1.0,1.0,1.0,56.0,124.0,13931.0
6,74,605.79647,1260,4151,1634.4943691668982,54.0676,105.43893,50.6257,50.33964,4e-05,0.00022,4e-05,0.0,1.96975,13861.87726,76.6812,49.69791,54,590,763,497,670,1206,50250.0,83300.0,112304.99999999993,248906.00000000012,28190000.0,1.0,1.0,1.0,57.0,125.0,14124.0
6,75,540.2589,897,3033,1827.2850199174068,52.81129,105.79254,50.93895,50.64871,6e-05,0.00033,6e-05,0.0,1.75191,14067.16185,77.56998,50.97063,51,583,750,147,314,846,50900.0,84400.0,114004.99999999993,251820.00000000044,28574600.0,1.0,1.0,1.0,58.0,127.0,14316.0
6,76,540.91467,865,2599,1826.7509407767343,58.82107,108.35839,52.4931,52.1941,6e-05,0.00033,6e-05,0.0,1.74289,14387.51913,79.35515,51.72711,51,569,755,110,296,814,51600.0,85500.0,115404.99999999993,254825.00000000055,28954700.0,1.0,1.0,1.0,58.0,128.0,14507.0
6,77,518.18479,819,1737,1908.069224751474,58.40128,106.77321,50.8662,50.58014,4e-05,0.00022,4e-05,325.70841,1.67303,14578.97536,80.92191,53.11205,57,604,764,55,215,762,52200.0,86600.0,116800.0,258917.00000000038,29343100.0,1.0,1.0,1.0,59.0,130.0,14701.0
6,78,563.48899,916,3249,1754.2320849048328,61.045,109.81159,51.71817,51.43211,4e-05,0.00022,4e-05,329.94084,1.79205,14775.4919,81.44034,53.48385,53,582,751,165,334,863,52800.0,87800.0,118209.99999999985,262714.0000000003,29724400.0,1.0,1.0,1.0,60.0,132.0,14892.0
6,79,619.75469,1057,3715,1598.1844624506562,61.45176,106.88002,53.51435,53.21535,6e-05,0.00033,6e-05,334.25541,1.87024,14716.36055,82.34332,53.72232,54,651,764,293,406,1003,53500.0,88900.0,119509.99999999985,265425.0000000005,30113100.0,1.0,1.0,1.0,60.0,133.0,15087.0
6,80,616.77056,1040,3501,1604.4410929452724,59.50423,108.62499,53.52467,53.22567,6e-05,0.00033,6e-05,338.41569,1.83223,14594.12885,81.84757,52.85715,54,671,781,259,369,986,54200.0,89910.00000000003,121414.99999999978,269425.0000000005,30487900.0,1.0,1.0,1.0,61.0,135.0,15275.0
6,81,624.01105,1117,3501,1586.1434508136915,66.84312,116.7179,54.13897,53.83538,6e-05,0.00033,6e-05,342.56043,1.90938,15172.85845,84.44627,55.45406,52,654,766,351,463,1065,54850.0,91100.0,122700.0,272729.00000000064,30861300.0,1.0,1.0,1.0,62.0,137.0,15462.0
6,82,652.36577,1174,4271,1517.8883137778723,61.5515,109.57316,53.79073,53.49173,6e-05,0.00033,6e-05,346.68075,1.91518,14856.39424,82.63392,54.23616,53,664,801,373,510,1121,55500.0,92200.0,124404.99999999993,276323.0000000005,31232500.0,1.0,1.0,1.0,63.0,139.0,15648.0
6,83,672.75974,1490,4423,1472.168651640732,60.44498,109.62377,55.00206,54.6943,6e-05,0.00033,6e-05,350.83881,2.06258,14943.45178,84.14948,54.95226,59,678,799,691,812,1431,56200.0,93300.0,125904.99999999993,279931.0000000007,31607100.0,1.0,1.0,1.0,64.0,141.0,15836.0
6,84,795.12201,2063,6091,1246.758428086974,76.67042,133.33517,57.97986,57.66334,6e-05,0.00033,6e-05,354.99132,2.40982,15770.72162,89.3136,58.1637,57,664,794,1269,1399,2006,56800.0,94300.0,127204.99999999993,283219.0000000004,31981200.0,1.0,1.0,1.0,64.0,142.0,16023.0
6,85,746.24217,1878,5431,1328.5682020486522,68.40793,111.51742,56.17977,55.87201,6e-05,0.00033,6e-05,359.20821,2.36694,15291.77396,88.67467,56.44392,56,681,816,1062,1197,1822,57600.0,95400.0,128800.0,286420.00000000047,32361100.0,1.0,1.0,1.0,65.0,144.0,16213.0
6,86,750.62222,1693,5535,1320.3411761599198,73.47427,118.52599,57.18355,56.86703,6e-05,0.00033,6e-05,363.42954,2.32366,15570.03348,90.07271,57.43106,56,675,817,876,1018,1637,58200.0,96410.00000000003,129904.99999999993,289525.0000000005,32741400.0,1.0,1.0,1.0,66.0,146.0,16404.0
6,87,774.32468,1614,5591,1280.196638203628,69.72401,114.23921,55.94821,55.63586,6e-05,0.00033,6e-05,367.60869,2.31004,15713.63267,90.56518,58.53005,57,690,826,788,924,1557,58900.0,97700.0,131309.99999999985,292933.0000000007,33117900.0,1.0,1.0,1.0,66.0,147.0,16593.0
6,88,658.97362,1121,3883,1502.787671129946,66.98926,112.94628,57.70918,57.40142,6e-05,0.00033,6e-05,371.82336,2.04171,15488.40168,89.34059,58.09769,56,701,815,306,420,1065,59500.0,98900.0,133000.0,296029.00000000064,33497600.0,1.0,1.0,1.0,67.0,149.0,16783.0
6,89,645.95149,1093,3491,1531.7688867103732,63.78276,161.01183,58.19669,57.87141,6e-05,0.00033,6e-05,376.09575,2.00944,16905.42276,96.55059,63.42174,57,702,823,270,391,1036,60200.0,100000.0,134704.99999999994,299033.0000000007,33882500.0,1.0,1.0,1.0,68.0,150.0,16976.0
6,90,683.38028,1065,3441,1449.3593831526466,71.2321,116.52326,59.55323,59.24547,6e-05,0.00033,6e-05,380.20719,1.98883,15724.99729,90.97751,58.93501,58,712,851,214,353,1007,60800.0,101110.00000000003,136304.99999999994,302435.00000000076,34252900.0,1.0,1.0,1.0,69.0,152.0,17161.0
6,91,607.86249,909,1959,1627.0745200130166,79.73337,145.20471,59.7202,59.39909,6e-05,0.00033,6e-05,384.37302,1.92522,16276.00986,96.91249,60.55581,53,708,882,27,201,856,61500.0,102200.0,137429.99999999956,306324.0000000005,34628200.0,1.0,1.0,1.0,69.0,154.0,17349.0
6,92,776.56143,1544,5179,1274.9410339771784,53.76089,109.54693,59.91246,59.59595,4e-05,0.00022,4e-05,388.63764,2.19937,14237.17911,85.80239,56.25919,55,708,845,699,836,1489,62200.0,103210.00000000003,138644.99999999936,310016.00000000035,35012400.0,1.0,1.0,1.0,70.0,156.0,17542.0
6,93,653.0838,949,2189,1514.8760831363995,75.34217,120.13699,61.47959,61.16725,4e-05,0.00022,4e-05,392.72244,1.92601,16131.44498,96.11493,60.35045,55,712,843,106,237,894,62800.0,104200.0,140244.99999999936,313418.0000000004,35380400.0,1.0,1.0,1.0,71.0,158.0,17726.0
6,94,741.24553,1353,5275,1336.4874437004664,75.62417,117.85851,61.79459,61.47807,6e-05,0.00033,6e-05,397.06587,2.26986,16335.72286,98.55517,61.11952,56,718,857,496,635,1297,63500.0,105500.0,141819.9999999997,318002.00000000006,35771700.0,1.0,1.0,1.0,72.0,160.0,17922.0
6,95,775.80447,1329,6151,1277.5960752248568,77.21555,161.64582,63.21048,62.88062,4e-05,0.00022,4e-05,401.27166,2.23883,17377.47481,102.77296,66.32712,56,714,865,464,615,1273,64200.0,106610.00000000003,143209.99999999985,320909.0000000002,36150600.0,1.0,1.0,1.0,72.0,161.0,18112.0
6,96,794.21269,1441,6559,1247.0849389551922,87.33675,149.59295,61.65641,61.32237,6e-05,0.00033,6e-05,405.56514,2.34123,17068.18207,103.30923,67.70433,58,725,886,555,716,1383,64800.0,107800.0,144604.99999999994,323815.00000000035,36537400.0,1.0,1.0,1.0,73.0,163.0,18306.0
6,97,920.54614,2113,7799,1078.1787404715951,74.40253,169.82013,64.06929,63.73525,6e-05,0.00033,6e-05,409.83753,2.54107,17528.93329,104.86813,68.42028,55,728,868,1245,1385,2058,65500.0,108910.00000000003,146014.99999999977,327112.00000000023,36922300.0,1.0,1.0,1.0,74.0,164.0,18499.0
6,98,784.31399,1669,5843,1263.5835228708618,82.43765,123.83847,62.71809,62.39281,6e-05,0.00033,6e-05,414.12213,2.49544,16490.57324,101.23934,62.02512,57,734,897,772,935,1612,66200.0,110000.0,147604.99999999994,330009.0000000002,37308300.0,1.0,1.0,1.0,74.0,166.0,18692.0
6,99,781.72516,1455,5483,1268.2951576490882,84.61405,129.42497,65.28149,64.94745,6e-05,0.00033,6e-05,418.30683,2.42933,16567.08057,101.50246,62.17727,56,737,906,549,718,1399,66800.0,111010.00000000003,148914.99999999977,333218.0000000004,37685300.0,1.0,1.0,1.0,75.0,167.0,18881.0
6,100,732.8396,1104,3561,1351.7166801838334,79.33301,122.02873,67.12863,66.80753,4e-05,0.00022,4e-05,422.48154,2.14194,16619.46601,102.47259,62.45417,54,736,929,175,368,1050,67400.0,112300.0,150219.9999999997,335426.0000000006,38061400.0,1.0,1.0,1.0,76.0,169.0,19069.0
