feature,lag_epochs,autocorr_residual
p95_us,1,0.2953111634460357
p95_us,2,0.14207542514918953
p95_us,3,-0.2677540209679939
p95_us,4,-0.4477993776933588
p95_us,5,-0.47335857681218013
p95_us,6,-0.44046915292244687
p95_us,7,-0.19567320502794625
p95_us,8,-0.03952334201696969
p95_us,9,0.16435120629531325
p95_us,10,0.1752864440581036
p95_us,11,0.4692212060178806
p95_us,12,0.3560212291872235
p95_us,13,0.4586547527376387
p95_us,14,0.030993868015250767
p95_us,15,-0.11951747319391048
p95_us,16,-0.23604707316429135
p95_us,17,-0.3321485502494359
p95_us,18,-0.439224481449256
p95_us,19,-0.43304992789150876
p95_us,20,-0.22718975010652107
extend_delta_checkpoints_req,1,0.03709258568023101
extend_delta_checkpoints_req,2,0.20603139768125328
extend_delta_checkpoints_req,3,0.3335773403003459
extend_delta_checkpoints_req,4,-0.08773105521485834
extend_delta_checkpoints_req,5,0.012666616743093523
extend_delta_checkpoints_req,6,0.012803104987210778
extend_delta_checkpoints_req,7,0.012942566714258304
extend_delta_checkpoints_req,8,0.013085100163263048
extend_delta_checkpoints_req,9,0.013230807948989062
extend_delta_checkpoints_req,10,0.01337979730830993
extend_delta_checkpoints_req,11,0.013532180363416992
extend_delta_checkpoints_req,12,0.013688074403221088
extend_delta_checkpoints_req,13,0.013847602184431783
extend_delta_checkpoints_req,14,0.014010892253938617
extend_delta_checkpoints_req,15,0.014178079294274148
extend_delta_checkpoints_req,16,0.014349304494108865
extend_delta_checkpoints_req,17,0.014524715945921168
extend_delta_checkpoints_req,18,0.014704469073196173
extend_delta_checkpoints_req,19,0.014888727089743092
extend_delta_checkpoints_req,20,0.015077661493985305
extend_delta_checkpoint_write_time,1,0.39995856136107877
extend_delta_checkpoint_write_time,2,-0.06826691572809593
extend_delta_checkpoint_write_time,3,-0.26081967228911684
extend_delta_checkpoint_write_time,4,-0.22307273289312118
extend_delta_checkpoint_write_time,5,-0.1291924240925866
extend_delta_checkpoint_write_time,6,-0.0010775351894982202
extend_delta_checkpoint_write_time,7,-0.035724855457647274
extend_delta_checkpoint_write_time,8,-0.022499740172391345
extend_delta_checkpoint_write_time,9,-0.05908789736943293
extend_delta_checkpoint_write_time,10,-0.09116504051183262
extend_delta_checkpoint_write_time,11,0.07302228630243462
extend_delta_checkpoint_write_time,12,0.0772148813784001
extend_delta_checkpoint_write_time,13,-0.03785490155749695
extend_delta_checkpoint_write_time,14,0.00876847005337238
extend_delta_checkpoint_write_time,15,0.043798733349364016
extend_delta_checkpoint_write_time,16,-0.010107730401994933
extend_delta_checkpoint_write_time,17,-0.05003021884079293
extend_delta_checkpoint_write_time,18,-0.051279712996047964
extend_delta_checkpoint_write_time,19,-0.024287931139854346
extend_delta_checkpoint_write_time,20,-0.07387710570834131
vacuum_delta_checkpoints_req,1,-0.02998776009791914
vacuum_delta_checkpoints_req,2,0.09090909090909109
vacuum_delta_checkpoints_req,3,0.029999999999999964
vacuum_delta_checkpoints_req,4,0.03504351594956464
vacuum_delta_checkpoints_req,5,0.09605368191907653
vacuum_delta_checkpoints_req,6,-0.033747476884919345
vacuum_delta_checkpoints_req,7,-0.030158035973074145
vacuum_delta_checkpoints_req,8,-0.09729629828601358
vacuum_delta_checkpoints_req,9,0.03598154860927044
vacuum_delta_checkpoints_req,10,-0.031194717157237987
vacuum_delta_checkpoints_req,11,0.03531300162573004
vacuum_delta_checkpoints_req,12,-0.09881969222055795
vacuum_delta_checkpoints_req,13,-0.09922313697530813
vacuum_delta_checkpoints_req,14,-0.03269315158209668
vacuum_delta_checkpoints_req,15,0.10084731876758825
vacuum_delta_checkpoints_req,16,-0.033497680166585914
vacuum_delta_checkpoints_req,17,-0.04137032321071193
vacuum_delta_checkpoints_req,18,-0.11200816362425269
vacuum_delta_checkpoints_req,19,-0.04243558427146962
vacuum_delta_checkpoints_req,20,0.09738337140197482
vacuum_delta_checkpoint_write_time,1,0.09179042674815208
vacuum_delta_checkpoint_write_time,2,-0.07142907164151849
vacuum_delta_checkpoint_write_time,3,-0.134269172435504
vacuum_delta_checkpoint_write_time,4,-0.2901456677451183
vacuum_delta_checkpoint_write_time,5,-0.14874242538020352
vacuum_delta_checkpoint_write_time,6,0.06046260203914855
vacuum_delta_checkpoint_write_time,7,0.10333454829486531
vacuum_delta_checkpoint_write_time,8,0.19586037389749425
vacuum_delta_checkpoint_write_time,9,-0.05328908689097965
vacuum_delta_checkpoint_write_time,10,0.02117589887113149
vacuum_delta_checkpoint_write_time,11,-0.047033833231793
vacuum_delta_checkpoint_write_time,12,0.07922706838305561
vacuum_delta_checkpoint_write_time,13,-0.06094173695267896
vacuum_delta_checkpoint_write_time,14,-0.18750485648633347
vacuum_delta_checkpoint_write_time,15,0.10289078238658478
vacuum_delta_checkpoint_write_time,16,-0.11825328213106634
vacuum_delta_checkpoint_write_time,17,0.133799615858252
vacuum_delta_checkpoint_write_time,18,0.14354563099960815
vacuum_delta_checkpoint_write_time,19,0.09086027041091588
vacuum_delta_checkpoint_write_time,20,-0.06577236415128898
run_delta_buffers_checkpoint,1,0.12397461196009807
run_delta_buffers_checkpoint,2,-0.14451749368338968
run_delta_buffers_checkpoint,3,-0.25314732664716105
run_delta_buffers_checkpoint,4,-0.4200523374076815
run_delta_buffers_checkpoint,5,-0.04242123693025184
run_delta_buffers_checkpoint,6,0.21949674892197762
run_delta_buffers_checkpoint,7,0.12831110292496226
run_delta_buffers_checkpoint,8,0.16086647747896646
run_delta_buffers_checkpoint,9,0.10604888018257526
run_delta_buffers_checkpoint,10,-0.0948477141622221
run_delta_buffers_checkpoint,11,-0.083039941056972
run_delta_buffers_checkpoint,12,-0.12855330312699595
run_delta_buffers_checkpoint,13,-0.0747282878545753
run_delta_buffers_checkpoint,14,-0.020419806221883743
run_delta_buffers_checkpoint,15,0.029887304880196548
run_delta_buffers_checkpoint,16,0.07864832036161337
run_delta_buffers_checkpoint,17,0.06922754060985417
run_delta_buffers_checkpoint,18,0.08110407444183623
run_delta_buffers_checkpoint,19,0.0012912853795448939
run_delta_buffers_checkpoint,20,-0.20655313184954044
run_delta_buffers_backend,1,-0.18680242704619865
run_delta_buffers_backend,2,0.1471188345186461
run_delta_buffers_backend,3,0.04391327917307197
run_delta_buffers_backend,4,-0.20325754094905113
run_delta_buffers_backend,5,0.012907375852243937
run_delta_buffers_backend,6,-0.10561006182840857
run_delta_buffers_backend,7,0.06179548313280054
run_delta_buffers_backend,8,0.05533115708694529
run_delta_buffers_backend,9,-0.0063036960964169796
run_delta_buffers_backend,10,-0.04205481376033664
run_delta_buffers_backend,11,-0.008383540287145386
run_delta_buffers_backend,12,-0.08805907521129099
run_delta_buffers_backend,13,0.020404018121274996
run_delta_buffers_backend,14,-0.074492635050026
run_delta_buffers_backend,15,0.05129838690814082
run_delta_buffers_backend,16,0.022445430341919953
run_delta_buffers_backend,17,-0.014807417165137927
run_delta_buffers_backend,18,0.11122526384709533
run_delta_buffers_backend,19,0.016139364884946484
run_delta_buffers_backend,20,-0.027631504195602626
cycle_delta_checkpoints_req,1,0.26371929888368734
cycle_delta_checkpoints_req,2,0.46613941733478587
cycle_delta_checkpoints_req,3,0.23608791281304042
cycle_delta_checkpoints_req,4,0.02127659574468083
cycle_delta_checkpoints_req,5,-0.1487455197132616
cycle_delta_checkpoints_req,6,0.1920289855072463
cycle_delta_checkpoints_req,7,-0.31868131868131855
cycle_delta_checkpoints_req,8,0.19259259259259265
cycle_delta_checkpoints_req,9,0.20921117223723584
cycle_delta_checkpoints_req,10,0.030772872744833167
cycle_delta_checkpoints_req,11,0.03112989720315293
cycle_delta_checkpoints_req,12,0.031495303612997
cycle_delta_checkpoints_req,13,0.03186939067170673
cycle_delta_checkpoints_req,14,0.03225247144031484
cycle_delta_checkpoints_req,15,0.03264487421749034
cycle_delta_checkpoints_req,16,0.03304694347808185
cycle_delta_checkpoints_req,17,0.03345904088189976
cycle_delta_checkpoints_req,18,0.03388154635894691
cycle_delta_checkpoints_req,19,0.034314859277945996
cycle_delta_checkpoints_req,20,0.034759399705716
cycle_delta_checkpoint_write_time,1,0.2866910016766226
cycle_delta_checkpoint_write_time,2,-0.32958803504901124
cycle_delta_checkpoint_write_time,3,-0.5113300564854183
cycle_delta_checkpoint_write_time,4,-0.29484662528765626
cycle_delta_checkpoint_write_time,5,0.23608274307690438
cycle_delta_checkpoint_write_time,6,0.44320455555826405
cycle_delta_checkpoint_write_time,7,0.15998506593601583
cycle_delta_checkpoint_write_time,8,-0.28817778202983363
cycle_delta_checkpoint_write_time,9,-0.4162867928647864
cycle_delta_checkpoint_write_time,10,-0.2255795064540766
cycle_delta_checkpoint_write_time,11,0.1611079473416802
cycle_delta_checkpoint_write_time,12,0.31577954705923866
cycle_delta_checkpoint_write_time,13,0.21971350641290582
cycle_delta_checkpoint_write_time,14,0.07867216726800276
cycle_delta_checkpoint_write_time,15,-0.028828192022895927
cycle_delta_checkpoint_write_time,16,-0.22942860336119747
cycle_delta_checkpoint_write_time,17,-0.10372887321181849
cycle_delta_checkpoint_write_time,18,0.07649986853988441
cycle_delta_checkpoint_write_time,19,0.17188256712359634
cycle_delta_checkpoint_write_time,20,0.12135713876390751
cycle_delta_buffers_checkpoint,1,-0.12076510688238705
cycle_delta_buffers_checkpoint,2,-0.02484428108511717
cycle_delta_buffers_checkpoint,3,-0.33907385041108185
cycle_delta_buffers_checkpoint,4,0.05992598562244958
cycle_delta_buffers_checkpoint,5,0.07788725968501388
cycle_delta_buffers_checkpoint,6,0.04095377393855827
cycle_delta_buffers_checkpoint,7,-0.09051402541633245
cycle_delta_buffers_checkpoint,8,-0.039953921802268824
cycle_delta_buffers_checkpoint,9,0.1936295310476112
cycle_delta_buffers_checkpoint,10,-0.16986355487498067
cycle_delta_buffers_checkpoint,11,0.15907424514316035
cycle_delta_buffers_checkpoint,12,-0.2381436074927513
cycle_delta_buffers_checkpoint,13,0.11414979288724432
cycle_delta_buffers_checkpoint,14,-0.14084778512015805
cycle_delta_buffers_checkpoint,15,0.0484786220908905
cycle_delta_buffers_checkpoint,16,0.1298638881157163
cycle_delta_buffers_checkpoint,17,0.32533941539425865
cycle_delta_buffers_checkpoint,18,-0.12940264481376434
cycle_delta_buffers_checkpoint,19,-0.14879293238710473
cycle_delta_buffers_checkpoint,20,-0.2548299292768144
