Epoch,p95_us,avg_us,Runtime(ms),Throughput(ops/sec),avg-run_duration_s,clean-run_duration_s,extend_duration_s,load_duration_s,reference_duration_s,run_duration_s,vacuum_duration_s,avg-run_delta_checkpoints_timed,clean-run_delta_checkpoints_timed,extend_delta_checkpoints_timed,load_delta_checkpoints_timed,reference_delta_checkpoints_timed,run_delta_checkpoints_timed,vacuum_delta_checkpoints_timed,avg-run_delta_checkpoints_req,clean-run_delta_checkpoints_req,extend_delta_checkpoints_req,load_delta_checkpoints_req,reference_delta_checkpoints_req,run_delta_checkpoints_req,vacuum_delta_checkpoints_req,avg-run_delta_checkpoint_write_time,clean-run_delta_checkpoint_write_time,extend_delta_checkpoint_write_time,load_delta_checkpoint_write_time,reference_delta_checkpoint_write_time,run_delta_checkpoint_write_time,vacuum_delta_checkpoint_write_time,avg-run_delta_checkpoint_sync_time,clean-run_delta_checkpoint_sync_time,extend_delta_checkpoint_sync_time,load_delta_checkpoint_sync_time,reference_delta_checkpoint_sync_time,run_delta_checkpoint_sync_time,vacuum_delta_checkpoint_sync_time,avg-run_delta_buffers_checkpoint,clean-run_delta_buffers_checkpoint,extend_delta_buffers_checkpoint,load_delta_buffers_checkpoint,reference_delta_buffers_checkpoint,run_delta_buffers_checkpoint,vacuum_delta_buffers_checkpoint,avg-run_delta_buffers_clean,clean-run_delta_buffers_clean,extend_delta_buffers_clean,load_delta_buffers_clean,reference_delta_buffers_clean,run_delta_buffers_clean,vacuum_delta_buffers_clean,avg-run_delta_buffers_backend,clean-run_delta_buffers_backend,extend_delta_buffers_backend,load_delta_buffers_backend,reference_delta_buffers_backend,run_delta_buffers_backend,vacuum_delta_buffers_backend,avg-run_delta_buffers_alloc,clean-run_delta_buffers_alloc,extend_delta_buffers_alloc,load_delta_buffers_alloc,reference_delta_buffers_alloc,run_delta_buffers_alloc,vacuum_delta_buffers_alloc,avg-run_delta_wal_bytes,clean-run_delta_wal_bytes,extend_delta_wal_bytes,load_delta_wal_bytes,reference_delta_wal_bytes,run_delta_wal_bytes,vacuum_delta_wal_bytes,avg-run_delta_wal_records,clean-run_delta_wal_records,extend_delta_wal_records,load_delta_wal_records,reference_delta_wal_records,run_delta_wal_records,vacuum_delta_wal_records,cycle_duration_s,cycle_delta_checkpoints_timed,cycle_delta_checkpoints_req,cycle_delta_checkpoint_write_time,cycle_delta_checkpoint_sync_time,cycle_delta_buffers_checkpoint,cycle_delta_buffers_clean,cycle_delta_buffers_backend,cycle_delta_buffers_alloc,cycle_delta_wal_bytes,cycle_delta_wal_records,is_p95_peak
1,96,62.70708,6858,14581.51064450277,6.444,7.072,103.275,,5.42,7.063,0.279,0.0,0.0,0.0,,0.0,0.0,0.0,0.0,0.0,0.0,,0.0,0.0,0.0,0.0,0.0,0.0,,0.0,0.0,0.0,0.0,0.0,0.0,,0.0,0.0,0.0,0.0,0.0,0.0,,0.0,0.0,0.0,0.0,0.0,0.0,,0.0,0.0,0.0,0.0,0.0,0.0,,0.0,0.0,0.0,0.0,602.0,19042.0,,0.0,0.0,1.0,0.0,0.0,244875852.0,,0.0,0.0,1066607.0,0.0,0.0,666970.0,,0.0,0.0,14431.0,144.476,0,1,419,35,23025,0,22374,26128,298950589,752795,False
2,107,74.79005,8056,12413.108242303872,7.995,8.474,112.513,,5.528,8.301,0.392,0.0,0.0,0.0,,0.0,0.0,0.0,0.0,0.0,1.0,,0.0,0.0,0.0,0.0,0.0,0.0,,0.0,0.0,0.0,0.0,0.0,0.0,,0.0,0.0,0.0,0.0,0.0,10707.0,,55.0,83.0,795.0,0.0,0.0,0.0,,0.0,0.0,0.0,0.0,0.0,21916.0,,0.0,0.0,0.0,0.0,759.0,17558.0,,0.0,0.0,1.0,0.0,576934.0,617204080.0,,0.0,0.0,9785858.0,0.0,4685.0,1228838.0,,0.0,0.0,76150.0,160.539,0,2,33538,75,49000,0,21952,27517,708869799,1472134,False
3,129,89.48905,9521,10503.09841403214,9.101,9.135,120.068,,5.512,9.747,1.405,0.0,0.0,0.0,,0.0,0.0,0.0,0.0,0.0,1.0,,0.0,0.0,0.0,0.0,0.0,0.0,,0.0,0.0,55491.0,0.0,0.0,0.0,,0.0,0.0,94.0,0.0,0.0,51443.0,,0.0,0.0,142.0,0.0,0.0,0.0,,0.0,0.0,0.0,0.0,0.0,36406.0,,0.0,0.0,0.0,0.0,987.0,29087.0,,0.0,0.0,0.0,33442.0,739358.0,950612871.0,,0.0,0.0,16393948.0,195.0,6189.0,1666510.0,,0.0,0.0,206990.0,174.956,0,2,58664,132,118927,0,36407,42203,1073045558,2109270,False
4,164,106.47854,11242,8895.21437466643,9.842,10.97,133.708,,5.645,11.479,0.481,0.0,0.0,0.0,,0.0,0.0,0.0,0.0,0.0,2.0,,0.0,0.0,0.0,0.0,0.0,46133.0,,0.0,0.0,0.0,0.0,0.0,13.0,,0.0,0.0,0.0,0.0,0.0,115195.0,,57.0,115.0,579.0,0.0,0.0,0.0,,0.0,0.0,0.0,0.0,0.0,26947.0,,0.0,0.0,0.0,0.0,942.0,16559.0,,0.0,0.0,0.0,39134.0,896110.0,1401960511.0,,0.0,0.0,4703772.0,242.0,7680.0,2419720.0,,0.0,0.0,71184.0,193.655,0,3,103756,59,191489,0,26948,32746,1536531404,2772667,False
5,173,115.77545,12179,8210.854749979473,10.612,11.64,143.515,,5.573,12.409,0.559,0.0,0.0,0.0,,0.0,0.0,0.0,0.0,0.0,3.0,,0.0,0.0,0.0,0.0,0.0,76663.0,,0.0,0.0,0.0,0.0,0.0,35.0,,0.0,0.0,0.0,0.0,0.0,190211.0,,56.0,124.0,1453.0,0.0,0.0,0.0,,0.0,0.0,0.0,0.0,0.0,40000.0,,0.0,0.0,1.0,0.0,729.0,26479.0,,0.0,0.0,1.0,0.0,1082606.0,1825938655.0,,0.0,0.0,10761471.0,0.0,9391.0,2911333.0,,0.0,0.0,138313.0,206.92,0,4,123942,110,281201,0,40003,44904,1989164331,3352623,False
6,197,129.31811,13525,7393.715341959334,11.561,12.499,152.994,,5.484,13.757,0.709,0.0,0.0,0.0,,0.0,0.0,0.0,0.0,0.0,4.0,,0.0,0.0,0.0,0.0,0.0,99100.0,,0.0,0.0,0.0,0.0,0.0,26.0,,0.0,0.0,0.0,0.0,0.0,252856.0,,55.0,138.0,7630.0,0.0,0.0,0.0,,0.0,0.0,0.0,0.0,0.0,31476.0,,0.0,0.0,0.0,0.0,602.0,15717.0,,0.0,0.0,0.0,0.0,1181679.0,2237571293.0,,0.0,0.0,45357874.0,0.0,10544.0,3366985.0,,0.0,0.0,283974.0,221.177,0,5,138716,98,365788,0,31478,37244,2466911429,3993690,False
7,212,140.51969,14660,6821.2824010914055,12.464,13.358,161.499,,5.706,14.896,0.73,0.0,0.0,0.0,,0.0,0.0,0.0,0.0,0.0,5.0,,0.0,0.0,0.0,0.0,0.0,119189.0,,0.0,0.0,0.0,0.0,0.0,457.0,,0.0,0.0,0.0,0.0,0.0,357117.0,,57.0,149.0,13690.0,0.0,0.0,0.0,,0.0,0.0,0.0,0.0,0.0,48901.0,,0.0,1.0,1.0,0.0,529.0,30041.0,,0.0,0.0,1.0,0.0,1322681.0,2656728381.0,,96.0,32404.0,51192711.0,0.0,11972.0,3912710.0,,2.0,312.0,261841.0,236.295,0,6,155624,523,523740,0,48904,54368,2917504536,4531534,False
8,226,148.72269,15468,6464.959917248513,13.233,14.465,168.775,,5.485,15.695,0.699,0.0,0.0,0.0,,0.0,0.0,0.0,0.0,0.0,5.0,,0.0,0.0,0.0,0.0,0.0,134759.0,,0.0,0.0,0.0,0.0,0.0,101.0,,0.0,0.0,0.0,0.0,0.0,489707.0,,0.0,0.0,0.0,0.0,0.0,0.0,,0.0,0.0,0.0,0.0,0.0,29637.0,,0.0,0.0,0.0,0.0,133.0,7977.0,,0.0,0.0,1.0,0.0,1434832.0,3037868984.0,,50.0,20497.0,29819098.0,0.0,13308.0,4360291.0,,1.0,330.0,293169.0,244.473,0,6,140593,140,599458,0,29640,34727,3289533631,5024598,False
9,246,162.27597,16853,5933.661662611998,14.177,15.478,178.312,,5.41,17.079,1.757,0.0,0.0,0.0,,0.0,0.0,0.0,0.0,0.0,6.0,,0.0,0.0,0.0,0.0,0.0,125284.0,,0.0,0.0,22809.0,0.0,0.0,550.0,,0.0,0.0,24.0,0.0,0.0,670875.0,,0.0,0.0,12084.0,0.0,0.0,0.0,,0.0,0.0,0.0,0.0,0.0,58848.0,,0.0,0.0,1.0,0.0,137.0,34765.0,,0.0,0.0,1.0,0.0,1550255.0,3503381104.0,,50.0,0.0,62455036.0,0.0,14665.0,4829544.0,,1.0,0.0,404288.0,260.838,0,7,155831,596,824252,0,58932,64981,3807884221,5631716,False
10,259,172.24405,17799,5618.293162537221,14.542,16.364,186.058,,5.364,18.046,1.825,0.0,0.0,0.0,,0.0,0.0,0.0,0.0,0.0,7.0,,0.0,0.0,0.0,0.0,0.0,136430.0,,0.0,0.0,0.0,0.0,0.0,174.0,,0.0,0.0,0.0,0.0,0.0,698205.0,,54.0,180.0,11868.0,0.0,0.0,0.0,,0.0,0.0,0.0,0.0,0.0,54453.0,,0.0,0.0,1.0,0.0,1112.0,26989.0,,0.0,0.0,1.0,0.0,1670384.0,3939397462.0,,50.0,0.0,112737146.0,0.0,16037.0,5327176.0,,1.0,0.0,569834.0,274.186,0,8,192854,200,897255,0,54542,58605,4315719024,6308518,False
11,279,185.52381,19151,5221.659443371103,17.63,17.439,194.347,,5.387,19.397,1.823,0.0,0.0,0.0,,0.0,0.0,0.0,0.0,0.0,8.0,,0.0,0.0,0.0,0.0,0.0,150401.0,,0.0,0.0,0.0,0.0,0.0,193.0,,0.0,0.0,0.0,0.0,0.0,799648.0,,54.0,194.0,9656.0,0.0,0.0,0.0,,0.0,0.0,0.0,0.0,0.0,52353.0,,0.0,0.0,1.0,0.0,588.0,23487.0,,0.0,0.0,1.0,0.0,0.0,4439485664.0,,0.0,0.0,96751525.0,0.0,0.0,5990802.0,,0.0,0.0,476898.0,289.038,0,9,202982,234,985366,0,52355,58723,4822451950,6871637,False
12,287,189.23245,19525,5121.638924455826,16.352,18.279,200.764,,5.295,19.765,1.31,0.0,0.0,0.0,,0.0,0.0,0.0,0.0,0.0,9.0,,0.0,0.0,0.0,0.0,0.0,167421.0,,0.0,0.0,0.0,0.0,0.0,184.0,,0.0,0.0,0.0,0.0,0.0,820037.0,,53.0,198.0,17721.0,0.0,0.0,0.0,,0.0,0.0,0.0,0.0,0.0,61178.0,,0.0,1.0,1.0,0.0,469.0,28425.0,,0.0,0.0,1.0,0.0,1868268.0,4712111459.0,,0.0,37325.0,134428538.0,0.0,18748.0,6091867.0,,0.0,391.0,775219.0,300.165,0,10,213361,251,1109022,0,61181,65285,5179992489,7305820,False
13,303,201.0615,20707,4829.284782923649,17.084,19.398,206.116,,5.47,20.956,1.222,0.0,0.0,0.0,,0.0,0.0,0.0,0.0,0.0,10.0,,0.0,0.0,0.0,0.0,0.0,172029.0,,0.0,0.0,0.0,0.0,0.0,248.0,,0.0,0.0,0.0,0.0,0.0,1007010.0,,55.0,210.0,17598.0,0.0,0.0,0.0,,0.0,0.0,0.0,0.0,0.0,64839.0,,0.0,1.0,1.0,0.0,257.0,30836.0,,0.0,0.0,1.0,0.0,1970002.0,5313849191.0,,0.0,37714.0,132566270.0,0.0,20144.0,6753745.0,,0.0,397.0,797847.0,309.73,0,11,222765,266,1304886,0,64842,71920,5799540492,8000782,False
14,310,210.61569,21670,4614.674665436087,19.877,20.199,206.063,,5.475,21.924,1.397,0.0,0.0,0.0,,0.0,0.0,0.0,0.0,0.0,10.0,,0.0,0.0,0.0,0.0,0.0,163601.0,,0.0,0.0,0.0,0.0,0.0,249.0,,0.0,0.0,0.0,0.0,0.0,1002453.0,,0.0,0.0,8852.0,0.0,0.0,0.0,,0.0,0.0,0.0,0.0,0.0,95750.0,,0.0,0.0,0.0,2.0,321.0,57335.0,,0.0,0.0,2.0,50.0,0.0,5528791399.0,,0.0,0.0,126428968.0,1.0,0.0,7084456.0,,0.0,0.0,936612.0,318.918,0,11,198460,301,1348542,0,95754,100181,6025505437,8461025,False
15,334,221.6452,22768,4392.129304286718,18.744,20.794,211.676,,5.52,23.015,2.672,0.0,0.0,0.0,,0.0,0.0,0.0,0.0,0.0,11.0,,0.0,0.0,0.0,0.0,0.0,175435.0,,0.0,0.0,0.0,0.0,0.0,442.0,,0.0,0.0,0.0,0.0,0.0,1017271.0,,55.0,230.0,24121.0,0.0,0.0,0.0,,0.0,0.0,0.0,0.0,0.0,63917.0,,0.0,0.0,101.0,0.0,155.0,23485.0,,0.0,0.0,1.0,0.0,2163124.0,5889943567.0,,0.0,50.0,185393644.0,0.0,22883.0,7420944.0,,0.0,1.0,1107087.0,329.179,0,12,238382,449,1418293,0,64019,72665,6462764081,8997551,False
16,346,233.92672,24014,4164.237528108603,19.393,21.94,213.672,,5.469,24.26,4.445,0.0,0.0,0.0,,0.0,0.0,0.0,0.0,0.0,12.0,,0.0,0.0,0.0,0.0,0.0,179409.0,,0.0,0.0,0.0,0.0,0.0,2878.0,,0.0,0.0,0.0,0.0,0.0,1113015.0,,54.0,35762.0,22389.0,0.0,0.0,0.0,,0.0,0.0,0.0,0.0,0.0,152279.0,,0.0,1.0,4.0,0.0,156.0,105784.0,,0.0,0.0,4.0,0.0,2255990.0,6253599803.0,,0.0,26418.0,291671987.0,0.0,24258.0,7657338.0,,0.0,427.0,1440809.0,342.134,0,13,247251,2920,1640327,0,152286,156353,6957481157,9576695,False
17,371,245.97861,25246,3961.023528479759,20.081,23.818,231.609,,5.48,25.498,3.727,0.0,0.0,0.0,,0.0,0.0,0.0,0.0,0.0,12.0,,0.0,1.0,0.0,0.0,0.0,188665.0,,0.0,0.0,17096.0,0.0,0.0,72.0,,0.0,0.0,3.0,0.0,0.0,1203688.0,,54.0,97021.0,12335.0,0.0,0.0,0.0,,0.0,0.0,0.0,0.0,0.0,47848.0,,0.0,102.0,1.0,0.0,158.0,305.0,,0.0,0.0,1.0,50.0,2349353.0,6563323451.0,,50.0,38570.0,297294645.0,1.0,25636.0,8236766.0,,1.0,417.0,1315132.0,356.891,0,14,261291,89,1668865,0,47952,51973,7289682798,10045387,False
18,376,252.55627,25870,3865.4812524159256,22.958,23.966,239.645,,5.667,26.127,3.656,0.0,0.0,0.0,,0.0,0.0,0.0,0.0,0.0,13.0,,0.0,0.0,0.0,0.0,0.0,199396.0,,0.0,0.0,0.0,0.0,0.0,99.0,,0.0,0.0,0.0,0.0,0.0,1341783.0,,0.0,0.0,20028.0,0.0,0.0,0.0,,2400.0,0.0,0.0,0.0,0.0,53364.0,,0.0,0.0,1.0,2.0,710.0,4430.0,,1359.0,0.0,6.0,1514382.0,50.0,7016875442.0,,0.0,26879.0,243740428.0,25328.0,1.0,8754257.0,,0.0,434.0,1397810.0,376.523,0,14,243897,155,1852930,3016,53471,60335,7716282433,10677336,False
19,391,262.80438,26912,3715.8145065398335,25.402,25.145,250.932,,5.428,27.17,4.288,0.0,0.0,0.0,,0.0,0.0,0.0,0.0,0.0,14.0,,0.0,0.0,0.0,0.0,0.0,214640.0,,0.0,0.0,0.0,0.0,0.0,142.0,,0.0,0.0,0.0,0.0,0.0,1376122.0,,54.0,33084.0,23244.0,0.0,0.0,19.0,,2700.0,13500.0,18.0,0.0,0.0,86829.0,,0.0,5751.0,3852.0,3.0,490.0,289523.0,,1559.0,101.0,242.0,2014226.0,67147.0,7387446548.0,,0.0,50.0,305237209.0,33661.0,436.0,9131585.0,,0.0,1.0,1554013.0,394.819,0,15,291362,165,1922372,18780,96448,366505,8189644882,11431044,False
20,411,271.92387,27816,3595.053206787461,23.747,25.569,240.928,,5.699,28.077,9.261,0.0,0.0,0.0,,0.0,0.0,0.0,0.0,0.0,15.0,,0.0,0.0,0.0,0.0,0.0,205842.0,,0.0,0.0,0.0,0.0,0.0,2832.0,,0.0,0.0,0.0,0.0,0.0,1467319.0,,57.0,280.0,40528.0,0.0,9.0,2185.0,,2800.0,14000.0,3415.0,0.0,0.0,157189.0,,0.0,0.0,74504.0,16.0,162.0,507741.0,,1666.0,15.0,898.0,50.0,2622986.0,7802077379.0,,0.0,50.0,325375018.0,1.0,29795.0,9555606.0,,0.0,1.0,1701980.0,391.057,0,16,285099,2874,2003495,31680,234877,593428,8657236731,12014107,False
21,427,284.23595,29041,3443.407596157157,24.617,26.572,260.315,,5.52,29.305,7.195,0.0,0.0,0.0,,0.0,0.0,0.0,0.0,0.0,16.0,,0.0,0.0,0.0,0.0,0.0,225030.0,,0.0,0.0,0.0,0.0,0.0,6646.0,,0.0,0.0,0.0,0.0,0.0,1382154.0,,55.0,293.0,29691.0,0.0,285.0,5333.0,,183.0,0.0,1305.0,0.0,0.0,261452.0,,0.0,0.0,160053.0,7.0,59.0,542460.0,,1665.0,0.0,1162.0,2014235.0,50.0,8309696007.0,,0.0,50.0,228197445.0,33661.0,1.0,10293253.0,,0.0,1.0,1708160.0,412.563,0,17,300519,6672,1918283,7346,421529,627281,9104060326,12779549,False
22,432,287.17422,29337,3408.6648259876606,24.364,28.341,269.352,,5.542,29.601,8.722,0.0,0.0,0.0,,0.0,0.0,0.0,0.0,0.0,16.0,,0.0,0.0,0.0,0.0,0.0,234936.0,,0.0,0.0,0.0,0.0,0.0,5463.0,,0.0,0.0,0.0,0.0,0.0,1567171.0,,55.0,9224.0,36623.0,0.0,645.0,30.0,,617.0,0.0,59.0,0.0,0.0,208081.0,,0.0,786.0,167579.0,4.0,938.0,520735.0,,1665.0,0.0,314.0,2037371.0,2793979.0,8808564653.0,,0.0,50.0,280687680.0,34093.0,32516.0,10759070.0,,0.0,1.0,1700995.0,425.215,0,18,310809,5480,2101362,1412,376548,609282,9671692889,13284220,False
23,458,307.85518,31425,3182.1797931583133,26.929,28.674,276.652,,5.462,31.68,13.89,0.0,0.0,0.0,,0.0,0.0,0.0,0.0,0.0,17.0,,0.0,0.0,1.0,0.0,0.0,235038.0,,0.0,0.0,15567.0,0.0,0.0,143.0,,0.0,0.0,945.0,2877.0,0.0,1793451.0,,54.0,82507.0,120216.0,0.0,52.0,3442.0,,2573.0,14850.0,5700.0,5.0,0.0,74926.0,,0.0,2509.0,101144.0,3.0,393.0,416592.0,,1666.0,206.0,794.0,2026357.0,50.0,9111665319.0,,0.0,50.0,438742375.0,33661.0,1.0,11152658.0,,0.0,1.0,1765341.0,433.743,0,20,318424,1105,2341178,30956,247514,515071,10135830959,13714750,False
24,467,309.16684,31569,3167.6644809781747,27.742,29.68,291.908,,5.534,31.825,34.94,0.0,0.0,0.0,,0.0,0.0,0.0,0.0,0.0,17.0,,0.0,0.0,1.0,0.0,0.0,275801.0,,0.0,0.0,21967.0,0.0,0.0,4600.0,,0.0,0.0,7992.0,2279.0,0.0,1777130.0,,55.0,71747.0,163574.0,0.0,2.0,918.0,,2700.0,15400.0,6811.0,5.0,0.0,169630.0,,0.0,413.0,364509.0,3.0,619.0,547233.0,,1666.0,79.0,3948.0,2026298.0,50.0,9671791203.0,,0.0,50.0,465147905.0,33660.0,1.0,11661879.0,,0.0,1.0,2040200.0,480.009,0,20,381341,12614,2366109,37129,602417,648642,10754167873,14515552,False
25,487,328.4427,33490,2985.965959988056,28.197,30.524,273.193,,5.464,33.735,46.428,0.0,0.0,0.0,,0.0,0.0,0.0,0.0,0.0,17.0,,0.0,0.0,1.0,0.0,0.0,254243.0,,0.0,0.0,27047.0,0.0,0.0,9946.0,,0.0,0.0,8185.0,610.0,0.0,1828982.0,,55.0,123166.0,127046.0,0.0,0.0,2295.0,,2500.0,16400.0,11298.0,5.0,0.0,299677.0,,0.0,1711.0,473946.0,3.0,83.0,668406.0,,1666.0,1524.0,1129.0,2026348.0,50.0,9484506592.0,,0.0,50.0,628410083.0,33661.0,1.0,11293128.0,,0.0,1.0,2681106.0,472.077,0,20,368135,18184,2407023,43834,849515,789563,10756050921,14801678,False
26,488,329.84382,33613,2975.039419272305,27.67,31.238,294.41,,5.605,33.863,21.558,0.0,0.0,0.0,,0.0,0.0,0.0,0.0,0.0,18.0,,0.0,0.0,1.0,0.0,0.0,282317.0,,0.0,0.0,14600.0,0.0,0.0,2984.0,,0.0,0.0,27.0,343.0,0.0,1984772.0,,55.0,75389.0,154851.0,0.0,0.0,3443.0,,2500.0,16500.0,3581.0,6.0,0.0,94645.0,,0.0,5407.0,200975.0,4.0,988.0,748326.0,,1666.0,2593.0,1481.0,3133518.0,3155460.0,10144110182.0,,0.0,41241.0,507717223.0,37137.0,38121.0,12375135.0,,0.0,457.0,2112582.0,464.616,0,21,374054,3034,2516938,33523,374896,866130,11310103164,15368030,False
27,502,349.89661,35616,2807.726864330638,29.838,32.037,292.203,,5.584,35.864,49.153,0.0,0.0,0.0,,0.0,0.0,0.0,0.0,0.0,19.0,,0.0,0.0,0.0,0.0,0.0,285267.0,,0.0,0.0,0.0,0.0,0.0,8179.0,,0.0,0.0,0.0,388.0,0.0,1717393.0,,56.0,358.0,38193.0,0.0,0.0,3157.0,,2500.0,17800.0,11900.0,5.0,0.0,183522.0,,0.0,1.0,699503.0,3.0,583.0,803181.0,,1666.0,156.0,1828.0,2272260.0,50.0,10452635474.0,,0.0,28444.0,319093554.0,37829.0,1.0,12416445.0,,0.0,462.0,2520643.0,509.486,0,21,412706,8193,2237721,50166,959685,938271,11476330593,15801991,False
28,504,333.73771,34024,2939.1018104867157,30.64,32.623,312.061,,5.391,34.277,49.453,0.0,0.0,0.0,,0.0,0.0,0.0,0.0,0.0,20.0,,0.0,0.0,0.0,0.0,0.0,302173.0,,0.0,0.0,0.0,0.0,0.0,13505.0,,0.0,0.0,0.0,394.0,0.0,1760547.0,,54.0,342.0,42823.0,0.0,0.0,3055.0,,2300.0,17000.0,15819.0,5.0,0.0,370045.0,,1.0,0.0,638840.0,3.0,868.0,856655.0,,1567.0,188.0,2600.0,2272201.0,50.0,10824479216.0,,40327.0,50.0,457651348.0,37828.0,1.0,12773797.0,,439.0,1.0,2731250.0,531.707,0,22,429395,13524,2294064,50640,1091726,994918,11989960205,16375106,False
29,533,353.27492,35955,2781.254345709915,30.108,33.884,326.324,,5.552,36.201,48.644,0.0,0.0,0.0,,0.0,0.0,0.0,0.0,0.0,20.0,,0.0,0.0,1.0,0.0,0.0,307266.0,,0.0,0.0,14912.0,0.0,0.0,12222.0,,0.0,0.0,4545.0,456.0,0.0,1763407.0,,55.0,361.0,99465.0,0.0,0.0,3855.0,,2700.0,17700.0,17761.0,5.0,0.0,437267.0,,0.0,1.0,597967.0,3.0,534.0,918952.0,,1559.0,97.0,1964.0,3656832.0,3114431.0,11259449653.0,,0.0,33879.0,529498108.0,50636.0,42079.0,13311831.0,,0.0,330.0,2773352.0,544.495,0,23,440979,16787,2327358,51403,1130121,1066655,12516259755,17023388,False
30,547,362.5592,36909,2709.366279227289,30.583,35.75,324.63,,6.399,37.169,75.24,0.0,0.0,0.0,,0.0,0.0,0.0,0.0,0.0,21.0,,0.0,0.0,1.0,0.0,0.0,317020.0,,0.0,0.0,30568.0,0.0,0.0,4826.0,,0.0,0.0,8326.0,463.0,0.0,1873881.0,,64.0,36670.0,196384.0,0.0,0.0,8187.0,,3100.0,18300.0,20407.0,5.0,0.0,223574.0,,0.0,1563.0,887263.0,3.0,867.0,981791.0,,1666.0,193.0,1925.0,3480275.0,3014858.0,11728101131.0,,0.0,28245.0,564040692.0,50547.0,43337.0,13809749.0,,0.0,244.0,2813583.0,573.897,0,24,464984,13171,2559814,61099,1205854,1129632,13054070612,17579721,False
31,560,382.68871,38825,2575.6600128783,33.992,36.037,322.463,,5.688,39.103,69.451,0.0,0.0,0.0,,0.0,0.0,0.0,0.0,0.0,22.0,,0.0,0.0,0.0,0.0,0.0,311155.0,,0.0,0.0,55390.0,0.0,0.0,15421.0,,0.0,0.0,7980.0,339.0,0.0,2089568.0,,10775.0,73256.0,37284.0,0.0,0.0,1686.0,,2700.0,19300.0,18550.0,0.0,0.0,314821.0,,0.0,1.0,784311.0,0.0,52.0,1029140.0,,1666.0,123.0,6027.0,50.0,50.0,12093953779.0,,0.0,24661.0,356877985.0,1.0,1.0,14231960.0,,0.0,177.0,2965937.0,568.961,0,25,440231,23422,2620812,50992,1421750,1184405,13246401961,18121507,False
32,575,384.53335,39038,2561.60663968441,34.705,37.08,331.554,,5.583,39.296,84.763,0.0,0.0,0.0,,0.0,0.0,0.0,0.0,0.0,23.0,,0.0,0.0,1.0,0.0,0.0,329370.0,,0.0,0.0,40539.0,0.0,0.0,7802.0,,0.0,0.0,9789.0,475.0,0.0,2074359.0,,49.0,85127.0,146528.0,0.0,3.0,7845.0,,2600.0,19000.0,23684.0,4.0,0.0,228218.0,,1.0,3950.0,1066554.0,3.0,190.0,1096923.0,,1669.0,639.0,7578.0,3249254.0,2952564.0,12577448618.0,,21318.0,50.0,584109834.0,50439.0,45997.0,14670606.0,,130.0,1.0,3179647.0,587.133,0,26,462992,17611,2626017,55055,1400567,1258286,13967747040,18833558,False
33,592,403.39283,40940,2442.5989252564727,35.292,37.58,333.436,,5.631,41.207,106.577,0.0,0.0,0.0,,0.0,0.0,0.0,0.0,0.0,23.0,,0.0,0.0,1.0,0.0,0.0,325587.0,,0.0,0.0,48832.0,0.0,0.0,12630.0,,0.0,0.0,8516.0,458.0,0.0,2350677.0,,56.0,32524.0,303256.0,0.0,3.0,727.0,,2800.0,20400.0,21233.0,1.0,0.0,300632.0,,0.0,1013.0,1165029.0,1.0,75.0,1099040.0,,1666.0,101.0,4538.0,3179541.0,2974825.0,12493686798.0,,0.0,19296.0,772501829.0,50407.0,47386.0,14398512.0,,0.0,98.0,3710181.0,631.334,0,26,512791,21190,3064426,58259,1571301,1266273,14102605534,19108245,False
34,598,408.0138,41371,2417.152111382369,36.013,38.522,364.975,,5.677,41.619,79.864,0.0,0.0,0.0,,0.0,0.0,0.0,0.0,0.0,24.0,,0.0,0.0,1.0,0.0,0.0,355511.0,,0.0,0.0,19996.0,0.0,0.0,12359.0,,0.0,0.0,8928.0,359.0,0.0,2150453.0,,56.0,19671.0,173515.0,0.0,0.0,5368.0,,2800.0,20100.0,25237.0,0.0,0.0,418213.0,,0.0,2998.0,984976.0,0.0,592.0,1257816.0,,1559.0,220.0,2439.0,50.0,50.0,13287664498.0,,0.0,50.0,614985393.0,1.0,1.0,15531754.0,,0.0,1.0,3252030.0,625.961,0,27,500619,21301,2703117,60250,1511977,1422168,14747245137,19733475,False
35,622,409.56843,41532,2407.7819512664933,35.963,39.86,365.241,,5.325,41.789,95.001,0.0,0.0,0.0,,0.0,0.0,0.0,0.0,0.0,25.0,,0.0,0.0,1.0,0.0,0.0,362016.0,,0.0,0.0,42931.0,0.0,0.0,10009.0,,0.0,0.0,8663.0,442.0,0.0,2254327.0,,51.0,69150.0,249405.0,0.0,0.0,6081.0,,2600.0,20200.0,19670.0,1.0,0.0,338555.0,,0.0,3179.0,1141712.0,1.0,65.0,1141805.0,,1559.0,1212.0,3163.0,3000776.0,3074010.0,13687928794.0,,0.0,50.0,682784657.0,48590.0,50252.0,15918672.0,,0.0,1.0,3408401.0,645.153,0,28,529230,18697,2890612,57883,1594711,1315473,15241388463,20350390,False
36,630,418.18757,42393,2358.880003774208,36.52,40.081,379.792,,5.665,42.659,87.09,0.0,0.0,0.0,,0.0,0.0,0.0,0.0,0.0,26.0,,0.0,0.0,0.0,0.0,0.0,377755.0,,0.0,90474.0,0.0,0.0,0.0,14578.0,,0.0,8313.0,0.0,365.0,0.0,2425622.0,,0.0,1707.0,85471.0,0.0,0.0,3703.0,,2800.0,20200.0,26476.0,0.0,0.0,300572.0,,0.0,1993.0,1231929.0,1.0,336.0,1248076.0,,1666.0,17419.0,9368.0,50.0,3134713.0,14052857822.0,,0.0,3167.0,438809959.0,1.0,51700.0,16450841.0,,0.0,50.0,3327652.0,661.484,0,28,498324,22916,2971371,66877,1650868,1446329,15392325783,20814444,False
37,646,418.69295,42449,2355.768098188414,37.234,41.95,382.388,,5.415,42.707,101.514,0.0,0.0,0.0,,0.0,0.0,0.0,0.0,0.0,26.0,,0.0,0.0,1.0,0.0,0.0,369929.0,,0.0,0.0,0.0,0.0,0.0,13770.0,,0.0,0.0,0.0,372.0,0.0,2639337.0,,54.0,426.0,75656.0,0.0,0.0,2284.0,,2700.0,21000.0,27004.0,0.0,0.0,350173.0,,0.0,0.0,1395084.0,0.0,52.0,1314608.0,,1666.0,3212.0,3631.0,50.0,50.0,14252567644.0,,0.0,50.0,752203032.0,1.0,1.0,16312781.0,,0.0,1.0,4206272.0,689.886,0,29,565289,16427,3190665,65470,1868786,1513463,15924903364,21494071,False
38,656,445.11263,45095,2217.540747311232,37.884,42.268,418.66,,5.558,45.35,99.187,0.0,0.0,0.0,,0.0,0.0,0.0,0.0,0.0,28.0,,0.0,0.0,1.0,0.0,0.0,411240.0,,0.0,0.0,49116.0,0.0,0.0,20584.0,,0.0,0.0,8739.0,378.0,0.0,2316213.0,,55.0,64932.0,185693.0,0.0,3.0,7710.0,,2633.0,17912.0,32585.0,0.0,0.0,619196.0,,0.0,5027.0,1131914.0,0.0,733.0,1441903.0,,1666.0,680.0,4032.0,50.0,50.0,15143538048.0,,0.0,15681.0,702576732.0,1.0,1.0,17576203.0,,0.0,39.0,3799629.0,707.623,0,31,572478,29341,2843324,68915,1880243,1636805,16775389453,22365038,False
39,683,456.54125,46241,2162.5829891222074,41.744,43.347,411.006,,5.638,46.522,115.847,0.0,0.0,0.0,,0.0,0.0,0.0,0.0,0.0,28.0,,0.0,0.0,1.0,0.0,0.0,408502.0,,0.0,0.0,33610.0,0.0,0.0,9653.0,,0.0,0.0,8066.0,417.0,0.0,2662229.0,,57.0,16704.0,131023.0,0.0,0.0,2500.0,,2800.0,22700.0,29286.0,0.0,0.0,283310.0,,0.0,2967.0,1514444.0,0.0,919.0,1480522.0,,1666.0,262.0,4565.0,50.0,50.0,15431893795.0,,0.0,50.0,609793102.0,1.0,1.0,17978056.0,,0.0,1.0,3697543.0,731.067,0,31,595130,17740,3209401,64703,1924783,1695829,17023917538,22871448,False
40,683,453.98898,45998,2174.007565546328,43.707,45.998,422.554,,5.452,46.252,137.603,0.0,0.0,0.0,,0.0,0.0,0.0,0.0,0.0,29.0,,0.0,0.0,1.0,0.0,0.0,423030.0,,0.0,0.0,61610.0,0.0,0.0,14341.0,,0.0,0.0,8373.0,437.0,0.0,2695726.0,,54.0,461.0,341878.0,0.0,0.0,5015.0,,2700.0,22200.0,20834.0,0.0,0.0,325751.0,,0.0,0.0,1524972.0,0.0,510.0,1442307.0,,1666.0,544.0,4916.0,50.0,50.0,15780352786.0,,0.0,100.0,752662448.0,1.0,1.0,18218321.0,,0.0,2.0,3912572.0,779.688,0,32,650062,22731,3499049,62841,1994943,1656098,17530673715,23342530,False
41,698,464.29361,47066,2124.675986911996,44.856,46.032,423.178,,5.599,47.327,112.363,0.0,0.0,0.0,,0.0,0.0,0.0,0.0,0.0,29.0,,0.0,1.0,0.0,0.0,0.0,429721.0,,0.0,0.0,91884.0,0.0,0.0,19383.0,,0.0,0.0,8788.0,448.0,0.0,2656843.0,,9894.0,89337.0,53283.0,0.0,0.0,3776.0,,2800.0,23000.0,30146.0,0.0,0.0,441158.0,,0.0,32849.0,1440441.0,0.0,840.0,1412536.0,,1666.0,228.0,5029.0,50.0,50.0,16056593233.0,,0.0,50.0,587212051.0,1.0,1.0,18488421.0,,0.0,1.0,3988605.0,751.274,0,33,604682,28184,3191366,69665,2059969,1624276,17666592422,23700120,False
42,729,485.53578,49129,2035.457672657697,45.482,47.304,426.919,,5.385,49.392,139.572,0.0,0.0,0.0,,0.0,0.0,0.0,0.0,0.0,30.0,,0.0,0.0,1.0,0.0,0.0,426066.0,,0.0,107388.0,22891.0,0.0,0.0,17338.0,,0.0,8886.0,8676.0,454.0,0.0,2781686.0,,0.0,178.0,190077.0,0.0,0.0,2159.0,,2700.0,24100.0,39374.0,2.0,0.0,365992.0,,0.0,2383.0,1592813.0,2.0,461.0,1411326.0,,1666.0,625.0,4012.0,3084411.0,50.0,16413220624.0,,0.0,214.0,718298567.0,51890.0,1.0,18815832.0,,0.0,3.0,4062235.0,794.134,0,33,588503,34905,3425648,79181,2111472,1626533,18178372300,24153411,False
43,723,498.10237,50448,1982.2391373295277,46.124,47.86,443.175,,5.489,50.703,140.782,0.0,0.0,0.0,,0.0,0.0,0.0,0.0,0.0,31.0,,0.0,0.0,1.0,0.0,0.0,442861.0,,0.0,88931.0,56835.0,0.0,0.0,18971.0,,0.0,7242.0,8847.0,460.0,0.0,2719396.0,,0.0,17928.0,388438.0,0.0,0.0,2652.0,,2800.0,24400.0,14633.0,4.0,0.0,464128.0,,0.0,642.0,1568027.0,3.0,52.0,1577228.0,,1688.0,4328.0,7027.0,3576936.0,50.0,16822824007.0,,18890.0,214.0,819572353.0,60102.0,1.0,19192264.0,,16.0,3.0,4262031.0,813.735,0,34,621292,35063,3581136,54005,2181649,1805242,18704734462,24737923,False
44,754,525.08888,53104,1883.0973184694185,46.744,48.669,456.646,,5.466,53.38,142.681,0.0,0.0,0.0,,0.0,0.0,0.0,0.0,0.0,32.0,,0.0,0.0,1.0,59131.0,0.0,454561.0,,0.0,88832.0,50776.0,4.0,0.0,21029.0,,0.0,8818.0,8911.0,361.0,0.0,2757154.0,,0.0,27888.0,295253.0,0.0,0.0,4280.0,,2800.0,25900.0,14241.0,0.0,0.0,531838.0,,0.0,2663.0,1582900.0,2.0,87.0,1668311.0,,1666.0,601.0,4874.0,2930113.0,50.0,17352492494.0,,0.0,264.0,828885098.0,49274.0,1.0,19737139.0,,0.0,4.0,4434599.0,836.821,0,35,689150,38768,3544792,56269,2267179,1897408,19267971889,25471972,False
45,761,504.25062,51021,1959.9772642637345,47.469,49.583,487.691,,5.384,51.293,140.664,0.0,0.0,0.0,,0.0,0.0,0.0,0.0,0.0,33.0,,0.0,0.0,1.0,29979.0,0.0,405306.0,,0.0,0.0,47065.0,3091.0,0.0,35098.0,,0.0,0.0,8583.0,63.0,0.0,2627984.0,,53.0,505.0,407905.0,0.0,0.0,5587.0,,2700.0,25200.0,19805.0,0.0,0.0,849143.0,,0.0,0.0,1394514.0,2.0,832.0,1709973.0,,1666.0,697.0,5301.0,3304645.0,50.0,17737445784.0,,0.0,50.0,875697554.0,55622.0,1.0,20203391.0,,0.0,1.0,4549162.0,862.68,0,36,666111,46789,3486792,62940,2399111,1944019,19712130807,26054307,False
46,800,524.80944,53074,1884.161736443456,49.451,50.532,496.002,,5.707,53.343,138.5,0.0,0.0,0.0,,0.0,0.0,0.0,0.0,0.0,34.0,,0.0,0.0,1.0,0.0,0.0,417580.0,,0.0,0.0,77399.0,0.0,0.0,35096.0,,0.0,0.0,8737.0,0.0,0.0,2685928.0,,57.0,527.0,270282.0,0.0,0.0,8081.0,,2800.0,26200.0,36410.0,0.0,0.0,834681.0,,0.0,0.0,1442815.0,3.0,167.0,1744480.0,,1666.0,5614.0,6596.0,3969779.0,50.0,18098843685.0,,0.0,50.0,881903764.0,66721.0,1.0,20569399.0,,0.0,1.0,4680122.0,869.341,0,37,655694,46991,3313150,84490,2436757,1988213,20101767674,26561093,False
47,906,547.23365,55293,1808.5471940390285,49.889,49.908,512.954,,5.631,55.678,163.407,0.0,0.0,0.0,,0.0,0.0,0.0,0.0,0.0,35.0,,0.0,0.0,1.0,0.0,0.0,417649.0,,0.0,0.0,92909.0,0.0,0.0,56312.0,,0.0,0.0,8478.0,0.0,12830.0,2522463.0,,2.0,13667.0,281389.0,0.0,0.0,10733.0,,2800.0,27114.0,49683.0,0.0,1.0,1224983.0,,0.0,59.0,1685457.0,2.0,70.0,1801287.0,,1666.0,18598.0,11523.0,3031842.0,50.0,18619795161.0,,0.0,50.0,892588075.0,50999.0,1.0,21134342.0,,0.0,1.0,4939508.0,917.079,0,38,739439,67863,3207086,101368,3070686,2069363,20669030925,27405792,False
48,932,554.78028,56101,1782.4994206876884,50.656,52.666,514.077,,5.454,56.358,167.35,0.0,0.0,0.0,,0.0,0.0,0.0,0.0,0.0,36.0,,0.0,0.0,1.0,0.0,0.0,427145.0,,0.0,0.0,90118.0,0.0,0.0,45831.0,,0.0,0.0,8511.0,12296.0,11141.0,2799537.0,,55.0,562.0,296010.0,0.0,0.0,5295.0,,2800.0,27700.0,57550.0,6.0,0.0,998805.0,,0.0,2351.0,1594900.0,4.0,461.0,1854023.0,,1666.0,18959.0,11340.0,4005931.0,50.0,19180668736.0,,0.0,50.0,898394311.0,66987.0,1.0,21736834.0,,0.0,1.0,4994937.0,929.559,0,40,757925,57225,3502660,107508,2768555,2127977,21254371743,28082132,False
49,946,568.36456,57418,1741.614127973806,51.738,53.606,497.503,,5.269,57.673,196.35,0.0,0.0,0.0,,0.0,0.0,0.0,0.0,0.0,35.0,,0.0,1.0,1.0,0.0,0.0,474183.0,,0.0,0.0,197198.0,0.0,0.0,26259.0,,0.0,0.0,17857.0,10713.0,11090.0,2954578.0,,7461.0,78453.0,440276.0,0.0,0.0,3831.0,,2600.0,28400.0,38911.0,6.0,4.0,701422.0,,0.0,2187.0,1844270.0,4.0,54.0,1869692.0,,1559.0,16775.0,11568.0,4286998.0,100.0,19364201361.0,,0.0,50.0,939685836.0,71751.0,2.0,21776188.0,,0.0,1.0,5121904.0,944.516,0,40,836344,47133,3864915,83088,2737723,2151485,21508284867,28325132,True
50,829,573.52084,57959,1725.3575803585293,52.011,53.544,520.882,,6.249,58.228,204.331,0.0,0.0,0.0,,0.0,0.0,0.0,0.0,0.0,36.0,,0.0,0.0,2.0,0.0,0.0,503544.0,,0.0,0.0,157291.0,0.0,0.0,17852.0,,0.0,0.0,18061.0,7295.0,9630.0,3308436.0,,8539.0,24699.0,251751.0,0.0,0.0,3579.0,,3100.0,27696.0,56022.0,6.0,0.0,478480.0,,0.0,0.0,2033450.0,4.0,561.0,1928159.0,,1666.0,1229.0,6955.0,4286948.0,50.0,19996025365.0,,0.0,50.0,902014218.0,71750.0,1.0,22615765.0,,0.0,1.0,4980541.0,986.547,0,41,846015,38784,3957035,102043,2717895,2189669,22134182262,28971737,False
51,838,558.82023,56490,1770.224818551956,52.842,56.226,511.336,,5.723,56.755,240.641,0.0,0.0,0.0,,0.0,0.0,0.0,0.0,0.0,36.0,,0.0,0.0,1.0,0.0,0.0,501357.0,,0.0,0.0,124353.0,0.0,0.0,14256.0,,0.0,0.0,8853.0,5876.0,10799.0,3466519.0,,47.0,563.0,432673.0,0.0,0.0,2897.0,,2800.0,27751.0,66544.0,6.0,5.0,295592.0,,0.0,0.0,2318373.0,4.0,231.0,1945817.0,,1666.0,840.0,7053.0,4286939.0,100.0,20288248943.0,,0.0,50.0,867767826.0,71750.0,2.0,22870825.0,,0.0,1.0,4943024.0,1003.831,0,41,903795,25887,4121763,106987,2793359,2205554,22438720836,29262688,False
52,864,603.04335,60915,1641.6317819912992,53.338,56.94,526.225,,5.696,61.199,244.133,0.0,0.0,0.0,,0.0,0.0,0.0,0.0,0.0,38.0,,0.0,0.0,2.0,0.0,0.0,512502.0,,0.0,0.0,226721.0,0.0,0.0,19058.0,,0.0,0.0,20930.0,3480.0,8968.0,3686366.0,,6749.0,62371.0,374317.0,0.0,0.0,4824.0,,2800.0,29823.0,66687.0,6.0,1.0,377539.0,,0.0,696.0,2377052.0,4.0,52.0,1765771.0,,1559.0,527.0,6244.0,4286821.0,50.0,21025863218.0,,0.0,0.0,851539817.0,71748.0,1.0,23824723.0,,0.0,0.0,4949280.0,1039.751,0,43,916647,42632,4475694,115966,2903730,2031897,23180970643,30171281,False
53,866,584.4866,59067,1692.992703201449,54.175,58.144,538.961,,5.736,59.335,246.208,0.0,0.0,0.0,,0.0,0.0,0.0,0.0,0.0,39.0,,0.0,0.0,2.0,0.0,0.0,520441.0,,0.0,0.0,186709.0,0.0,0.0,24019.0,,0.0,0.0,18057.0,865.0,5743.0,3835631.0,,7669.0,45461.0,241311.0,0.0,0.0,3711.0,,2800.0,29000.0,63702.0,6.0,6.0,431217.0,,0.0,358.0,2435738.0,4.0,638.0,1886940.0,,1559.0,249.0,6148.0,4497628.0,100.0,21667087152.0,,0.0,50.0,828752003.0,75321.0,2.0,24550114.0,,0.0,1.0,5025470.0,1046.289,0,44,893527,44594,4442951,107463,3021308,2160168,23822398531,31057755,False
54,963,621.97083,62810,1592.103168285305,55.021,57.39,546.291,,5.623,63.109,273.47,0.0,0.0,0.0,,0.0,0.0,0.0,0.0,0.0,39.0,,0.0,0.0,2.0,0.0,0.0,532535.0,,0.0,0.0,148752.0,0.0,0.0,12740.0,,0.0,0.0,8804.0,861.0,4391.0,3602350.0,,365.0,55225.0,369994.0,0.0,0.0,5881.0,,2800.0,30900.0,78062.0,6.0,91.0,325483.0,,0.0,3015.0,2545262.0,4.0,749.0,1999284.0,,1666.0,9868.0,10099.0,4497625.0,4630669.0,21787221445.0,,0.0,50.0,823180879.0,75321.0,77702.0,24564485.0,,0.0,1.0,5212840.0,1083.224,0,44,968408,23985,4258474,124917,3030256,2282573,23960385658,31272302,False
55,891,598.08898,60410,1655.3550736633008,55.951,58.571,565.038,,6.14,60.708,271.657,0.0,0.0,0.0,,0.0,0.0,0.0,0.0,0.0,40.0,,0.0,0.0,2.0,0.0,0.0,551953.0,,0.0,0.0,228436.0,0.0,0.0,20403.0,,0.0,0.0,19870.0,811.0,3592.0,3638904.0,,7119.0,45131.0,359117.0,0.0,0.0,4504.0,,3000.0,29900.0,71008.0,6.0,4.0,368222.0,,0.0,0.0,2604204.0,4.0,54.0,1915555.0,,1599.0,1074.0,6857.0,4497504.0,100.0,22018240137.0,,0.0,50.0,924282539.0,75319.0,2.0,24693409.0,,0.0,1.0,5307164.0,1116.717,0,45,973021,42529,4407863,120312,3133817,2190483,24308339169,31505017,False
56,912,610.50891,61654,1621.9547799007364,56.617,59.539,586.604,,5.615,61.937,263.437,0.0,0.0,0.0,,0.0,0.0,0.0,0.0,0.0,41.0,,0.0,1.0,1.0,0.0,0.0,555985.0,,0.0,158617.0,117364.0,0.0,0.0,44250.0,,0.0,8367.0,9493.0,827.0,2945.0,3398249.0,,0.0,9986.0,457771.0,0.0,0.0,5399.0,,2800.0,30400.0,19201.0,6.0,7.0,971259.0,,0.0,1563.0,2083461.0,4.0,678.0,1943096.0,,1666.0,992.0,8039.0,4497551.0,4795220.0,22446467152.0,,0.0,214.0,1059831551.0,75320.0,80491.0,24842843.0,,0.0,3.0,5805718.0,1143.32,0,46,947815,64241,4306977,68229,3304572,2226572,24861481324,32155850,False
57,1146,660.33824,66641,1500.5777224231329,57.188,60.402,643.602,,5.739,66.926,284.929,0.0,0.0,0.0,,0.0,0.0,0.0,0.0,0.0,42.0,,0.0,0.0,2.0,0.0,0.0,580934.0,,0.0,0.0,145351.0,0.0,0.0,77656.0,,0.0,0.0,8692.0,865.0,804.0,3036525.0,,1813.0,16139.0,293848.0,0.0,0.0,10858.0,,2800.0,32698.0,92513.0,6.0,6.0,1629583.0,,0.0,220.0,2485578.0,4.0,56.0,2220532.0,,1559.0,14204.0,12543.0,4497607.0,4880062.0,23182061415.0,,0.0,50.0,1098798178.0,75321.0,81929.0,25697099.0,,0.0,1.0,6133705.0,1226.97,0,47,1049737,92439,3761585,160311,4358990,2528340,25673857247,33355153,False
58,1170,679.5977,68569,1458.3849844682,57.897,60.892,639.726,,5.684,68.841,308.276,0.0,0.0,0.0,,0.0,0.0,0.0,0.0,0.0,43.0,,0.0,0.0,1.0,0.0,0.0,597234.0,,0.0,162753.0,149137.0,0.0,0.0,64016.0,,0.0,7851.0,9273.0,828.0,798.0,3001512.0,,0.0,14692.0,465441.0,0.0,0.0,7101.0,,2800.0,33353.0,39896.0,6.0,6.0,1525909.0,,0.0,3508.0,2542974.0,4.0,56.0,2234849.0,,1666.0,13702.0,13855.0,4497542.0,4960066.0,23330518342.0,,0.0,264.0,1113101906.0,75320.0,83285.0,25774178.0,,0.0,4.0,6243782.0,1247.519,0,47,1022089,83016,3904602,96638,4320340,2543435,25858089993,33553553,False
59,1260,712.26326,71881,1391.1882138534522,58.927,63.884,595.839,,5.582,72.181,295.416,0.0,0.0,0.0,,0.0,0.0,0.0,0.0,0.0,43.0,,0.0,0.0,2.0,0.0,0.0,574143.0,,0.0,0.0,298373.0,0.0,0.0,37938.0,,0.0,0.0,17122.0,1223.0,885.0,3604710.0,,223.0,39612.0,506088.0,0.0,0.0,8148.0,,2800.0,35502.0,26736.0,7.0,7.0,814958.0,,0.0,0.0,2367890.0,5.0,256.0,2231953.0,,1666.0,22910.0,13609.0,5982076.0,5042627.0,23455084217.0,,0.0,50.0,1067777355.0,100320.0,84662.0,25789450.0,,0.0,1.0,6050773.0,1189.748,0,48,1062969,57703,4539510,79496,3463081,2573782,25972099568,33613370,False
60,1240,683.22752,68961,1450.09498122127,59.449,64.786,621.814,,5.645,69.254,306.78,0.0,0.0,0.0,,0.0,0.0,0.0,0.0,0.0,45.0,,0.0,0.0,1.0,0.0,0.0,605051.0,,0.0,162951.0,146176.0,0.0,0.0,29965.0,,0.0,8915.0,9046.0,1175.0,928.0,3907209.0,,0.0,22839.0,443059.0,0.0,0.0,7412.0,,2800.0,34384.0,50795.0,7.0,7.0,612225.0,,0.0,4357.0,2562802.0,5.0,56.0,2326544.0,,1666.0,18195.0,13344.0,5980676.0,5122471.0,24437611525.0,,0.0,214.0,1070262788.0,100319.0,86038.0,26906709.0,,0.0,3.0,6165152.0,1238.683,0,49,1029680,50350,4809673,113536,3469592,2671860,26986318757,34859098,False
61,1335,717.29312,72350,1382.17000691085,60.078,65.188,615.553,,5.534,72.613,327.091,0.0,0.0,0.0,,0.0,0.0,0.0,0.0,0.0,45.0,,0.0,0.0,2.0,0.0,0.0,603185.0,,0.0,0.0,162596.0,0.0,0.0,17005.0,,0.0,0.0,8678.0,1159.0,886.0,4364969.0,,234.0,6198.0,496616.0,0.0,0.0,5432.0,,2700.0,35519.0,90055.0,7.0,7.0,315204.0,,0.0,0.0,2830693.0,5.0,56.0,2280282.0,,1666.0,23368.0,11512.0,5980795.0,5202652.0,24830028234.0,,0.0,50.0,983430919.0,100321.0,87397.0,27475380.0,,0.0,1.0,5769658.0,1241.763,0,50,1117434,28520,5099559,147025,3416435,2626567,27337960662,35058162,True
62,1089,745.92344,75224,1329.3629692651282,61.169,66.133,651.426,,5.586,75.504,312.892,0.0,0.0,0.0,,0.0,0.0,0.0,0.0,0.0,47.0,,0.0,0.0,1.0,0.0,0.0,623832.0,,0.0,173607.0,158380.0,0.0,0.0,46855.0,,0.0,8519.0,9560.0,1156.0,906.0,3815547.0,,0.0,24716.0,422580.0,0.0,0.0,4225.0,,2800.0,36600.0,58919.0,7.0,7.0,1005526.0,,0.0,2757.0,2529661.0,5.0,56.0,2404224.0,,1666.0,5291.0,11479.0,5980736.0,5283482.0,25417424979.0,,0.0,264.0,1148559230.0,100320.0,88767.0,27780160.0,,0.0,4.0,6566715.0,1293.469,0,51,1072763,67002,4689762,114723,3853020,2746758,28071905714,36154445,False
63,1052,680.98286,68740,1454.7570555717195,64.461,65.895,665.388,,5.786,69.035,310.771,0.0,0.0,0.0,,0.0,0.0,0.0,0.0,0.0,47.0,,0.0,0.0,2.0,0.0,0.0,630812.0,,0.0,0.0,157892.0,0.0,0.0,46865.0,,0.0,0.0,8013.0,1143.0,912.0,3632877.0,,6789.0,684.0,302418.0,0.0,0.0,5345.0,,2900.0,33700.0,94319.0,7.0,7.0,1205866.0,,0.0,0.0,2522085.0,5.0,701.0,2443922.0,,1666.0,1381.0,11339.0,5981056.0,5366756.0,25769058606.0,,0.0,50.0,1184290608.0,100320.0,90173.0,28101006.0,,0.0,1.0,6716846.0,1302.421,0,52,1136368,65585,4370060,148035,3984018,2784489,28472801238,36639714,False
64,1075,687.88297,69441,1440.071427542806,65.205,67.702,677.499,,5.35,69.724,310.132,0.0,0.0,0.0,,0.0,0.0,0.0,0.0,0.0,48.0,,0.0,0.0,2.0,0.0,0.0,650770.0,,0.0,0.0,184782.0,0.0,0.0,43337.0,,0.0,0.0,15488.0,1154.0,1105.0,3858845.0,,7794.0,9314.0,295023.0,0.0,0.0,11793.0,,2700.0,33500.0,89005.0,7.0,108.0,1112435.0,,0.0,0.0,2544450.0,5.0,56.0,2483864.0,,1666.0,1271.0,10451.0,5980736.0,5443903.0,26265174200.0,,0.0,50.0,1154354069.0,100320.0,91486.0,28726961.0,,0.0,1.0,6586475.0,1314.766,0,53,1138307,60615,4579118,148055,3965574,2823542,28975394875,37151986,False
65,1081,722.06902,72852,1372.645912260473,65.858,65.905,681.085,,5.333,73.124,338.533,0.0,0.0,0.0,,0.0,0.0,0.0,0.0,0.0,49.0,,0.0,0.0,2.0,0.0,0.0,667766.0,,0.0,0.0,212122.0,0.0,0.0,29760.0,,0.0,0.0,17818.0,1127.0,1015.0,4388428.0,,7911.0,25309.0,340808.0,0.0,0.0,2264.0,,2600.0,36000.0,87884.0,7.0,8.0,572992.0,,0.0,0.0,2898996.0,5.0,641.0,2520498.0,,1666.0,1395.0,10067.0,5980795.0,5522314.0,26798295451.0,,0.0,50.0,1109305484.0,100321.0,92815.0,29325825.0,,0.0,1.0,6457242.0,1339.605,0,54,1176124,49252,5111806,140151,3789041,2858462,29502726177,37635664,False
66,1240,732.79891,73898,1353.2165958483315,66.874,67.292,674.963,,5.615,74.173,378.582,0.0,0.0,0.0,,0.0,0.0,0.0,0.0,0.0,50.0,,0.0,0.0,2.0,0.0,0.0,672487.0,,0.0,0.0,243390.0,0.0,0.0,19576.0,,0.0,0.0,20400.0,1096.0,951.0,4627525.0,,7585.0,70037.0,450345.0,0.0,0.0,4816.0,,12.0,20841.0,38958.0,7.0,7.0,359922.0,,0.0,0.0,3279773.0,5.0,56.0,2560333.0,,1558.0,11093.0,11824.0,5980736.0,5600843.0,27253929435.0,,0.0,50.0,1104771114.0,100320.0,94146.0,29773792.0,,0.0,1.0,6505784.0,1370.018,0,55,1204697,41525,5419756,65778,3950561,2908392,29990211390,38148521,False
67,1251,771.02016,77751,1286.1570912271225,67.75,71.741,684.846,,5.75,78.018,375.421,0.0,0.0,0.0,,0.0,0.0,0.0,0.0,0.0,51.0,,0.0,0.0,2.0,0.0,0.0,681938.0,,0.0,0.0,311566.0,0.0,0.0,19909.0,,0.0,0.0,20542.0,1094.0,965.0,4804456.0,,961.0,44487.0,457121.0,0.0,0.0,5109.0,,2900.0,37535.0,19401.0,7.0,7.0,333597.0,,0.0,0.0,3227787.0,5.0,716.0,2536314.0,,1666.0,10047.0,12216.0,5980736.0,5679667.0,27711481338.0,,0.0,50.0,1114440282.0,100320.0,95482.0,30253471.0,,0.0,1.0,6504015.0,1404.084,0,56,1258635,41935,5665952,70051,3886538,2887744,30472572559,38637349,False
68,1242,763.6053,76980,1299.0387113535985,68.59,71.316,706.58,,5.469,77.259,347.859,0.0,0.0,0.0,,0.0,0.0,0.0,0.0,0.0,52.0,,0.0,0.0,2.0,0.0,0.0,695231.0,,0.0,0.0,218808.0,0.0,0.0,36565.0,,0.0,0.0,19027.0,1097.0,1170.0,4585531.0,,8148.0,45466.0,363849.0,0.0,0.0,5822.0,,2700.0,37706.0,59074.0,3.0,83.0,744532.0,,0.0,0.0,2961058.0,3.0,474.0,2590589.0,,1666.0,9460.0,11154.0,5979550.0,5754951.0,28317629974.0,,0.0,50.0,1154760613.0,100300.0,96758.0,30772615.0,,0.0,1.0,6698034.0,1387.615,0,57,1209227,56855,5326890,115796,4030518,2945334,31132785858,39364777,False
69,1310,784.06241,79047,1265.0701481397143,69.088,73.201,706.419,,5.513,79.332,354.009,0.0,0.0,0.0,,0.0,0.0,0.0,0.0,0.0,52.0,,0.0,0.0,2.0,0.0,0.0,698305.0,,0.0,0.0,219248.0,0.0,0.0,31931.0,,0.0,0.0,19242.0,1093.0,1185.0,4551639.0,,7854.0,37662.0,305921.0,0.0,0.0,4246.0,,2800.0,38722.0,89788.0,3.0,96.0,705177.0,,0.0,0.0,3082505.0,3.0,56.0,2634777.0,,1666.0,11211.0,12413.0,5980736.0,5833952.0,28292012140.0,,0.0,50.0,1163682913.0,100320.0,98097.0,30611140.0,,0.0,1.0,6777466.0,1399.211,0,57,1223121,52277,5283412,148177,4110078,2997519,31141770942,39296316,False
70,1511,818.24264,82472,1212.5327383839365,67.53,74.261,726.046,,5.822,82.739,367.983,0.0,0.0,0.0,,0.0,0.0,0.0,0.0,0.0,53.0,,0.0,0.0,2.0,74375.0,0.0,706558.0,,0.0,0.0,215271.0,4.0,0.0,39009.0,,0.0,0.0,12691.0,914.0,1106.0,4617626.0,,8051.0,4440.0,405596.0,0.0,0.0,4637.0,,2900.0,40595.0,65013.0,3.0,9.0,801760.0,,0.0,0.0,3128592.0,4.0,275.0,2697683.0,,1666.0,24421.0,15414.0,5980900.0,5915781.0,28952113886.0,,0.0,50.0,1187195386.0,100322.0,99345.0,31322843.0,,0.0,1.0,6957724.0,1447.805,0,58,1367022,52689,5478418,130202,4264143,3079177,31842508156,40200455,False
71,1738,902.00928,90854,1100.667004204548,68.219,72.219,727.847,,5.623,91.137,428.998,0.0,0.0,0.0,,0.0,0.0,0.0,0.0,0.0,55.0,,0.0,0.0,2.0,0.0,0.0,632130.0,,0.0,0.0,371302.0,0.0,0.0,24919.0,,0.0,0.0,19771.0,0.0,1107.0,4985107.0,,6819.0,93972.0,420776.0,0.0,0.0,2598.0,,2700.0,43606.0,30040.0,0.0,40.0,414949.0,,0.0,0.0,3698648.0,5.0,57.0,2776622.0,,1559.0,32786.0,15776.0,5980736.0,5989826.0,29776969187.0,,0.0,50.0,1176877150.0,100320.0,100600.0,32237734.0,,0.0,1.0,7078063.0,1510.638,0,60,1295991,48768,5796052,93816,4401538,3166196,32695971401,41252117,False
72,1503,812.23132,81873,1221.403881621536,68.562,77.93,730.79,,5.669,82.143,400.406,0.0,0.0,0.0,,0.0,0.0,0.0,0.0,0.0,54.0,,0.0,0.0,2.0,0.0,0.0,633542.0,,0.0,0.0,358749.0,0.0,0.0,29848.0,,0.0,0.0,19457.0,0.0,1046.0,4822412.0,,1543.0,17080.0,487233.0,0.0,0.0,3501.0,,2800.0,31828.0,42801.0,0.0,8.0,704677.0,,0.0,0.0,3252026.0,2.0,57.0,2699099.0,,1666.0,20520.0,15094.0,5741081.0,6069358.0,29661959353.0,,0.0,50.0,1182662003.0,96397.0,101948.0,32008035.0,,0.0,1.0,6998325.0,1475.714,0,60,1243033,53092,5558295,91813,4285256,3075212,32599489515,40948339,False
73,1928,918.52552,92526,1080.777295030586,69.429,77.06,747.659,,5.441,92.806,380.181,0.0,0.0,0.0,,0.0,0.0,0.0,0.0,0.0,55.0,,0.0,0.0,2.0,0.0,0.0,619850.0,,0.0,0.0,221184.0,0.0,0.0,63237.0,,0.0,0.0,16479.0,0.0,1195.0,4276132.0,,7351.0,85008.0,274830.0,0.0,0.0,8956.0,,2700.0,45768.0,112190.0,0.0,39.0,1417424.0,,0.0,108.0,2952732.0,2.0,57.0,2759823.0,,1559.0,40829.0,18879.0,5665376.0,6144819.0,29832371230.0,,0.0,29160.0,1310458527.0,95114.0,103227.0,31815749.0,,0.0,37.0,7615987.0,1502.118,0,60,1226678,83490,5013818,187337,4716865,3174208,32883290623,41373954,True
74,1683,894.11851,90073,1110.2106069521387,70.535,75.659,800.102,,5.512,90.358,423.52,0.0,0.0,0.0,,0.0,0.0,0.0,0.0,0.0,57.0,,0.0,0.0,2.0,0.0,0.0,660972.0,,0.0,0.0,393186.0,0.0,0.0,81466.0,,0.0,0.0,20408.0,15714.0,1095.0,4214653.0,,1416.0,11580.0,459139.0,0.0,0.0,3869.0,,2800.0,44304.0,57600.0,3.0,9.0,1656208.0,,0.0,0.0,3251584.0,3.0,57.0,2861467.0,,1666.0,27897.0,18205.0,5980736.0,6219281.0,30671600839.0,,0.0,50.0,1344531428.0,100320.0,104489.0,32730910.0,,0.0,1.0,7892451.0,1597.505,0,63,1331731,105355,5109125,124264,5280656,3268920,33788317850,42584163,False
75,1388,818.40323,82505,1212.0477546815343,70.834,79.108,771.584,,5.594,82.799,425.988,0.0,0.0,0.0,,0.0,0.0,0.0,0.0,0.0,56.0,,0.0,0.0,2.0,0.0,0.0,727019.0,,0.0,0.0,408025.0,0.0,0.0,39595.0,,0.0,0.0,18206.0,17104.0,1186.0,4866273.0,,312.0,71584.0,430128.0,0.0,0.0,4574.0,,2800.0,40800.0,86660.0,0.0,9.0,872712.0,,0.0,0.0,3390767.0,0.0,57.0,2883590.0,,1621.0,11682.0,15194.0,5341037.0,6293617.0,31141619430.0,,0.0,50.0,1201508353.0,89117.0,105749.0,33403325.0,,0.0,1.0,7443406.0,1556.817,0,63,1385017,66465,5669169,143826,4632280,3268562,34158869200,42815182,False
76,1521,850.56515,85715,1166.6569445254622,71.509,78.775,796.705,,5.589,86.016,439.573,0.0,0.0,0.0,,0.0,0.0,0.0,0.0,0.0,58.0,,0.0,1.0,2.0,0.0,0.0,755999.0,,0.0,0.0,397151.0,0.0,0.0,37616.0,,0.0,0.0,18041.0,11950.0,1115.0,5111018.0,,6685.0,89566.0,432152.0,0.0,0.0,7134.0,,2664.0,42418.0,70781.0,0.0,8.0,748528.0,,0.0,6052.0,3607170.0,1.0,597.0,2977822.0,,1666.0,18407.0,17222.0,20330.0,6371379.0,32158926356.0,,0.0,50.0,1274472889.0,23.0,107067.0,34449905.0,,0.0,1.0,7712176.0,1600.947,0,65,1424276,60086,5987703,129374,4714112,3374264,35271143328,44134546,False
77,1371,852.13187,85876,1164.469700498393,72.751,80.693,803.051,,5.556,86.163,442.076,0.0,0.0,0.0,,0.0,0.0,0.0,0.0,0.0,58.0,,0.0,0.0,2.0,0.0,0.0,742298.0,,0.0,0.0,427525.0,0.0,0.0,65437.0,,0.0,0.0,18913.0,11630.0,1160.0,4440680.0,,3258.0,59239.0,434601.0,0.0,0.0,9844.0,,2800.0,42440.0,60383.0,0.0,8.0,1507216.0,,0.0,798.0,3284783.0,0.0,516.0,2977094.0,,1666.0,9389.0,16081.0,20339.0,6445365.0,32078371672.0,,0.0,50.0,1383176485.0,23.0,108321.0,33976367.0,,0.0,1.0,8255523.0,1623.249,0,65,1416525,90118,5306204,121705,5184769,3369208,35287676243,44207076,False
78,1426,874.62786,88102,1135.04801253093,72.88,81.648,886.682,,5.859,88.376,496.033,0.0,0.0,0.0,,0.0,0.0,0.0,0.0,0.0,58.0,,0.0,0.0,2.0,0.0,0.0,779296.0,,0.0,0.0,437795.0,0.0,0.0,114277.0,,0.0,0.0,20104.0,6183.0,1259.0,3950998.0,,1582.0,11003.0,513881.0,0.0,0.0,24272.0,,2900.0,43700.0,54086.0,1.0,8.0,2276388.0,,0.0,0.0,3981492.0,1.0,299.0,2998577.0,,1559.0,9280.0,17464.0,1767216.0,6521820.0,32276731433.0,,0.0,50.0,1378612564.0,29173.0,109617.0,34170619.0,,0.0,1.0,8370901.0,1763.077,0,65,1538984,144428,4895610,150291,6616145,3393288,35541407720,44551823,False
79,1650,902.23486,90840,1100.8366358432409,80.157,79.292,892.437,,5.717,91.105,499.123,0.0,0.0,0.0,,0.0,0.0,0.0,0.0,0.0,59.0,,0.0,0.0,2.0,0.0,0.0,788418.0,,0.0,0.0,428369.0,0.0,0.0,117674.0,,0.0,0.0,18982.0,3415.0,1385.0,3962589.0,,1418.0,10635.0,504003.0,0.0,0.0,12810.0,,2900.0,44725.0,39964.0,0.0,130.0,2305501.0,,0.0,0.0,4063412.0,0.0,57.0,3033803.0,,1666.0,20095.0,19542.0,20177.0,6596405.0,32709748897.0,,0.0,50.0,1392283048.0,22.0,110881.0,34517341.0,,0.0,1.0,8494227.0,1794.973,0,66,1532123,147147,4894925,113399,6771797,3443184,36023892601,45217418,False
80,1643,970.94008,97785,1022.6517359513218,81.247,81.049,827.338,,5.844,98.071,451.977,0.0,0.0,0.0,,0.0,0.0,0.0,0.0,0.0,61.0,,0.0,0.0,2.0,0.0,0.0,785140.0,,0.0,0.0,398849.0,0.0,0.0,61540.0,,0.0,0.0,19535.0,811.0,1212.0,4668131.0,,1425.0,11470.0,481672.0,0.0,0.0,6171.0,,2900.0,48101.0,29899.0,2.0,8.0,1277107.0,,0.0,0.0,3396546.0,2.0,305.0,3074465.0,,1666.0,19257.0,18897.0,2252973.0,6672211.0,33281964402.0,,0.0,50.0,1389423246.0,37129.0,112166.0,35094236.0,,0.0,1.0,8408056.0,1686.162,0,67,1498855,83963,5580224,98059,5066556,3485314,36587749228,45730876,False
81,1759,957.76391,96468,1036.6131774267114,80.059,82.293,891.022,,5.482,96.74,489.541,0.0,0.0,0.0,,0.0,1.0,0.0,0.0,0.0,62.0,,0.0,0.0,2.0,0.0,0.0,810407.0,,0.0,269951.0,282343.0,0.0,0.0,108436.0,,0.0,7.0,19049.0,800.0,1255.0,4465844.0,,0.0,27941.0,400387.0,0.0,0.0,6037.0,,2800.0,47361.0,81092.0,1.0,8.0,1962157.0,,0.0,476.0,3782688.0,1.0,57.0,3132065.0,,1666.0,22904.0,20499.0,1651951.0,6747799.0,34007447347.0,,0.0,264.0,1423322699.0,27257.0,113447.0,35697122.0,,0.0,4.0,8674476.0,1796.119,1,68,1504810,130383,5316271,155316,6171215,3552998,37380062956,46616731,False
82,1803,968.90013,97567,1024.9367101581477,81.159,86.002,865.826,,5.825,97.864,479.579,0.0,0.0,0.0,,0.0,0.0,0.0,0.0,0.0,62.0,,0.0,0.0,2.0,0.0,0.0,801895.0,,0.0,0.0,441615.0,0.0,0.0,76088.0,,0.0,0.0,18014.0,810.0,1292.0,4580581.0,,2826.0,42031.0,452432.0,0.0,0.0,6637.0,,2900.0,48000.0,59707.0,1.0,9.0,1553481.0,,0.0,0.0,3559482.0,1.0,57.0,3136237.0,,1666.0,25687.0,21626.0,2141362.0,6827099.0,34140498689.0,,0.0,50.0,1418214995.0,35237.0,114791.0,35744798.0,,0.0,1.0,8636372.0,1755.046,0,69,1536816,98919,5450357,127575,5534457,3563223,37518406255,46641007,False
83,2385,1057.62286,106424,939.6376757122454,81.936,83.336,890.445,,5.763,106.7,489.142,0.0,0.0,0.0,,0.0,0.0,0.0,0.0,0.0,64.0,,0.0,0.0,2.0,0.0,0.0,826924.0,,269929.0,0.0,349359.0,0.0,0.0,85847.0,,7.0,0.0,19544.0,1056.0,1501.0,4741473.0,,725.0,30041.0,434040.0,0.0,0.0,10970.0,,2800.0,52411.0,10658.0,2.0,121.0,1702512.0,,0.0,1792.0,3693880.0,2.0,337.0,3208011.0,,1666.0,45663.0,22298.0,3841042.0,6903491.0,34979949505.0,,214.0,50.0,1447783281.0,64045.0,116086.0,36574151.0,,3.0,1.0,8856323.0,1810.571,0,70,1587672,108215,5641768,97767,5839063,3663019,38412503041,47699773,False
84,2023,996.72925,100366,996.3533467508918,82.509,86.199,902.366,,5.81,100.638,562.025,0.0,0.0,0.0,,0.0,0.0,0.0,0.0,0.0,65.0,,0.0,0.0,3.0,0.0,0.0,875313.0,,0.0,0.0,532165.0,0.0,0.0,35214.0,,0.0,0.0,23148.0,824.0,1536.0,6170717.0,,1213.0,12820.0,456542.0,0.0,0.0,19868.0,,2900.0,49503.0,64557.0,1.0,202.0,913439.0,,0.0,0.0,4604928.0,1.0,57.0,3282009.0,,1666.0,37290.0,16864.0,2400624.0,6979492.0,35687565481.0,,0.0,50.0,1484145764.0,39909.0,117374.0,37370125.0,,0.0,1.0,9250541.0,1884.976,0,72,1682564,61309,7074830,159579,5919845,3724330,39223122409,48919586,False
85,2619,1129.0232,113575,880.4754567466432,83.457,88.015,971.057,,5.847,113.86,540.17,0.0,0.0,0.0,,0.0,0.0,0.0,0.0,0.0,66.0,,0.0,0.0,2.0,0.0,0.0,875970.0,,0.0,0.0,436165.0,0.0,0.0,130512.0,,0.0,0.0,19780.0,1166.0,1372.0,4412107.0,,1286.0,12603.0,299686.0,0.0,0.0,9509.0,,2900.0,56267.0,70730.0,3.0,8.0,2299449.0,,0.0,723.0,4296377.0,3.0,57.0,3304262.0,,1559.0,52376.0,24483.0,4670653.0,7057051.0,35938426279.0,,0.0,50.0,1459833880.0,78082.0,118666.0,37578648.0,,0.0,1.0,9183495.0,1952.703,0,72,1695531,153094,5168602,161194,7039768,3778578,39449800848,49066536,True
86,1946,1033.30276,103995,961.5846915717102,83.936,88.255,897.099,,5.836,104.274,502.333,0.0,0.0,0.0,,0.0,1.0,0.0,0.0,0.0,67.0,,0.0,0.0,2.0,0.0,0.0,859001.0,,0.0,0.0,495042.0,0.0,0.0,52049.0,,0.0,0.0,26572.0,1036.0,1516.0,5556112.0,,3983.0,42132.0,394213.0,0.0,0.0,4898.0,,2900.0,51507.0,104583.0,2.0,125.0,1200607.0,,0.0,4619.0,3839076.0,2.0,371.0,3296383.0,,1666.0,29656.0,20788.0,3545031.0,7131644.0,36731548130.0,,0.0,50.0,1372248141.0,59028.0,119953.0,38675460.0,,0.0,1.0,8644231.0,1824.592,1,73,1533193,81526,6387977,178384,5461262,3748206,40168247088,49638357,False
87,2014,1042.37493,104876,953.5069987413708,85.321,89.446,910.004,,5.776,105.164,494.564,0.0,0.0,0.0,,0.0,1.0,0.0,0.0,0.0,67.0,,0.0,0.0,2.0,0.0,0.0,857972.0,,0.0,223027.0,278031.0,0.0,0.0,72574.0,,0.0,6836.0,19241.0,1257.0,1468.0,5156354.0,,0.0,1971.0,309058.0,0.0,0.0,7498.0,,2900.0,51634.0,116003.0,3.0,9.0,1448373.0,,0.0,1195.0,3734974.0,3.0,585.0,3335129.0,,1666.0,34485.0,22494.0,5057185.0,7205680.0,36672526996.0,,0.0,214.0,1422486533.0,84658.0,121208.0,38209299.0,,0.0,3.0,8941510.0,1849.932,1,73,1506282,101484,5915085,197128,5625446,3797788,40168514459,49473601,False
88,1859,1038.69969,104534,956.6265521265808,85.861,93.617,903.134,,5.639,104.813,514.149,0.0,0.0,0.0,,0.0,1.0,0.0,0.0,0.0,68.0,,0.0,0.0,2.0,0.0,0.0,884968.0,,0.0,269688.0,298505.0,0.0,0.0,36011.0,,0.0,5.0,19449.0,1326.0,1588.0,5707012.0,,0.0,22891.0,340065.0,0.0,0.0,5139.0,,2800.0,51800.0,126359.0,3.0,103.0,906957.0,,0.0,0.0,4084636.0,3.0,743.0,3370799.0,,1666.0,22246.0,20391.0,5661345.0,7284386.0,37183213205.0,,0.0,264.0,1383560785.0,94898.0,122542.0,38842673.0,,0.0,4.0,8776136.0,1864.045,1,74,1604042,58258,6507296,205894,5422495,3819788,40681851728,49963192,False
89,1851,1027.19667,103407,967.052520622395,86.842,87.568,936.298,,5.522,103.704,520.971,0.0,0.0,0.0,,0.0,0.0,0.0,0.0,0.0,70.0,,0.0,0.0,2.0,0.0,0.0,903937.0,,0.0,270000.0,352826.0,0.0,0.0,53340.0,,0.0,5.0,19420.0,1411.0,1403.0,5656596.0,,0.0,15510.0,299494.0,0.0,0.0,7781.0,,2800.0,51300.0,69012.0,3.0,8.0,1185706.0,,0.0,0.0,4070915.0,3.0,57.0,3457503.0,,1666.0,21526.0,21109.0,5527540.0,7360648.0,38175953252.0,,0.0,264.0,1433386739.0,92623.0,123829.0,39756521.0,,0.0,4.0,9103614.0,1898.297,0,76,1671424,75919,6421886,144863,5696396,3922154,41737210883,51224484,False
90,1428,933.87181,94065,1063.094668580237,88.226,88.877,959.757,,5.826,94.354,541.675,0.0,0.0,0.0,,0.0,0.0,0.0,0.0,0.0,70.0,,0.0,0.0,2.0,0.0,0.0,888559.0,,0.0,0.0,455991.0,0.0,0.0,107389.0,,0.0,0.0,19988.0,1277.0,1356.0,4961100.0,,1081.0,7316.0,205579.0,0.0,0.0,10249.0,,2900.0,46500.0,27827.0,2.0,8.0,1952763.0,,0.0,0.0,4197628.0,2.0,267.0,3450387.0,,1666.0,983.0,19228.0,4655442.0,7438326.0,37994584360.0,,0.0,50.0,1511686109.0,77988.0,125151.0,39218564.0,,0.0,1.0,9600818.0,1939.046,0,76,1694493,130509,5630414,99552,6632000,3896004,41645724789,51192748,False
91,1441,937.55391,94429,1058.9967065202427,88.883,91.215,997.51,,5.678,94.714,562.824,0.0,0.0,0.0,,0.0,0.0,0.0,0.0,0.0,71.0,,0.0,0.0,2.0,0.0,0.0,917326.0,,0.0,0.0,490205.0,0.0,0.0,108645.0,,0.0,0.0,17466.0,1401.0,1493.0,5056048.0,,1036.0,7394.0,188615.0,0.0,0.0,10043.0,,2800.0,46600.0,21201.0,3.0,9.0,2025437.0,,0.0,0.0,4340485.0,3.0,57.0,3532343.0,,1559.0,2765.0,19527.0,5541095.0,7517209.0,38926646934.0,,0.0,50.0,1518104721.0,92860.0,126488.0,40193178.0,,0.0,1.0,9785868.0,2024.9,0,78,1747168,129627,5702217,96593,6926142,3982564,42606059384,52361581,False
92,1541,981.24333,98761,1012.5454379765292,91.174,94.608,978.601,,5.569,99.036,541.53,0.0,0.0,0.0,,0.0,1.0,0.0,0.0,0.0,71.0,,0.0,0.0,2.0,0.0,10187.0,911359.0,,0.0,0.0,531586.0,0.0,4044.0,95771.0,,0.0,0.0,26504.0,1451.0,49.0,5285932.0,,4691.0,41229.0,174313.0,0.0,0.0,4797.0,,2800.0,49200.0,72871.0,3.0,233.0,1678995.0,,0.0,5141.0,4013043.0,3.0,57.0,3501388.0,,1666.0,6255.0,20208.0,5867086.0,7596020.0,38749287421.0,,0.0,100.0,1485749764.0,98385.0,127823.0,39954028.0,,0.0,2.0,9505671.0,1963.807,1,77,1528317,129327,5923907,139847,6179589,3955022,42413220227,51856025,False
93,2034,1088.67056,109512,913.1419387829644,91.443,91.245,979.358,,5.762,109.789,525.653,0.0,0.0,0.0,,0.0,0.0,0.0,0.0,0.0,72.0,,0.0,0.0,2.0,0.0,9956.0,929365.0,,0.0,0.0,473629.0,0.0,4413.0,71779.0,,0.0,0.0,19150.0,1569.0,1012.0,5644260.0,,1268.0,13113.0,220019.0,0.0,0.0,3684.0,,2900.0,54400.0,78247.0,5.0,2540.0,1457530.0,,0.0,0.0,4084582.0,4.0,57.0,3554047.0,,1666.0,28530.0,22751.0,6691423.0,7672829.0,39492928840.0,,0.0,50.0,1410236447.0,112360.0,129125.0,40906982.0,,0.0,1.0,9303066.0,1965.287,0,79,1629416,100854,6320810,155746,6003829,4034539,43114337191,52618494,False
94,2291,1110.53657,111706,895.2070613933003,92.261,97.37,1086.681,,5.48,111.994,614.761,0.0,0.0,0.0,,0.0,1.0,1.0,0.0,0.0,73.0,,0.0,0.0,1.0,0.0,9467.0,953053.0,,0.0,0.0,615851.0,0.0,4213.0,164904.0,,0.0,0.0,28343.0,1706.0,728.0,4794004.0,,7161.0,70113.0,185609.0,0.0,0.0,12674.0,,2700.0,55400.0,24613.0,7.0,3649.0,2719150.0,,0.0,36094.0,4952903.0,5.0,57.0,3643442.0,,1559.0,46472.0,22862.0,7455786.0,7752833.0,40191758876.0,,0.0,50.0,1546078957.0,125321.0,130481.0,41361322.0,,0.0,1.0,10183221.0,2167.107,2,79,1685506,208200,5449127,113035,8222225,4149280,43986442757,53972127,False
95,2461,1162.47003,116934,855.1832657738553,92.888,93.754,981.077,,5.858,117.254,527.444,0.0,0.0,0.0,,0.0,0.0,0.0,0.0,1.0,74.0,,0.0,0.0,2.0,0.0,9556.0,946570.0,,0.0,0.0,452182.0,0.0,4723.0,67953.0,,0.0,0.0,18242.0,1591.0,18403.0,5825916.0,,1271.0,13464.0,230409.0,0.0,0.0,7001.0,,2900.0,57865.0,48928.0,5.0,6075.0,1398052.0,,0.0,0.0,3976953.0,4.0,58.0,3547702.0,,1664.0,45365.0,24030.0,6896405.0,7847804.0,40111754593.0,,0.0,50.0,1458677908.0,115834.0,131789.0,41483545.0,,0.0,1.0,9383492.0,1976.063,0,80,1710054,93834,6542135,132893,5832160,4051576,43817732143,53302328,False
96,3769,1332.67334,133958,746.5026351543021,94.351,97.323,1130.917,,5.794,134.255,653.027,0.0,0.0,0.0,,0.0,0.0,0.0,0.0,1.0,75.0,,0.0,0.0,3.0,53399.0,9770.0,990507.0,,0.0,0.0,478759.0,3.0,4406.0,192260.0,,0.0,0.0,20526.0,603.0,18283.0,4821204.0,,520.0,8600.0,208303.0,0.0,0.0,13278.0,,2900.0,66300.0,86015.0,4.0,4923.0,3003147.0,,0.0,13503.0,5354288.0,4.0,58.0,3713401.0,,1666.0,80096.0,27055.0,7007091.0,7926619.0,41108106782.0,,0.0,50.0,1549233230.0,117711.0,133125.0,42112116.0,,0.0,1.0,10427478.0,2282.606,0,82,1929087,222598,5499572,201287,8779805,4265902,44955520706,54989884,True
97,2453,1144.92825,115171,868.2741315088,94.751,99.533,1075.698,,5.84,115.465,685.367,0.0,0.0,0.0,,0.0,1.0,1.0,0.0,1.0,77.0,,0.0,0.0,1.0,0.0,9752.0,917893.0,,0.0,0.0,661853.0,0.0,4948.0,63893.0,,0.0,0.0,28321.0,0.0,406.0,6695481.0,,7602.0,100272.0,241754.0,0.0,0.0,28690.0,,2900.0,57200.0,34951.0,0.0,6857.0,1462344.0,,0.0,6595.0,5669208.0,5.0,58.0,3764473.0,,1666.0,46540.0,19371.0,7455727.0,7998741.0,42248743016.0,,0.0,50.0,1600860789.0,125320.0,134510.0,43233729.0,,0.0,1.0,10753606.0,2237.007,2,84,1747995,103664,7435470,132306,7547219,4282809,46185609103,56457482,False
98,2577,1171.19508,117766,849.1415179253775,95.4,96.068,1015.706,,5.7,118.056,567.183,0.0,0.0,0.0,,0.0,1.0,0.0,0.0,2.0,77.0,,0.0,0.0,2.0,0.0,11151.0,870332.0,,0.0,269564.0,360334.0,0.0,4795.0,58435.0,,0.0,7.0,19524.0,0.0,19937.0,6282616.0,,0.0,1784.0,169292.0,0.0,0.0,4675.0,,2900.0,58200.0,17528.0,0.0,7008.0,1229924.0,,0.0,548.0,4571099.0,4.0,58.0,3749612.0,,1666.0,52170.0,22957.0,7295458.0,8086914.0,41898231695.0,,0.0,264.0,1453122639.0,122573.0,135819.0,43121703.0,,0.0,4.0,9781183.0,2070.875,1,84,1613397,86237,6935113,105026,6274123,4270636,45678213874,55377553,False
99,1775,1046.14471,105308,949.595472328788,96.926,98.178,1049.179,,5.579,105.604,586.96,0.0,0.0,0.0,,0.0,1.0,0.0,1.0,1.0,79.0,,0.0,0.0,2.0,0.0,9839.0,893747.0,,0.0,231284.0,341730.0,0.0,5151.0,67761.0,,0.0,8474.0,19765.0,37925.0,26160.0,6379649.0,,0.0,2422.0,179015.0,0.0,0.0,3793.0,,2700.0,52000.0,17115.0,6362.0,10312.0,1308604.0,,0.0,8583.0,4661841.0,6.0,58.0,3844735.0,,1559.0,14275.0,21308.0,8938933.0,8157857.0,42996363461.0,,0.0,214.0,1491935011.0,150320.0,137183.0,44212488.0,,0.0,3.0,10063453.0,2118.189,1,86,1638620,106141,7091474,95236,6486762,4354869,46845486134,56983105,False
100,1767,1087.29612,109433,913.8011385962188,97.313,100.806,1050.523,,5.518,109.739,588.355,0.0,0.0,0.0,,0.0,1.0,0.0,0.0,1.0,78.0,,0.0,0.0,2.0,0.0,10719.0,967394.0,,0.0,217897.0,366952.0,0.0,5312.0,64153.0,,0.0,7956.0,18900.0,25814.0,26706.0,6256844.0,,0.0,337.0,186326.0,0.0,0.0,4381.0,,2800.0,52500.0,16102.0,8.0,9657.0,1316672.0,,0.0,1891.0,4612136.0,6.0,58.0,3832605.0,,1666.0,11307.0,21966.0,8938992.0,8235800.0,42926829970.0,,0.0,214.0,1505736330.0,150321.0,138504.0,43971268.0,,0.0,3.0,10110527.0,2123.224,1,85,1726216,100889,6958395,93438,6434073,4341703,46807294573,56799898,False
