Epoch,header_epoch,header_run,phase,probe,size_bytes,lookup_shared_hit,lookup_execution_ms,array_length_shared_hit,array_length_execution_ms,serialize_shared_hit,serialize_execution_ms
1,1,1,post-run,min,1000,3,0.054,3,0.046,3,0.055
1,1,1,post-run,p50,1700,3,0.043,3,0.045,3,0.066
1,1,1,post-run,p90,2300,3,0.042,29,0.105,29,0.11
1,1,1,post-run,p95,2700,3,0.043,32,0.12,32,0.121
1,1,1,post-run,p99,4600,3,0.045,44,0.166,44,0.165
1,1,1,post-run,max,382800,3,0.061,105,0.454,105,1.944
2,1,2,post-run,min,1100,3,0.051,3,0.055,3,0.063
2,1,2,post-run,p50,2400,3,0.049,34,0.15,34,0.142
2,1,2,post-run,p90,3400,3,0.044,42,0.162,42,0.186
2,1,2,post-run,p95,4200,3,0.066,50,0.194,50,0.215
2,1,2,post-run,p99,7900,3,0.05,58,0.246,58,0.29
2,1,2,post-run,max,764400,3,0.052,166,0.8,166,3.785
3,1,3,post-run,min,1500,3,0.049,3,0.047,3,0.063
3,1,3,post-run,p50,3100,3,0.047,38,0.162,38,0.158
3,1,3,post-run,p90,4600,3,0.045,46,0.215,46,0.196
3,1,3,post-run,p95,5600,3,0.047,50,0.231,50,0.209
3,1,3,post-run,p99,11300,3,0.065,58,0.233,58,0.257
3,1,3,post-run,max,1134900,3,0.044,213,1.062,213,5.343
4,1,4,post-run,min,1700,3,0.055,3,0.059,3,0.069
4,1,4,post-run,p50,3800,3,0.05,46,0.219,46,0.23
4,1,4,post-run,p90,5700,3,0.053,50,0.239,50,0.251
4,1,4,post-run,p95,7100,3,0.053,54,0.239,54,0.249
4,1,4,post-run,p99,14700,3,0.047,58,0.267,58,0.303
4,1,4,post-run,max,1525100,3,0.049,292,1.413,292,7.536
5,1,5,post-run,min,2100,3,0.054,30,0.12,30,0.13
5,1,5,post-run,p50,4500,3,0.054,50,0.232,50,0.233
5,1,5,post-run,p90,6800,3,0.048,54,0.264,54,0.263
5,1,5,post-run,p95,8600,3,0.048,58,0.289,58,0.295
5,1,5,post-run,p99,18300,3,0.05,62,0.293,62,0.374
5,1,5,post-run,max,1905400,3,0.058,352,1.698,352,9.474
6,1,6,post-run,min,2500,3,0.048,34,0.14,34,0.144
6,1,6,post-run,p50,5100,3,0.046,50,0.222,50,0.23
6,1,6,post-run,p90,7900,3,0.046,54,0.23,54,0.235
6,1,6,post-run,p95,10100,3,0.044,58,0.258,58,0.275
6,1,6,post-run,p99,21700,3,0.045,62,0.276,62,0.325
6,1,6,post-run,max,2291500,3,0.043,389,1.837,389,11.014
7,1,7,post-run,min,3000,3,0.049,38,0.181,38,0.248
7,1,7,post-run,p50,5800,3,0.044,50,0.276,50,0.233
7,1,7,post-run,p90,8900,3,0.047,58,0.268,58,0.313
7,1,7,post-run,p95,11600,3,0.046,58,0.275,58,0.289
7,1,7,post-run,p99,25000,3,0.045,68,0.319,68,0.375
7,1,7,post-run,max,2668300,3,0.045,462,2.155,462,13.107
8,1,8,post-run,min,3300,3,0.049,42,0.183,42,0.185
8,1,8,post-run,p50,6500,3,0.046,54,0.234,54,0.233
8,1,8,post-run,p90,10000,3,0.044,58,0.403,58,0.28
8,1,8,post-run,p95,13000,3,0.049,62,0.282,62,0.32
8,1,8,post-run,p99,28300,3,0.044,68,0.305,68,0.372
8,1,8,post-run,max,3037000,3,0.045,519,2.408,519,14.96
9,1,9,post-run,min,3600,3,0.048,42,0.225,42,0.203
9,1,9,post-run,p50,7200,3,0.046,54,0.305,54,0.302
9,1,9,post-run,p90,11100,3,0.05,58,0.301,58,0.324
9,1,9,post-run,p95,14500,3,0.049,62,0.31,62,0.318
9,1,9,post-run,p99,31500,3,0.049,68,0.363,68,0.475
9,1,9,post-run,max,3415700,3,0.049,540,2.825,540,16.523
10,1,10,post-run,min,4300,3,0.048,46,0.24,46,0.263
10,1,10,post-run,p50,7800,3,0.046,54,0.246,54,0.271
10,1,10,post-run,p90,12200,3,0.065,58,0.269,58,0.293
10,1,10,post-run,p95,16100,3,0.046,62,0.291,62,0.35
10,1,10,post-run,p99,34700,3,0.044,68,0.32,68,0.421
10,1,10,post-run,max,3810300,3,0.046,606,3.173,606,18.244
11,2,1,post-run,min,4800,3,0.051,50,0.25,50,0.248
11,2,1,post-run,p50,8500,3,0.05,58,0.29,58,0.3
11,2,1,post-run,p90,13300,3,0.047,62,0.283,62,0.332
11,2,1,post-run,p95,17500,3,0.047,62,0.309,62,0.344
11,2,1,post-run,p99,37900,3,0.048,70,0.337,70,0.43
11,2,1,post-run,max,4197400,3,0.048,649,3.311,649,19.904
12,2,2,post-run,min,5100,3,0.052,50,0.274,50,0.256
12,2,2,post-run,p50,9200,3,0.046,58,0.256,58,0.285
12,2,2,post-run,p90,14400,3,0.047,62,0.331,62,0.338
12,2,2,post-run,p95,19000,3,0.046,62,0.308,62,0.325
12,2,2,post-run,p99,40900,3,0.046,70,0.332,70,0.47
12,2,2,post-run,max,4572600,3,0.045,1069,5.228,1069,23.415
13,2,3,post-run,min,5400,3,0.048,50,0.269,50,0.277
13,2,3,post-run,p50,9800,3,0.041,54,0.26,54,0.269
13,2,3,post-run,p90,15500,3,0.046,62,0.297,62,0.334
13,2,3,post-run,p95,20500,3,0.046,62,0.311,62,0.374
13,2,3,post-run,p99,44100,3,0.047,68,0.333,68,0.514
13,2,3,post-run,max,4964100,3,0.046,748,3.94,748,23.595
14,2,4,post-run,min,6200,3,0.048,54,0.259,54,0.272
14,2,4,post-run,p50,10500,3,0.047,58,0.307,58,0.317
14,2,4,post-run,p90,16500,3,0.047,62,0.295,62,0.332
14,2,4,post-run,p95,22000,3,0.043,62,0.298,62,0.389
14,2,4,post-run,p99,48100,3,0.05,71,0.351,71,0.603
14,2,4,post-run,max,5342300,3,0.048,830,4.1,830,25.57
15,2,5,post-run,min,6700,3,0.05,50,0.292,50,0.299
15,2,5,post-run,p50,11200,3,0.047,58,0.335,58,0.344
15,2,5,post-run,p90,17700,3,0.054,62,0.356,62,0.373
15,2,5,post-run,p95,23400,3,0.046,66,0.367,66,0.435
15,2,5,post-run,p99,51100,3,0.047,71,0.377,71,0.577
15,2,5,post-run,max,5720300,3,0.044,823,4.521,823,27.924
16,2,6,post-run,min,6800,3,0.049,54,0.275,54,0.292
16,2,6,post-run,p50,11900,3,0.049,62,0.326,62,0.359
16,2,6,post-run,p90,18800,3,0.045,63,0.344,63,0.376
16,2,6,post-run,p95,24900,3,0.044,66,0.359,66,0.45
16,2,6,post-run,p99,54700,3,0.048,74,0.37,74,0.589
16,2,6,post-run,max,6104600,3,0.045,866,4.788,866,29.136
17,2,7,post-run,min,7200,3,0.052,54,0.28,54,0.27
17,2,7,post-run,p50,12500,3,0.046,58,0.299,58,0.347
17,2,7,post-run,p90,19900,3,0.044,62,0.318,62,0.362
17,2,7,post-run,p95,26300,3,0.046,69,0.365,69,0.401
17,2,7,post-run,p99,58400,3,0.067,72,0.356,72,0.557
17,2,7,post-run,max,6485000,3,0.046,952,5.162,952,31.053
18,2,8,post-run,min,7900,3,0.049,58,0.335,58,0.365
18,2,8,post-run,p50,13200,3,0.043,58,0.296,58,0.332
18,2,8,post-run,p90,21000,3,0.043,62,0.296,62,0.377
18,2,8,post-run,p95,27900,3,0.046,64,0.303,64,0.423
18,2,8,post-run,p99,61100,3,0.047,74,0.347,74,0.568
18,2,8,post-run,max,6863400,3,0.048,999,5.196,999,32.629
19,2,9,post-run,min,8200,3,0.051,58,0.289,58,0.298
19,2,9,post-run,p50,13900,3,0.051,58,0.3,58,0.32
19,2,9,post-run,p90,22000,3,0.05,62,0.308,62,0.396
19,2,9,post-run,p95,29600,3,0.046,67,0.326,67,0.437
19,2,9,post-run,p99,64500,3,0.046,73,0.339,73,0.6
19,2,9,post-run,max,7242700,3,0.047,1018,6.865,1018,35.712
20,2,10,post-run,min,8700,3,0.051,58,0.311,58,0.311
20,2,10,post-run,p50,14500,3,0.045,62,0.319,62,0.443
20,2,10,post-run,p90,23200,3,0.047,62,0.295,62,0.373
20,2,10,post-run,p95,30900,3,0.046,68,0.374,68,0.455
20,2,10,post-run,p99,68200,3,0.052,74,0.4,74,0.647
20,2,10,post-run,max,7622400,3,0.049,1067,5.929,1067,37.012
21,3,1,post-run,min,9000,3,0.05,58,0.289,58,0.298
21,3,1,post-run,p50,15200,3,0.046,58,0.314,58,0.326
21,3,1,post-run,p90,24300,3,0.047,62,0.341,62,0.393
21,3,1,post-run,p95,32500,3,0.048,66,0.342,66,0.473
21,3,1,post-run,p99,72100,3,0.05,74,0.336,74,0.59
21,3,1,post-run,max,8012100,3,0.046,1171,7.008,1171,38.869
22,3,2,post-run,min,9800,3,0.052,58,0.301,58,0.322
22,3,2,post-run,p50,15800,3,0.048,62,0.322,62,0.347
22,3,2,post-run,p90,25400,3,0.046,67,0.349,67,0.409
22,3,2,post-run,p95,34000,3,0.055,67,0.385,67,0.488
22,3,2,post-run,p99,76300,3,0.051,76,0.409,76,0.611
22,3,2,post-run,max,8401800,3,0.047,1228,6.861,1228,40.659
23,3,3,post-run,min,10400,3,0.052,58,0.32,58,0.332
23,3,3,post-run,p50,16500,3,0.051,62,0.351,62,0.358
23,3,3,post-run,p90,26500,3,0.048,68,0.377,68,0.44
23,3,3,post-run,p95,35400,3,0.049,70,0.375,70,0.496
23,3,3,post-run,p99,79100,3,0.049,76,0.371,76,0.657
23,3,3,post-run,max,8781500,3,0.046,1236,7.958,1236,43.334
24,3,4,post-run,min,10700,3,0.057,58,0.35,58,0.347
24,3,4,post-run,p50,17200,3,0.053,62,0.342,62,0.418
24,3,4,post-run,p90,27600,3,0.052,68,0.372,68,0.434
24,3,4,post-run,p95,36800,3,0.047,68,0.36,68,0.489
24,3,4,post-run,p99,81700,3,0.047,78,0.411,78,0.725
24,3,4,post-run,max,9174300,3,0.052,1269,9.354,1269,47.034
25,3,5,post-run,min,11100,3,0.054,58,0.336,58,0.344
25,3,5,post-run,p50,17800,3,0.046,62,0.344,62,0.384
25,3,5,post-run,p90,28700,3,0.048,68,0.351,68,0.429
25,3,5,post-run,p95,38400,3,0.047,68,0.308,68,0.476
25,3,5,post-run,p99,85600,3,0.067,75,0.382,75,0.672
25,3,5,post-run,max,9552800,3,0.047,1394,8.087,1394,46.486
26,3,6,post-run,min,11700,3,0.063,58,0.343,58,0.347
26,3,6,post-run,p50,18500,3,0.048,62,0.359,62,0.377
26,3,6,post-run,p90,29800,3,0.049,67,0.38,67,0.452
26,3,6,post-run,p95,39900,3,0.074,68,0.384,68,0.563
26,3,6,post-run,p99,89500,3,0.05,76,0.384,76,0.76
26,3,6,post-run,max,9929300,3,0.05,1393,8.206,1393,48.656
27,3,7,post-run,min,12000,3,0.053,58,0.291,58,0.324
27,3,7,post-run,p50,19200,3,0.049,62,0.297,62,0.335
27,3,7,post-run,p90,30900,3,0.047,67,0.338,67,0.405
27,3,7,post-run,p95,41300,3,0.052,70,0.364,70,0.515
27,3,7,post-run,p99,92600,3,0.048,75,0.356,75,0.676
27,3,7,post-run,max,10305600,3,0.047,1505,8.286,1505,49.925
28,3,8,post-run,min,12600,3,0.053,71,0.303,71,0.322
28,3,8,post-run,p50,19800,3,0.047,71,0.331,71,0.374
28,3,8,post-run,p90,32000,3,0.047,77,0.333,77,0.417
28,3,8,post-run,p95,42900,3,0.049,80,0.368,80,0.664
28,3,8,post-run,p99,95600,3,0.047,88,0.388,88,0.773
28,3,8,post-run,max,10682400,3,0.048,1479,8.878,1479,52.331
29,3,9,post-run,min,13400,3,0.056,66,0.343,66,0.378
29,3,9,post-run,p50,20500,3,0.056,72,0.345,72,0.391
29,3,9,post-run,p90,33100,3,0.052,79,0.387,79,0.518
29,3,9,post-run,p95,44400,3,0.054,82,0.439,82,0.602
29,3,9,post-run,p99,98400,3,0.052,88,0.456,88,0.817
29,3,9,post-run,max,11062200,3,0.051,1530,9.457,1530,54.063
30,3,10,post-run,min,13800,3,0.056,71,0.384,71,0.413
30,3,10,post-run,p50,21200,3,0.062,71,0.352,71,0.417
30,3,10,post-run,p90,34300,3,0.049,77,0.389,77,0.526
30,3,10,post-run,p95,46000,3,0.051,80,0.445,80,0.671
30,3,10,post-run,p99,102200,3,0.049,87,0.446,87,0.86
30,3,10,post-run,max,11438800,3,0.07,1576,10.604,1576,57.032
31,4,1,post-run,min,14100,3,0.052,66,0.317,66,0.354
31,4,1,post-run,p50,21800,3,0.049,71,0.356,71,0.436
31,4,1,post-run,p90,35300,3,0.048,78,0.384,78,0.513
31,4,1,post-run,p95,47700,3,0.051,80,0.434,80,0.601
31,4,1,post-run,p99,105500,3,0.068,88,0.541,88,0.845
31,4,1,post-run,max,11817100,3,0.046,1733,9.23,1733,57.765
32,4,2,post-run,min,14600,3,0.051,71,0.374,71,0.426
32,4,2,post-run,p50,22500,3,0.047,71,0.329,71,0.456
32,4,2,post-run,p90,36400,3,0.045,80,0.422,80,0.537
32,4,2,post-run,p95,49300,3,0.048,78,0.416,78,0.607
32,4,2,post-run,p99,108600,3,0.047,89,0.485,89,0.938
32,4,2,post-run,max,12205700,3,0.046,1682,12.024,1682,62.111
33,4,3,post-run,min,15100,3,0.053,71,0.352,71,0.378
33,4,3,post-run,p50,23100,3,0.068,78,0.376,78,0.473
33,4,3,post-run,p90,37500,3,0.047,80,0.426,80,0.505
33,4,3,post-run,p95,50800,3,0.064,83,0.428,83,0.656
33,4,3,post-run,p99,111800,3,0.046,87,0.432,87,0.854
33,4,3,post-run,max,12581800,3,0.045,1775,11.282,1775,61.7
34,4,4,post-run,min,15700,3,0.072,71,0.369,71,0.407
34,4,4,post-run,p50,23700,3,0.051,72,0.334,72,0.439
34,4,4,post-run,p90,38600,3,0.046,80,0.459,80,0.577
34,4,4,post-run,p95,52300,3,0.05,78,0.422,78,0.618
34,4,4,post-run,p99,115000,3,0.047,93,0.49,93,0.938
34,4,4,post-run,max,12961200,3,0.045,1803,11.059,1803,63.621
35,4,5,post-run,min,16100,3,0.051,71,0.375,71,0.455
35,4,5,post-run,p50,24400,3,0.046,76,0.491,76,0.572
35,4,5,post-run,p90,39700,3,0.066,79,0.423,79,0.54
35,4,5,post-run,p95,53700,3,0.048,83,0.438,83,0.641
35,4,5,post-run,p99,119500,3,0.048,92,0.503,92,0.971
35,4,5,post-run,max,13341500,3,0.049,1850,11.864,1850,65.01
36,4,6,post-run,min,16600,3,0.054,71,0.389,71,0.429
36,4,6,post-run,p50,25100,3,0.053,76,0.41,76,0.513
36,4,6,post-run,p90,40800,3,0.05,81,0.515,81,0.61
36,4,6,post-run,p95,55000,3,0.049,80,0.455,80,0.671
36,4,6,post-run,p99,122900,3,0.048,92,0.521,92,0.984
36,4,6,post-run,max,13714700,3,0.05,1938,13.956,1938,68.19
37,4,7,post-run,min,17300,3,0.053,71,0.424,71,0.465
37,4,7,post-run,p50,25800,3,0.05,77,0.416,77,0.493
37,4,7,post-run,p90,41800,3,0.048,83,0.48,83,0.591
37,4,7,post-run,p95,56600,3,0.049,84,0.499,84,0.702
37,4,7,post-run,p99,125600,3,0.05,90,0.544,90,0.96
37,4,7,post-run,max,14098400,3,0.05,1969,13.464,1969,69.879
38,4,8,post-run,min,17800,3,0.053,71,0.409,71,0.432
38,4,8,post-run,p50,26400,3,0.051,76,0.428,76,0.506
38,4,8,post-run,p90,42900,3,0.047,80,0.447,80,0.562
38,4,8,post-run,p95,58400,3,0.046,79,0.4,79,0.626
38,4,8,post-run,p99,129500,3,0.051,92,0.525,92,1.027
38,4,8,post-run,max,14489800,3,0.069,2011,12.442,2011,70.409
39,4,9,post-run,min,18400,3,0.063,71,0.421,71,0.466
39,4,9,post-run,p50,27100,3,0.061,78,0.441,78,0.519
39,4,9,post-run,p90,44100,3,0.049,79,0.47,79,0.606
39,4,9,post-run,p95,59800,3,0.049,79,0.446,79,0.689
39,4,9,post-run,p99,133200,3,0.051,94,0.559,94,1.052
39,4,9,post-run,max,14875900,3,0.051,2105,13.207,2105,73.653
40,4,10,post-run,min,19100,3,0.054,71,0.376,71,0.444
40,4,10,post-run,p50,27800,3,0.05,78,0.423,78,0.549
40,4,10,post-run,p90,45100,3,0.048,80,0.499,80,0.633
40,4,10,post-run,p95,61300,3,0.053,84,0.499,84,0.703
40,4,10,post-run,p99,136800,3,0.052,90,0.55,90,0.998
40,4,10,post-run,max,15257500,3,0.068,2126,12.079,2126,73.198
41,5,1,post-run,min,19500,3,0.059,71,0.427,71,0.508
41,5,1,post-run,p50,28400,3,0.05,78,0.422,78,0.548
41,5,1,post-run,p90,46300,3,0.052,81,0.494,81,0.681
41,5,1,post-run,p95,63000,3,0.052,81,0.491,81,0.726
41,5,1,post-run,p99,140600,3,0.059,96,0.579,96,1.1
41,5,1,post-run,max,15631400,3,0.052,2147,13.297,2147,75.828
42,5,2,post-run,min,20000,3,0.064,71,0.437,71,0.508
42,5,2,post-run,p50,29100,3,0.06,77,0.492,77,0.575
42,5,2,post-run,p90,47400,3,0.054,81,0.508,81,0.711
42,5,2,post-run,p95,64400,3,0.052,78,0.481,78,0.728
42,5,2,post-run,p99,143900,3,0.057,94,0.599,94,1.147
42,5,2,post-run,max,16008900,3,0.057,2192,12.887,2192,76.289
43,5,3,post-run,min,20500,3,0.054,71,0.42,71,0.485
43,5,3,post-run,p50,29800,3,0.046,77,0.391,77,0.499
43,5,3,post-run,p90,48500,3,0.05,82,0.459,82,0.62
43,5,3,post-run,p95,65800,3,0.05,82,0.474,82,0.675
43,5,3,post-run,p99,147300,3,0.047,93,0.526,93,1.03
43,5,3,post-run,max,16389700,3,0.049,2231,14.155,2231,80.225
44,5,4,post-run,min,20700,3,0.058,71,0.387,71,0.429
44,5,4,post-run,p50,30400,3,0.051,77,0.414,77,0.504
44,5,4,post-run,p90,49700,3,0.049,81,0.516,81,0.667
44,5,4,post-run,p95,67200,3,0.05,81,0.497,81,0.713
44,5,4,post-run,p99,150900,3,0.048,95,0.549,95,1.086
44,5,4,post-run,max,16766300,3,0.048,2281,14.89,2281,83.051
45,5,5,post-run,min,21100,3,0.074,71,0.378,71,0.512
45,5,5,post-run,p50,31100,3,0.057,78,0.502,78,0.567
45,5,5,post-run,p90,50800,3,0.048,80,0.46,80,0.645
45,5,5,post-run,p95,68700,3,0.048,81,0.475,81,0.727
45,5,5,post-run,p99,153600,3,0.051,95,0.58,95,1.097
45,5,5,post-run,max,17150900,3,0.049,2332,14.567,2332,81.639
46,5,6,post-run,min,21800,3,0.051,71,0.388,71,0.449
46,5,6,post-run,p50,31700,3,0.051,78,0.446,78,0.526
46,5,6,post-run,p90,51900,3,0.047,82,0.484,82,0.607
46,5,6,post-run,p95,70200,3,0.066,83,0.502,83,0.749
46,5,6,post-run,p99,157400,3,0.052,98,0.612,98,1.153
46,5,6,post-run,max,17536400,4,0.052,2381,15.69,2381,86.844
47,5,7,post-run,min,22300,3,0.053,72,0.406,72,0.49
47,5,7,post-run,p50,32400,3,0.051,79,0.508,79,0.613
47,5,7,post-run,p90,53000,3,0.053,82,0.554,82,0.713
47,5,7,post-run,p95,71800,3,0.055,85,0.53,85,0.867
47,5,7,post-run,p99,161000,3,0.047,96,0.629,96,1.181
47,5,7,post-run,max,17924200,3,0.05,2435,16.093,2435,89.133
48,5,8,post-run,min,22500,3,0.052,71,0.415,71,0.484
48,5,8,post-run,p50,33100,3,0.048,77,0.449,77,0.565
48,5,8,post-run,p90,54200,3,0.046,81,0.517,81,0.688
48,5,8,post-run,p95,73400,3,0.047,86,0.564,86,0.785
48,5,8,post-run,p99,164200,3,0.052,93,0.53,93,1.194
48,5,8,post-run,max,18306500,3,0.048,2482,15.845,2482,90.149
49,5,9,post-run,min,23100,3,0.058,76,0.428,76,0.488
49,5,9,post-run,p50,33700,3,0.052,80,0.465,80,0.573
49,5,9,post-run,p90,55300,3,0.053,82,0.494,82,0.673
49,5,9,post-run,p95,74700,3,0.048,83,0.47,83,0.774
49,5,9,post-run,p99,166600,3,0.048,99,0.633,99,1.304
49,5,9,post-run,max,18684800,4,0.054,2536,16.966,2536,92.518
50,5,10,post-run,min,23700,4,0.063,77,0.423,77,0.54
50,5,10,post-run,p50,34400,3,0.053,76,0.426,76,0.534
50,5,10,post-run,p90,56300,3,0.055,83,0.527,83,0.721
50,5,10,post-run,p95,76300,3,0.052,84,0.525,84,0.8
50,5,10,post-run,p99,169900,3,0.05,97,0.656,97,1.243
50,5,10,post-run,max,19070400,4,0.057,2620,16.917,2620,92.692
51,6,1,post-run,min,24000,4,0.07,76,0.453,76,0.543
51,6,1,post-run,p50,35000,3,0.054,77,0.461,77,0.565
51,6,1,post-run,p90,57500,3,0.05,82,0.475,82,0.693
51,6,1,post-run,p95,77600,3,0.057,84,0.557,84,0.816
51,6,1,post-run,p99,173900,3,0.051,99,0.631,99,1.267
51,6,1,post-run,max,19446100,4,0.054,4489,21.561,4489,98.138
52,6,2,post-run,min,24500,3,0.052,76,0.42,76,0.489
52,6,2,post-run,p50,35700,3,0.052,79,0.47,79,0.609
52,6,2,post-run,p90,58500,3,0.049,79,0.456,79,0.659
52,6,2,post-run,p95,79200,3,0.05,84,0.501,84,0.808
52,6,2,post-run,p99,177100,3,0.046,98,0.61,98,1.276
52,6,2,post-run,max,19830900,3,0.047,2778,16.665,2778,96.614
53,6,3,post-run,min,25000,3,0.049,76,0.42,76,0.461
53,6,3,post-run,p50,36300,3,0.051,78,0.4,78,0.542
53,6,3,post-run,p90,59700,3,0.051,82,0.48,82,0.664
53,6,3,post-run,p95,80700,3,0.048,85,0.502,85,0.783
53,6,3,post-run,p99,180500,3,0.049,99,0.581,99,1.253
53,6,3,post-run,max,20224200,4,0.064,2867,16.676,2867,98.354
54,6,4,post-run,min,25600,3,0.048,76,0.496,76,0.499
54,6,4,post-run,p50,37000,3,0.047,78,0.464,78,0.572
54,6,4,post-run,p90,60800,3,0.047,83,0.526,83,0.789
54,6,4,post-run,p95,82000,3,0.049,85,0.522,85,0.779
54,6,4,post-run,p99,183400,3,0.045,98,0.615,98,1.307
54,6,4,post-run,max,20607000,4,0.053,2855,16.419,2855,99.36
55,6,5,post-run,min,25700,3,0.049,76,0.388,76,0.497
55,6,5,post-run,p50,37700,3,0.05,79,0.498,79,0.605
55,6,5,post-run,p90,61900,3,0.066,78,0.441,78,0.665
55,6,5,post-run,p95,83400,3,0.046,86,0.491,86,0.765
55,6,5,post-run,p99,185800,3,0.047,99,0.675,99,1.326
55,6,5,post-run,max,20988100,4,0.059,2896,17.193,2896,102.192
56,6,6,post-run,min,25900,3,0.049,76,0.421,76,0.476
56,6,6,post-run,p50,38300,3,0.048,78,0.442,78,0.589
56,6,6,post-run,p90,63000,3,0.046,82,0.45,82,0.68
56,6,6,post-run,p95,85100,3,0.051,86,0.517,86,0.895
56,6,6,post-run,p99,189800,3,0.049,100,0.639,100,1.38
56,6,6,post-run,max,21366600,4,0.054,2885,17.008,2885,102.649
57,6,7,post-run,min,26500,3,0.055,76,0.447,76,0.546
57,6,7,post-run,p50,39000,3,0.053,81,0.487,81,0.59
57,6,7,post-run,p90,64100,3,0.049,83,0.528,83,0.776
57,6,7,post-run,p95,86600,3,0.054,86,0.481,86,0.845
57,6,7,post-run,p99,193300,3,0.048,101,0.615,101,1.366
57,6,7,post-run,max,21756700,4,0.054,2941,17.467,2941,105.087
58,6,8,post-run,min,26900,3,0.051,76,0.452,76,0.51
58,6,8,post-run,p50,39600,3,0.052,80,0.473,80,0.623
58,6,8,post-run,p90,65400,3,0.047,82,0.478,82,0.697
58,6,8,post-run,p95,88100,3,0.048,87,0.511,87,0.89
58,6,8,post-run,p99,196900,3,0.047,102,0.616,102,1.446
58,6,8,post-run,max,22142200,4,0.054,2988,19.986,2988,108.624
59,6,9,post-run,min,27300,3,0.05,76,0.409,76,0.509
59,6,9,post-run,p50,40300,4,0.06,80,0.468,80,0.622
59,6,9,post-run,p90,66400,3,0.05,82,0.464,82,0.71
59,6,9,post-run,p95,89700,3,0.072,87,0.515,87,0.814
59,6,9,post-run,p99,200000,3,0.052,103,0.65,103,1.425
59,6,9,post-run,max,22513500,4,0.055,3076,19.138,3076,107.317
60,6,10,post-run,min,28200,3,0.064,79,0.464,79,0.618
60,6,10,post-run,p50,41000,3,0.052,82,0.462,82,0.603
60,6,10,post-run,p90,67500,3,0.049,84,0.508,84,0.734
60,6,10,post-run,p95,91200,3,0.049,87,0.533,87,0.863
60,6,10,post-run,p99,203500,3,0.052,102,0.705,102,1.424
60,6,10,post-run,max,22903000,4,0.056,3102,20.527,3102,110.331
61,7,1,post-run,min,28400,3,0.05,78,0.442,78,0.528
61,7,1,post-run,p50,41600,3,0.048,79,0.469,79,0.615
61,7,1,post-run,p90,68700,3,0.054,85,0.534,85,0.741
61,7,1,post-run,p95,93000,4,0.054,90,0.526,90,0.914
61,7,1,post-run,p99,206800,3,0.049,102,0.648,102,1.405
61,7,1,post-run,max,23275400,4,0.051,3490,21.849,3490,113.053
62,7,2,post-run,min,29300,3,0.048,78,0.433,78,0.479
62,7,2,post-run,p50,42300,3,0.052,78,0.429,78,0.592
62,7,2,post-run,p90,69800,3,0.068,83,0.498,83,0.761
62,7,2,post-run,p95,94100,3,0.049,86,0.509,86,0.895
62,7,2,post-run,p99,210100,3,0.047,101,0.655,101,1.427
62,7,2,post-run,max,23662500,3,0.065,3187,22.014,3187,113.655
63,7,3,post-run,min,29600,3,0.054,80,0.455,80,0.505
63,7,3,post-run,p50,43000,3,0.05,78,0.407,78,0.578
63,7,3,post-run,p90,70800,3,0.049,84,0.528,84,0.779
63,7,3,post-run,p95,95600,3,0.048,86,0.51,86,0.84
63,7,3,post-run,p99,212700,3,0.049,105,0.678,105,1.47
63,7,3,post-run,max,24045200,3,0.049,3241,21.396,3241,118.344
64,7,4,post-run,min,30100,3,0.05,81,0.48,81,0.573
64,7,4,post-run,p50,43600,3,0.05,79,0.418,79,0.616
64,7,4,post-run,p90,72000,3,0.052,85,0.519,85,0.769
64,7,4,post-run,p95,97000,3,0.048,87,0.502,87,0.877
64,7,4,post-run,p99,216400,3,0.047,104,0.625,104,1.421
64,7,4,post-run,max,24430800,3,0.048,3315,20.048,3315,118.549
65,7,5,post-run,min,30600,3,0.054,81,0.453,81,0.511
65,7,5,post-run,p50,44300,3,0.046,81,0.455,81,0.612
65,7,5,post-run,p90,73100,3,0.047,85,0.546,85,0.975
65,7,5,post-run,p95,98400,3,0.049,87,0.51,87,0.861
65,7,5,post-run,p99,219100,3,0.05,103,0.702,103,1.489
65,7,5,post-run,max,24819000,4,0.055,3414,20.569,3414,121.673
66,7,6,post-run,min,31200,3,0.054,82,0.519,82,0.577
66,7,6,post-run,p50,45000,3,0.058,77,0.479,77,0.673
66,7,6,post-run,p90,74300,3,0.054,83,0.514,83,0.79
66,7,6,post-run,p95,100100,3,0.052,90,0.547,90,0.893
66,7,6,post-run,p99,222600,3,0.072,105,0.679,105,1.5
66,7,6,post-run,max,25200100,4,0.056,3427,20.869,3427,123.358
67,7,7,post-run,min,31500,3,0.049,81,0.468,81,0.55
67,7,7,post-run,p50,45600,3,0.047,80,0.471,80,0.607
67,7,7,post-run,p90,75300,3,0.051,87,0.544,87,0.735
67,7,7,post-run,p95,101900,3,0.054,87,0.5,87,0.899
67,7,7,post-run,p99,226000,3,0.055,105,0.74,105,1.5
67,7,7,post-run,max,25586900,4,0.054,3483,20.93,3483,124.879
68,7,8,post-run,min,32100,3,0.053,80,0.5,80,0.558
68,7,8,post-run,p50,46300,3,0.053,82,0.486,82,0.619
68,7,8,post-run,p90,76300,3,0.047,86,0.503,86,0.849
68,7,8,post-run,p95,103100,3,0.049,89,0.507,89,0.936
68,7,8,post-run,p99,229100,3,0.048,106,0.694,106,1.592
68,7,8,post-run,max,25967800,4,0.054,3494,22.587,3494,127.736
69,7,9,post-run,min,32400,3,0.061,78,0.472,78,0.551
69,7,9,post-run,p50,47000,3,0.057,76,0.484,76,0.649
69,7,9,post-run,p90,77600,3,0.052,85,0.525,85,0.804
69,7,9,post-run,p95,104500,3,0.052,89,0.578,89,0.946
69,7,9,post-run,p99,231700,3,0.053,105,0.712,105,1.558
69,7,9,post-run,max,26338400,4,0.056,3544,22.403,3544,126.039
70,7,10,post-run,min,32900,3,0.049,78,0.449,78,0.571
70,7,10,post-run,p50,47700,3,0.051,80,0.456,80,0.653
70,7,10,post-run,p90,78700,3,0.051,86,0.537,86,0.779
70,7,10,post-run,p95,105900,3,0.056,89,0.558,89,0.951
70,7,10,post-run,p99,235400,3,0.049,106,0.726,106,1.569
70,7,10,post-run,max,26719200,4,0.055,3590,23.443,3590,131.93
71,8,1,post-run,min,33500,3,0.051,78,0.481,78,0.625
71,8,1,post-run,p50,48300,3,0.051,83,0.546,83,0.73
71,8,1,post-run,p90,79800,3,0.053,85,0.567,85,0.829
71,8,1,post-run,p95,107300,3,0.051,92,0.634,92,0.945
71,8,1,post-run,p99,238400,3,0.053,106,0.759,106,1.63
71,8,1,post-run,max,27105900,4,0.08,3639,22.832,3639,133.233
72,8,2,post-run,min,34000,3,0.052,79,0.477,79,0.581
72,8,2,post-run,p50,49000,3,0.054,80,0.464,80,0.691
72,8,2,post-run,p90,80700,3,0.05,86,0.527,86,0.816
72,8,2,post-run,p95,108800,3,0.05,90,0.577,90,0.916
72,8,2,post-run,p99,242400,3,0.053,106,0.674,106,1.603
72,8,2,post-run,max,27479500,4,0.076,3711,22.35,3711,130.628
73,8,3,post-run,min,34100,3,0.05,79,0.463,79,0.535
73,8,3,post-run,p50,49600,3,0.075,81,0.487,81,0.657
73,8,3,post-run,p90,81900,3,0.05,85,0.511,85,0.745
73,8,3,post-run,p95,110200,3,0.048,92,0.578,92,1.012
73,8,3,post-run,p99,245900,3,0.049,108,0.74,108,1.607
73,8,3,post-run,max,27852500,4,0.072,3741,23.561,3741,137.123
74,8,4,post-run,min,34300,3,0.059,79,0.495,79,0.674
74,8,4,post-run,p50,50300,3,0.08,81,0.475,81,0.638
74,8,4,post-run,p90,83000,3,0.05,86,0.557,86,0.877
74,8,4,post-run,p95,111800,3,0.053,90,0.571,90,0.963
74,8,4,post-run,p99,249300,3,0.135,107,0.723,107,1.688
74,8,4,post-run,max,28231600,4,0.057,3792,24.03,3792,134.73
75,8,5,post-run,min,35200,3,0.061,80,0.48,80,0.585
75,8,5,post-run,p50,51000,3,0.055,78,0.512,78,0.699
75,8,5,post-run,p90,84200,3,0.051,85,0.596,85,0.866
75,8,5,post-run,p95,113400,3,0.051,91,0.599,91,0.975
75,8,5,post-run,p99,252500,3,0.051,109,0.801,109,1.705
75,8,5,post-run,max,28609000,4,0.059,3883,24.568,3883,138.004
76,8,6,post-run,min,35700,3,0.057,79,0.493,79,0.592
76,8,6,post-run,p50,51600,3,0.055,78,0.495,78,0.668
76,8,6,post-run,p90,85300,3,0.059,85,0.558,85,0.875
76,8,6,post-run,p95,115000,3,0.056,91,0.631,91,1.039
76,8,6,post-run,p99,256300,3,0.055,111,0.748,111,1.684
76,8,6,post-run,max,29001700,4,0.054,3911,24.407,3911,137.555
77,8,7,post-run,min,36200,3,0.05,81,0.465,81,0.534
77,8,7,post-run,p50,52200,3,0.05,82,0.521,82,0.674
77,8,7,post-run,p90,86400,3,0.049,85,0.511,85,0.779
77,8,7,post-run,p95,116600,3,0.051,90,0.519,90,0.915
77,8,7,post-run,p99,259400,3,0.049,107,0.741,107,1.661
77,8,7,post-run,max,29383300,4,0.056,3941,24.455,3941,143.754
78,8,8,post-run,min,36500,3,0.059,82,0.458,82,0.585
78,8,8,post-run,p50,53000,3,0.054,78,0.471,78,0.645
78,8,8,post-run,p90,87400,3,0.054,86,0.531,86,0.813
78,8,8,post-run,p95,118000,3,0.051,88,0.57,88,0.968
78,8,8,post-run,p99,262600,3,0.048,109,0.748,109,1.71
78,8,8,post-run,max,29768800,4,0.054,3992,24.062,3992,141.92
79,8,9,post-run,min,36900,3,0.054,81,0.507,81,0.623
79,8,9,post-run,p50,53600,3,0.054,80,0.478,80,0.703
79,8,9,post-run,p90,88500,3,0.05,86,0.527,86,0.949
79,8,9,post-run,p95,119600,3,0.053,89,0.585,89,0.992
79,8,9,post-run,p99,265900,3,0.052,110,0.821,110,1.821
79,8,9,post-run,max,30149700,4,0.059,4047,25.413,4047,148.316
80,8,10,post-run,min,37900,3,0.049,81,0.463,81,0.558
80,8,10,post-run,p50,54300,3,0.052,80,0.476,80,0.673
80,8,10,post-run,p90,89600,3,0.048,87,0.499,87,0.836
80,8,10,post-run,p95,121300,3,0.049,91,0.558,91,0.977
80,8,10,post-run,p99,268800,3,0.048,111,0.742,111,1.687
80,8,10,post-run,max,30529200,4,0.072,4122,24.734,4122,146.22
81,9,1,post-run,min,38400,3,0.049,79,0.462,79,0.579
81,9,1,post-run,p50,54900,3,0.047,81,0.468,81,0.635
81,9,1,post-run,p90,90700,3,0.048,87,0.552,87,0.876
81,9,1,post-run,p95,122600,3,0.051,94,0.602,94,1.036
81,9,1,post-run,p99,272100,3,0.051,110,0.756,110,1.81
81,9,1,post-run,max,30912100,4,0.054,4144,25.46,4144,145.047
82,9,2,post-run,min,38800,3,0.058,80,0.475,80,0.603
82,9,2,post-run,p50,55600,3,0.051,79,0.458,79,0.689
82,9,2,post-run,p90,91700,3,0.053,88,0.551,88,0.918
82,9,2,post-run,p95,124200,3,0.051,90,0.591,90,0.996
82,9,2,post-run,p99,276500,3,0.052,111,0.77,111,1.747
82,9,2,post-run,max,31289700,4,0.078,4210,24.951,4210,149.891
83,9,3,post-run,min,39500,3,0.056,79,0.479,79,0.641
83,9,3,post-run,p50,56200,3,0.057,78,0.507,78,0.716
83,9,3,post-run,p90,92900,3,0.057,86,0.57,86,0.958
83,9,3,post-run,p95,125600,3,0.051,96,0.604,96,0.985
83,9,3,post-run,p99,279600,3,0.05,118,0.805,118,1.823
83,9,3,post-run,max,31669500,4,0.055,4243,27.209,4243,157.708
84,9,4,post-run,min,40300,3,0.049,79,0.503,79,0.586
84,9,4,post-run,p50,56900,3,0.051,82,0.517,82,0.656
84,9,4,post-run,p90,94000,3,0.048,87,0.513,87,0.837
84,9,4,post-run,p95,127000,3,0.046,89,0.54,89,0.996
84,9,4,post-run,p99,282900,3,0.049,113,0.744,113,1.76
84,9,4,post-run,max,32056000,4,0.053,4291,27.724,4291,157.054
85,9,5,post-run,min,40900,3,0.049,78,0.453,78,0.592
85,9,5,post-run,p50,57600,3,0.048,82,0.542,82,0.715
85,9,5,post-run,p90,95100,3,0.048,88,0.508,88,0.885
85,9,5,post-run,p95,128600,3,0.05,91,0.59,91,1.06
85,9,5,post-run,p99,286200,3,0.052,112,0.756,112,1.763
85,9,5,post-run,max,32442900,4,0.053,4356,27.455,4356,159.513
86,9,6,post-run,min,41100,3,0.05,78,0.479,78,0.702
86,9,6,post-run,p50,58200,3,0.06,80,0.503,80,0.694
86,9,6,post-run,p90,96200,3,0.052,88,0.534,88,0.88
86,9,6,post-run,p95,129800,3,0.051,93,0.607,93,1.009
86,9,6,post-run,p99,289500,3,0.05,113,0.703,113,1.769
86,9,6,post-run,max,32827500,4,0.055,4459,28.237,4459,161.179
87,9,7,post-run,min,41800,3,0.049,79,0.453,79,0.615
87,9,7,post-run,p50,58900,3,0.051,79,0.477,79,0.684
87,9,7,post-run,p90,97300,3,0.049,86,0.518,86,0.846
87,9,7,post-run,p95,131300,3,0.047,89,0.522,89,0.972
87,9,7,post-run,p99,292500,3,0.049,112,0.757,112,1.791
87,9,7,post-run,max,33202200,4,0.057,4479,28.427,4479,163.48
88,9,8,post-run,min,42200,3,0.05,78,0.483,78,0.639
88,9,8,post-run,p50,59600,3,0.061,79,0.503,79,0.699
88,9,8,post-run,p90,98400,3,0.053,88,0.543,88,0.895
88,9,8,post-run,p95,132900,3,0.049,91,0.549,91,0.996
88,9,8,post-run,p99,295700,3,0.047,114,0.743,114,1.794
88,9,8,post-run,max,33577500,4,0.053,4533,27.0,4533,161.703
89,9,9,post-run,min,42400,3,0.049,79,0.446,79,0.591
89,9,9,post-run,p50,60300,3,0.069,83,0.484,83,0.753
89,9,9,post-run,p90,99400,3,0.049,88,0.553,88,0.846
89,9,9,post-run,p95,134300,3,0.05,92,0.553,92,1.01
89,9,9,post-run,p99,299700,3,0.051,117,0.806,117,1.915
89,9,9,post-run,max,33959600,4,0.055,4552,26.669,4552,162.099
90,9,10,post-run,min,43300,3,0.049,80,0.478,80,0.612
90,9,10,post-run,p50,61000,3,0.05,84,0.474,84,0.644
90,9,10,post-run,p90,100600,3,0.05,89,0.512,89,0.828
90,9,10,post-run,p95,136000,3,0.049,94,0.589,94,1.088
90,9,10,post-run,p99,304100,3,0.048,114,0.761,114,1.894
90,9,10,post-run,max,34335800,4,0.055,4594,29.038,4594,168.149
91,10,1,post-run,min,43900,3,0.05,83,0.483,83,0.62
91,10,1,post-run,p50,61600,3,0.05,78,0.505,78,0.698
91,10,1,post-run,p90,101700,3,0.067,89,0.527,89,0.856
91,10,1,post-run,p95,137600,3,0.049,92,0.559,92,1.029
91,10,1,post-run,p99,307500,3,0.049,114,0.739,114,1.912
91,10,1,post-run,max,34722800,4,0.054,4647,28.996,4647,169.172
92,10,2,post-run,min,44400,3,0.051,83,0.514,83,0.667
92,10,2,post-run,p50,62200,3,0.048,86,0.475,86,0.709
92,10,2,post-run,p90,102700,3,0.048,87,0.531,87,0.862
92,10,2,post-run,p95,138800,3,0.049,92,0.599,92,1.033
92,10,2,post-run,p99,310200,3,0.051,113,0.823,113,1.993
92,10,2,post-run,max,35096700,4,0.075,4737,29.341,4737,171.794
93,10,3,post-run,min,45200,3,0.054,82,0.545,82,0.677
93,10,3,post-run,p50,62800,3,0.058,80,0.514,80,0.695
93,10,3,post-run,p90,103900,3,0.053,88,0.602,88,0.987
93,10,3,post-run,p95,140000,3,0.06,93,0.621,93,1.131
93,10,3,post-run,p99,313300,3,0.054,117,0.895,117,2.066
93,10,3,post-run,max,35466100,4,0.059,4796,28.991,4796,169.101
94,10,4,post-run,min,45600,3,0.05,81,0.485,81,0.631
94,10,4,post-run,p50,63500,3,0.05,80,0.459,80,0.673
94,10,4,post-run,p90,105000,3,0.049,88,0.578,88,0.915
94,10,4,post-run,p95,141800,3,0.048,95,0.562,95,1.053
94,10,4,post-run,p99,316300,3,0.048,116,0.765,116,1.925
94,10,4,post-run,max,35853800,4,0.053,4796,28.357,4796,168.52
95,10,5,post-run,min,45900,3,0.052,82,0.5,82,0.63
95,10,5,post-run,p50,64200,3,0.052,81,0.447,81,0.657
95,10,5,post-run,p90,106100,3,0.052,88,0.565,88,0.951
95,10,5,post-run,p95,143900,3,0.052,94,0.619,94,1.109
95,10,5,post-run,p99,320300,3,0.05,117,0.796,117,1.948
95,10,5,post-run,max,36227300,4,0.054,4906,29.238,4906,172.12
96,10,6,post-run,min,46500,3,0.048,83,0.532,83,0.643
96,10,6,post-run,p50,64900,3,0.048,81,0.458,81,0.677
96,10,6,post-run,p90,107100,3,0.045,89,0.616,89,0.953
96,10,6,post-run,p95,145200,3,0.046,96,0.63,96,1.114
96,10,6,post-run,p99,323800,3,0.048,116,0.784,116,1.948
96,10,6,post-run,max,36613200,4,0.052,4894,31.045,4894,179.576
97,10,7,post-run,min,46700,3,0.056,83,0.86,83,0.745
97,10,7,post-run,p50,65500,3,0.062,84,0.53,84,0.735
97,10,7,post-run,p90,108300,3,0.05,88,0.549,88,0.91
97,10,7,post-run,p95,146500,3,0.049,93,0.591,93,1.115
97,10,7,post-run,p99,326900,3,0.051,118,0.839,118,2.02
97,10,7,post-run,max,37004900,4,0.053,4947,30.481,4947,175.844
98,10,8,post-run,min,47200,3,0.052,82,0.528,82,0.682
98,10,8,post-run,p50,66200,3,0.049,81,0.489,81,0.735
98,10,8,post-run,p90,109400,3,0.052,91,0.548,91,0.914
98,10,8,post-run,p95,148400,3,0.05,91,0.561,91,1.078
98,10,8,post-run,p99,330600,3,0.051,120,0.821,120,2.104
98,10,8,post-run,max,37380800,4,0.074,5052,31.656,5052,185.159
99,10,9,post-run,min,47700,3,0.05,81,0.468,81,0.594
99,10,9,post-run,p50,66900,3,0.048,81,0.452,81,0.696
99,10,9,post-run,p90,110400,3,0.048,89,0.55,89,0.865
99,10,9,post-run,p95,149700,3,0.052,92,0.582,92,1.151
99,10,9,post-run,p99,334300,3,0.05,120,0.786,120,1.982
99,10,9,post-run,max,37760300,4,0.053,5088,32.444,5088,186.091
100,10,10,post-run,min,48400,3,0.05,81,0.472,81,0.6
100,10,10,post-run,p50,67500,3,0.049,85,0.492,85,0.699
100,10,10,post-run,p90,111700,3,0.047,87,0.519,87,0.883
100,10,10,post-run,p95,151100,3,0.047,96,0.58,96,1.105
100,10,10,post-run,p99,337900,3,0.05,117,0.734,117,2.058
100,10,10,post-run,max,38136200,4,0.054,5114,32.612,5114,185.924
