Epoch,Phase,Recordcount,Readallfields,Requestdist,Operation,page_cache_hits,page_cache_faults,transaction_commits,transaction_rollbacks,nodes_created,nodes_deleted,relationships_created,relationships_deleted,properties_set,index_hits,index_misses,lock_acquisition_time,lock_wait_time,checkpoint_total_time,checkpoint_total_events,log_rotation_events,log_appended_bytes,log_rotation_total_time,transaction_started,transaction_peak_concurrent,transaction_active,transaction_terminated,Readprop,Updateprop,Scanprop,Insertprop,Extendprop,Runtime(ms),Throughput(ops/sec),Operations,AverageLatency(us),MinLatency(us),MaxLatency(us),95thPercentileLatency(us),99thPercentileLatency(us),Return=OK
0,load,500,true,uniform,INSERT,0,0,0,0,0,0,0,0,0,0,0,0,0,0,0,0,0,0,0,0,1,0,0,0,0,1,0,3699,135.17166801838334,500,6286.202,3218,265215,8575,12887,500
1,extend,500,true,uniform,INSERT,0,0,0,0,0,0,0,0,0,0,0,0,0,0,0,0,0,0,0,0,1,0,0,0,0,1,0,2825,176.99115044247787,500,4703.522,2760,43327,6747,9735,500
1,spread-run,1000,true,uniform,READ,0,0,0,0,0,0,0,0,0,0,0,0,0,0,0,0,0,0,0,0,1,0,1,0,0,0,0,21312,2346.096096096096,50000,411.01036,159,54239,963,1993,50000
2,extend,1000,true,uniform,INSERT,0,0,0,0,0,0,0,0,0,0,0,0,0,0,0,0,0,0,0,0,1,0,0,0,0,1,0,2478,201.77562550443906,500,4020.612,1969,27167,6859,11271,500
2,spread-run,1500,true,uniform,READ,0,0,0,0,0,0,0,0,0,0,0,0,0,0,0,0,0,0,0,0,1,0,1,0,0,0,0,17005,2940.3116730373417,50000,325.48278,155,28015,583,942,50000
3,extend,1500,true,uniform,INSERT,0,0,0,0,0,0,0,0,0,0,0,0,0,0,0,0,0,0,0,0,1,0,0,0,0,1,0,2183,229.04260192395785,500,3424.588,1873,22079,5135,6555,500
3,spread-run,2000,true,uniform,READ,0,0,0,0,0,0,0,0,0,0,0,0,0,0,0,0,0,0,0,0,1,0,1,0,0,0,0,16249,3077.112437688473,50000,310.70502,158,22703,526,862,50000
4,extend,2000,true,uniform,INSERT,0,0,0,0,0,0,0,0,0,0,0,0,0,0,0,0,0,0,0,0,1,0,0,0,0,1,0,2083,240.03840614498318,500,3250.324,1665,37599,4935,6271,500
4,spread-run,2500,true,uniform,READ,0,0,0,0,0,0,0,0,0,0,0,0,0,0,0,0,0,0,0,0,1,0,1,0,0,0,0,16364,3055.4876558298706,50000,312.9492,151,22127,531,904,50000
5,extend,2500,true,uniform,INSERT,0,0,0,0,0,0,0,0,0,0,0,0,0,0,0,0,0,0,0,0,1,0,0,0,0,1,0,2092,239.0057361376673,500,3229.01,1597,21423,4911,5835,500
5,spread-run,3000,true,uniform,READ,0,0,0,0,0,0,0,0,0,0,0,0,0,0,0,0,0,0,0,0,1,0,1,0,0,0,0,16298,3067.8610872499694,50000,311.67048,152,21359,553,901,50000
6,extend,3000,true,uniform,INSERT,0,0,0,0,0,0,0,0,0,0,0,0,0,0,0,0,0,0,0,0,1,0,0,0,0,1,0,2027,246.66995559940798,500,3130.608,1663,20303,4835,5427,500
6,spread-run,3500,true,uniform,READ,0,0,0,0,0,0,0,0,0,0,0,0,0,0,0,0,0,0,0,0,1,0,1,0,0,0,0,17702,2824.539600045193,50000,339.1976,152,54175,595,1048,50000
7,extend,3500,true,uniform,INSERT,0,0,0,0,0,0,0,0,0,0,0,0,0,0,0,0,0,0,0,0,1,0,0,0,0,1,0,2031,246.18414574101428,500,3138.132,1635,22399,4895,8095,500
7,spread-run,4000,true,uniform,READ,0,0,0,0,0,0,0,0,0,0,0,0,0,0,0,0,0,0,0,0,1,0,1,0,0,0,0,16252,3076.544425301501,50000,310.86262,150,21823,536,894,50000
8,extend,4000,true,uniform,INSERT,0,0,0,0,0,0,0,0,0,0,0,0,0,0,0,0,0,0,0,0,1,0,0,0,0,1,0,2035,245.7002457002457,500,3130.756,1664,22543,4759,5971,500
8,spread-run,4500,true,uniform,READ,0,0,0,0,0,0,0,0,0,0,0,0,0,0,0,0,0,0,0,0,1,0,1,0,0,0,0,16748,2985.4310962502987,50000,320.47038,157,23823,586,901,50000
9,extend,4500,true,uniform,INSERT,0,0,0,0,0,0,0,0,0,0,0,0,0,0,0,0,0,0,0,0,1,0,0,0,0,1,0,2026,246.79170779861798,500,3110.286,1560,20847,4759,5739,500
9,spread-run,5000,true,uniform,READ,0,0,0,0,0,0,0,0,0,0,0,0,0,0,0,0,0,0,0,0,1,0,1,0,0,0,0,16277,3071.8191312895497,50000,311.30516,153,22703,571,884,50000
10,extend,5000,true,uniform,INSERT,0,0,0,0,0,0,0,0,0,0,0,0,0,0,0,0,0,0,0,0,1,0,0,0,0,1,0,2024,247.03557312252966,500,3133.016,1624,21007,4799,5431,500
10,spread-run,5500,true,uniform,READ,0,0,0,0,0,0,0,0,0,0,0,0,0,0,0,0,0,0,0,0,1,0,1,0,0,0,0,16471,3035.638394754417,50000,315.06322,150,22623,545,883,50000
11,extend,5500,true,uniform,INSERT,0,0,0,0,0,0,0,0,0,0,0,0,0,0,0,0,0,0,0,0,1,0,0,0,0,1,0,2027,246.66995559940798,500,3094.744,1619,22335,4763,5515,500
11,spread-run,6000,true,uniform,READ,0,0,0,0,0,0,0,0,0,0,0,0,0,0,0,0,0,0,0,0,1,0,1,0,0,0,0,16221,3082.4240182479502,50000,310.03804,151,22415,528,907,50000
12,extend,6000,true,uniform,INSERT,0,0,0,0,0,0,0,0,0,0,0,0,0,0,0,0,0,0,0,0,1,0,0,0,0,1,0,1987,251.63563160543532,500,3049.032,1543,21471,4699,5351,500
12,spread-run,6500,true,uniform,READ,0,0,0,0,0,0,0,0,0,0,0,0,0,0,0,0,0,0,0,0,1,0,1,0,0,0,0,16355,3057.169061449098,50000,312.94126,156,22175,569,909,50000
13,extend,6500,true,uniform,INSERT,0,0,0,0,0,0,0,0,0,0,0,0,0,0,0,0,0,0,0,0,1,0,0,0,0,1,0,2021,247.40227610094013,500,3121.83,1508,34111,4819,6335,500
13,spread-run,7000,true,uniform,READ,0,0,0,0,0,0,0,0,0,0,0,0,0,0,0,0,0,0,0,0,1,0,1,0,0,0,0,16295,3068.425897514575,50000,311.47032,148,21359,550,908,50000
14,extend,7000,true,uniform,INSERT,0,0,0,0,0,0,0,0,0,0,0,0,0,0,0,0,0,0,0,0,1,0,0,0,0,1,0,1988,251.50905432595573,500,3069.674,1608,20175,4739,5387,500
14,spread-run,7500,true,uniform,READ,0,0,0,0,0,0,0,0,0,0,0,0,0,0,0,0,0,0,0,0,1,0,1,0,0,0,0,16615,3009.3289196509177,50000,317.72938,157,22111,594,905,50000
15,extend,7500,true,uniform,INSERT,0,0,0,0,0,0,0,0,0,0,0,0,0,0,0,0,0,0,0,0,1,0,0,0,0,1,0,1985,251.88916876574308,500,3039.656,1573,21727,4683,5355,500
15,spread-run,8000,true,uniform,READ,0,0,0,0,0,0,0,0,0,0,0,0,0,0,0,0,0,0,0,0,1,0,1,0,0,0,0,16230,3080.7147258163895,50000,310.24482,135,21071,516,875,50000
16,extend,8000,true,uniform,INSERT,0,0,0,0,0,0,0,0,0,0,0,0,0,0,0,0,0,0,0,0,1,0,0,0,0,1,0,1988,251.50905432595573,500,3024.846,1539,19903,4707,5195,500
16,spread-run,8500,true,uniform,READ,0,0,0,0,0,0,0,0,0,0,0,0,0,0,0,0,0,0,0,0,1,0,1,0,0,0,0,16257,3075.598203850649,50000,310.86938,158,22703,570,887,50000
17,extend,8500,true,uniform,INSERT,0,0,0,0,0,0,0,0,0,0,0,0,0,0,0,0,0,0,0,0,1,0,0,0,0,1,0,1987,251.63563160543532,500,3044.716,1545,21055,4703,5839,500
17,spread-run,9000,true,uniform,READ,0,0,0,0,0,0,0,0,0,0,0,0,0,0,0,0,0,0,0,0,1,0,1,0,0,0,0,16139,3098.085383233162,50000,308.53536,157,22351,515,868,50000
18,extend,9000,true,uniform,INSERT,0,0,0,0,0,0,0,0,0,0,0,0,0,0,0,0,0,0,0,0,1,0,0,0,0,1,0,1968,254.0650406504065,500,2997.694,1569,22591,4619,5475,500
18,spread-run,9500,true,uniform,READ,0,0,0,0,0,0,0,0,0,0,0,0,0,0,0,0,0,0,0,0,1,0,1,0,0,0,0,16435,3042.28780042592,50000,314.186,152,21743,550,888,50000
19,extend,9500,true,uniform,INSERT,0,0,0,0,0,0,0,0,0,0,0,0,0,0,0,0,0,0,0,0,1,0,0,0,0,1,0,1965,254.4529262086514,500,2986.204,1453,23807,4547,5251,500
19,spread-run,10000,true,uniform,READ,0,0,0,0,0,0,0,0,0,0,0,0,0,0,0,0,0,0,0,0,1,0,1,0,0,0,0,15540,3217.5032175032175,50000,296.6141,119,22175,503,908,50000
20,extend,10000,true,uniform,INSERT,0,0,0,0,0,0,0,0,0,0,0,0,0,0,0,0,0,0,0,0,1,0,0,0,0,1,0,1978,252.78058645096056,500,3035.454,1568,27775,4611,5243,500
20,spread-run,10500,true,uniform,READ,0,0,0,0,0,0,0,0,0,0,0,0,0,0,0,0,0,0,0,0,1,0,1,0,0,0,0,16464,3036.9290573372205,50000,315.0437,147,44159,568,888,50000
21,extend,10500,true,uniform,INSERT,0,0,0,0,0,0,0,0,0,0,0,0,0,0,0,0,0,0,0,0,1,0,0,0,0,1,0,1986,251.76233635448136,500,3053.48,1560,23999,4659,5167,500
21,spread-run,11000,true,uniform,READ,0,0,0,0,0,0,0,0,0,0,0,0,0,0,0,0,0,0,0,0,1,0,1,0,0,0,0,16188,3088.7076847047197,50000,309.2869,163,21855,534,887,50000
22,extend,11000,true,uniform,INSERT,0,0,0,0,0,0,0,0,0,0,0,0,0,0,0,0,0,0,0,0,1,0,0,0,0,1,0,1978,252.78058645096056,500,3012.184,1496,23599,4679,5143,500
22,spread-run,11500,true,uniform,READ,0,0,0,0,0,0,0,0,0,0,0,0,0,0,0,0,0,0,0,0,1,0,1,0,0,0,0,16479,3034.1646944596155,50000,315.17976,157,22351,550,874,50000
23,extend,11500,true,uniform,INSERT,0,0,0,0,0,0,0,0,0,0,0,0,0,0,0,0,0,0,0,0,1,0,0,0,0,1,0,1760,284.09090909090907,500,2577.364,1101,21695,4315,5067,500
23,spread-run,12000,true,uniform,READ,0,0,0,0,0,0,0,0,0,0,0,0,0,0,0,0,0,0,0,0,1,0,1,0,0,0,0,16415,3045.994517209869,50000,313.77074,153,22575,567,918,50000
24,extend,12000,true,uniform,INSERT,0,0,0,0,0,0,0,0,0,0,0,0,0,0,0,0,0,0,0,0,1,0,0,0,0,1,0,1961,254.97195308516064,500,3009.392,1536,23647,4667,5287,500
24,spread-run,12500,true,uniform,READ,0,0,0,0,0,0,0,0,0,0,0,0,0,0,0,0,0,0,0,0,1,0,1,0,0,0,0,16388,3051.01293629485,50000,313.34414,149,22783,553,893,50000
25,extend,12500,true,uniform,INSERT,0,0,0,0,0,0,0,0,0,0,0,0,0,0,0,0,0,0,0,0,1,0,0,0,0,1,0,1986,251.76233635448136,500,3039.556,1550,24127,4739,5187,500
25,spread-run,13000,true,uniform,READ,0,0,0,0,0,0,0,0,0,0,0,0,0,0,0,0,0,0,0,0,1,0,1,0,0,0,0,16269,3073.329645337759,50000,311.07766,158,22719,537,871,50000
26,extend,13000,true,uniform,INSERT,0,0,0,0,0,0,0,0,0,0,0,0,0,0,0,0,0,0,0,0,1,0,0,0,0,1,0,1976,253.03643724696357,500,3011.498,1584,24799,4659,5363,500
26,spread-run,13500,true,uniform,READ,0,0,0,0,0,0,0,0,0,0,0,0,0,0,0,0,0,0,0,0,1,0,1,0,0,0,0,16280,3071.253071253071,50000,311.0133,155,21679,540,877,50000
27,extend,13500,true,uniform,INSERT,0,0,0,0,0,0,0,0,0,0,0,0,0,0,0,0,0,0,0,0,1,0,0,0,0,1,0,2037,245.4590083456063,500,3151.04,1525,23167,4879,6347,500
27,spread-run,14000,true,uniform,READ,0,0,0,0,0,0,0,0,0,0,0,0,0,0,0,0,0,0,0,0,1,0,1,0,0,0,0,16129,3100.0062000124,50000,308.3568,152,22831,517,903,50000
28,extend,14000,true,uniform,INSERT,0,0,0,0,0,0,0,0,0,0,0,0,0,0,0,0,0,0,0,0,1,0,0,0,0,1,0,1981,252.39777889954567,500,3025.206,1590,23535,4719,5187,500
28,spread-run,14500,true,uniform,READ,0,0,0,0,0,0,0,0,0,0,0,0,0,0,0,0,0,0,0,0,1,0,1,0,0,0,0,16119,3101.929400086854,50000,308.19934,154,22303,509,884,50000
29,extend,14500,true,uniform,INSERT,0,0,0,0,0,0,0,0,0,0,0,0,0,0,0,0,0,0,0,0,1,0,0,0,0,1,0,1961,254.97195308516064,500,2993.132,1557,23167,4627,5363,500
29,spread-run,15000,true,uniform,READ,0,0,0,0,0,0,0,0,0,0,0,0,0,0,0,0,0,0,0,0,1,0,1,0,0,0,0,16263,3074.4635061181825,50000,311.08124,160,23071,525,871,50000
30,extend,15000,true,uniform,INSERT,0,0,0,0,0,0,0,0,0,0,0,0,0,0,0,0,0,0,0,0,1,0,0,0,0,1,0,1961,254.97195308516064,500,2985.186,1555,22911,4679,5567,500
30,spread-run,15500,true,uniform,READ,0,0,0,0,0,0,0,0,0,0,0,0,0,0,0,0,0,0,0,0,1,0,1,0,0,0,0,16532,3024.4374546334384,50000,316.31356,157,22831,556,898,50000
31,extend,15500,true,uniform,INSERT,0,0,0,0,0,0,0,0,0,0,0,0,0,0,0,0,0,0,0,0,1,0,0,0,0,1,0,1972,253.5496957403651,500,3017.38,1537,24175,4715,5515,500
31,spread-run,16000,true,uniform,READ,0,0,0,0,0,0,0,0,0,0,0,0,0,0,0,0,0,0,0,0,1,0,1,0,0,0,0,16257,3075.598203850649,50000,310.91296,157,22911,556,914,50000
32,extend,16000,true,uniform,INSERT,0,0,0,0,0,0,0,0,0,0,0,0,0,0,0,0,0,0,0,0,1,0,0,0,0,1,0,1959,255.23226135783563,500,2986.174,1490,19775,4611,5279,500
32,spread-run,16500,true,uniform,READ,0,0,0,0,0,0,0,0,0,0,0,0,0,0,0,0,0,0,0,0,1,0,1,0,0,0,0,16236,3079.5762503079577,50000,310.39096,157,21375,533,904,50000
33,extend,16500,true,uniform,INSERT,0,0,0,0,0,0,0,0,0,0,0,0,0,0,0,0,0,0,0,0,1,0,0,0,0,1,0,1962,254.841997961264,500,2992.19,1493,21007,4679,5219,500
33,spread-run,17000,true,uniform,READ,0,0,0,0,0,0,0,0,0,0,0,0,0,0,0,0,0,0,0,0,1,0,1,0,0,0,0,16405,3047.851264858275,50000,313.77942,149,22239,568,894,50000
34,extend,17000,true,uniform,INSERT,0,0,0,0,0,0,0,0,0,0,0,0,0,0,0,0,0,0,0,0,1,0,0,0,0,1,0,1973,253.42118601115052,500,3013.036,1532,29391,4695,5915,500
34,spread-run,17500,true,uniform,READ,0,0,0,0,0,0,0,0,0,0,0,0,0,0,0,0,0,0,0,0,1,0,1,0,0,0,0,16301,3067.2964848782285,50000,311.84106,155,22175,548,885,50000
35,extend,17500,true,uniform,INSERT,0,0,0,0,0,0,0,0,0,0,0,0,0,0,0,0,0,0,0,0,1,0,0,0,0,1,0,1958,255.3626149131767,500,2987.174,1489,20847,4563,5723,500
35,spread-run,18000,true,uniform,READ,0,0,0,0,0,0,0,0,0,0,0,0,0,0,0,0,0,0,0,0,1,0,1,0,0,0,0,16176,3090.9990108803163,50000,309.3646,153,22271,562,887,50000
36,extend,18000,true,uniform,INSERT,0,0,0,0,0,0,0,0,0,0,0,0,0,0,0,0,0,0,0,0,1,0,0,0,0,1,0,1950,256.4102564102564,500,2978.324,1586,20911,4611,4995,500
36,spread-run,18500,true,uniform,READ,0,0,0,0,0,0,0,0,0,0,0,0,0,0,0,0,0,0,0,0,1,0,1,0,0,0,0,16458,3038.0362133916638,50000,314.87714,162,22223,559,892,50000
37,extend,18500,true,uniform,INSERT,0,0,0,0,0,0,0,0,0,0,0,0,0,0,0,0,0,0,0,0,1,0,0,0,0,1,0,1962,254.841997961264,500,3002.182,1497,20863,4639,5155,500
37,spread-run,19000,true,uniform,READ,0,0,0,0,0,0,0,0,0,0,0,0,0,0,0,0,0,0,0,0,1,0,1,0,0,0,0,16077,3110.032966349443,50000,307.26334,156,22623,532,884,50000
38,extend,19000,true,uniform,INSERT,0,0,0,0,0,0,0,0,0,0,0,0,0,0,0,0,0,0,0,0,1,0,0,0,0,1,0,1960,255.10204081632654,500,2968.632,1431,20207,4667,5571,500
38,spread-run,19500,true,uniform,READ,0,0,0,0,0,0,0,0,0,0,0,0,0,0,0,0,0,0,0,0,1,0,1,0,0,0,0,16212,3084.1352084875402,50000,310.21132,149,22623,524,870,50000
39,extend,19500,true,uniform,INSERT,0,0,0,0,0,0,0,0,0,0,0,0,0,0,0,0,0,0,0,0,1,0,0,0,0,1,0,1951,256.278831368529,500,2996.268,1551,20447,4659,5183,500
39,spread-run,20000,true,uniform,READ,0,0,0,0,0,0,0,0,0,0,0,0,0,0,0,0,0,0,0,0,1,0,1,0,0,0,0,16712,2991.8621349928194,50000,319.78296,158,21663,552,907,50000
40,extend,20000,true,uniform,INSERT,0,0,0,0,0,0,0,0,0,0,0,0,0,0,0,0,0,0,0,0,1,0,0,0,0,1,0,1978,252.78058645096056,500,3008.168,1428,20479,4715,5195,500
40,spread-run,20500,true,uniform,READ,0,0,0,0,0,0,0,0,0,0,0,0,0,0,0,0,0,0,0,0,1,0,1,0,0,0,0,16520,3026.634382566586,50000,315.97486,155,21615,563,905,50000
41,extend,20500,true,uniform,INSERT,0,0,0,0,0,0,0,0,0,0,0,0,0,0,0,0,0,0,0,0,1,0,0,0,0,1,0,1965,254.4529262086514,500,3003.572,1493,21407,4667,5755,500
41,spread-run,21000,true,uniform,READ,0,0,0,0,0,0,0,0,0,0,0,0,0,0,0,0,0,0,0,0,1,0,1,0,0,0,0,16201,3086.2292451083267,50000,310.14444,156,23151,521,919,50000
42,extend,21000,true,uniform,INSERT,0,0,0,0,0,0,0,0,0,0,0,0,0,0,0,0,0,0,0,0,1,0,0,0,0,1,0,1945,257.0694087403599,500,2988.834,1375,20415,4611,5099,500
42,spread-run,21500,true,uniform,READ,0,0,0,0,0,0,0,0,0,0,0,0,0,0,0,0,0,0,0,0,1,0,1,0,0,0,0,16590,3013.863773357444,50000,317.54672,158,22751,533,925,50000
43,extend,21500,true,uniform,INSERT,0,0,0,0,0,0,0,0,0,0,0,0,0,0,0,0,0,0,0,0,1,0,0,0,0,1,0,1972,253.5496957403651,500,3017.688,1507,21903,4695,5039,500
43,spread-run,22000,true,uniform,READ,0,0,0,0,0,0,0,0,0,0,0,0,0,0,0,0,0,0,0,0,1,0,1,0,0,0,0,16388,3051.01293629485,50000,313.25656,152,22879,548,894,50000
44,extend,22000,true,uniform,INSERT,0,0,0,0,0,0,0,0,0,0,0,0,0,0,0,0,0,0,0,0,1,0,0,0,0,1,0,1969,253.93600812595227,500,2994.334,1499,20831,4611,5427,500
44,spread-run,22500,true,uniform,READ,0,0,0,0,0,0,0,0,0,0,0,0,0,0,0,0,0,0,0,0,1,0,1,0,0,0,0,15416,3243.383497664764,50000,294.26064,128,25391,541,899,50000
45,extend,22500,true,uniform,INSERT,0,0,0,0,0,0,0,0,0,0,0,0,0,0,0,0,0,0,0,0,1,0,0,0,0,1,0,1955,255.7544757033248,500,2977.754,1492,21583,4631,5147,500
45,spread-run,23000,true,uniform,READ,0,0,0,0,0,0,0,0,0,0,0,0,0,0,0,0,0,0,0,0,1,0,1,0,0,0,0,15914,3141.8876460977754,50000,304.12664,153,22927,570,900,50000
46,extend,23000,true,uniform,INSERT,0,0,0,0,0,0,0,0,0,0,0,0,0,0,0,0,0,0,0,0,1,0,0,0,0,1,0,1937,258.1311306143521,500,2956.374,1447,19967,4595,4991,500
46,spread-run,23500,true,uniform,READ,0,0,0,0,0,0,0,0,0,0,0,0,0,0,0,0,0,0,0,0,1,0,1,0,0,0,0,16286,3070.121576814442,50000,311.48376,163,21855,564,872,50000
47,extend,23500,true,uniform,INSERT,0,0,0,0,0,0,0,0,0,0,0,0,0,0,0,0,0,0,0,0,1,0,0,0,0,1,0,1952,256.1475409836066,500,2998.596,1526,21695,4687,5359,500
47,spread-run,24000,true,uniform,READ,0,0,0,0,0,0,0,0,0,0,0,0,0,0,0,0,0,0,0,0,1,0,1,0,0,0,0,16222,3082.2340032055235,50000,310.4937,154,22319,546,878,50000
48,extend,24000,true,uniform,INSERT,0,0,0,0,0,0,0,0,0,0,0,0,0,0,0,0,0,0,0,0,1,0,0,0,0,1,0,1959,255.23226135783563,500,2972.198,1522,20335,4631,5427,500
48,spread-run,24500,true,uniform,READ,0,0,0,0,0,0,0,0,0,0,0,0,0,0,0,0,0,0,0,0,1,0,1,0,0,0,0,16716,2991.146207226609,50000,319.9279,154,40895,603,892,50000
49,extend,24500,true,uniform,INSERT,0,0,0,0,0,0,0,0,0,0,0,0,0,0,0,0,0,0,0,0,1,0,0,0,0,1,0,1955,255.7544757033248,500,2999.28,1471,21439,4635,5179,500
49,spread-run,25000,true,uniform,READ,0,0,0,0,0,0,0,0,0,0,0,0,0,0,0,0,0,0,0,0,1,0,1,0,0,0,0,16328,3062.2243998040176,50000,312.19264,160,22159,538,893,50000
50,extend,25000,true,uniform,INSERT,0,0,0,0,0,0,0,0,0,0,0,0,0,0,0,0,0,0,0,0,1,0,0,0,0,1,0,1946,256.9373072970195,500,2983.484,1515,22015,4619,5319,500
50,spread-run,25500,true,uniform,READ,0,0,0,0,0,0,0,0,0,0,0,0,0,0,0,0,0,0,0,0,1,0,1,0,0,0,0,16427,3043.7694040299507,50000,314.4073,156,21919,562,889,50000
51,extend,25500,true,uniform,INSERT,0,0,0,0,0,0,0,0,0,0,0,0,0,0,0,0,0,0,0,0,1,0,0,0,0,1,0,1932,258.7991718426501,500,2951.97,1505,25247,4671,5303,500
51,spread-run,26000,true,uniform,READ,0,0,0,0,0,0,0,0,0,0,0,0,0,0,0,0,0,0,0,0,1,0,1,0,0,0,0,16539,3023.157385573493,50000,316.36852,149,21983,582,909,50000
52,extend,26000,true,uniform,INSERT,0,0,0,0,0,0,0,0,0,0,0,0,0,0,0,0,0,0,0,0,1,0,0,0,0,1,0,1989,251.38260432378078,500,3040.79,1472,22623,4699,5671,500
52,spread-run,26500,true,uniform,READ,0,0,0,0,0,0,0,0,0,0,0,0,0,0,0,0,0,0,0,0,1,0,1,0,0,0,0,16026,3119.930113565456,50000,306.27196,145,21375,501,864,50000
53,extend,26500,true,uniform,INSERT,0,0,0,0,0,0,0,0,0,0,0,0,0,0,0,0,0,0,0,0,1,0,0,0,0,1,0,1941,257.5991756826378,500,2970.11,1455,22559,4547,5207,500
53,spread-run,27000,true,uniform,READ,0,0,0,0,0,0,0,0,0,0,0,0,0,0,0,0,0,0,0,0,1,0,1,0,0,0,0,16102,3105.204322444417,50000,307.885,156,22431,498,886,50000
54,extend,27000,true,uniform,INSERT,0,0,0,0,0,0,0,0,0,0,0,0,0,0,0,0,0,0,0,0,1,0,0,0,0,1,0,1940,257.7319587628866,500,2960.884,1512,23167,4551,5235,500
54,spread-run,27500,true,uniform,READ,0,0,0,0,0,0,0,0,0,0,0,0,0,0,0,0,0,0,0,0,1,0,1,0,0,0,0,16162,3093.676525182527,50000,309.14236,157,22175,540,894,50000
55,extend,27500,true,uniform,INSERT,0,0,0,0,0,0,0,0,0,0,0,0,0,0,0,0,0,0,0,0,1,0,0,0,0,1,0,1938,257.99793601651186,500,2970.342,1594,24271,4655,5195,500
55,spread-run,28000,true,uniform,READ,0,0,0,0,0,0,0,0,0,0,0,0,0,0,0,0,0,0,0,0,1,0,1,0,0,0,0,16071,3111.194076286479,50000,307.3504,146,22239,508,874,50000
56,extend,28000,true,uniform,INSERT,0,0,0,0,0,0,0,0,0,0,0,0,0,0,0,0,0,0,0,0,1,0,0,0,0,1,0,1942,257.46652935118436,500,2973.08,1499,22655,4651,5211,500
56,spread-run,28500,true,uniform,READ,0,0,0,0,0,0,0,0,0,0,0,0,0,0,0,0,0,0,0,0,1,0,1,0,0,0,0,15568,3211.7163412127443,50000,297.17626,135,21679,524,891,50000
57,extend,28500,true,uniform,INSERT,0,0,0,0,0,0,0,0,0,0,0,0,0,0,0,0,0,0,0,0,1,0,0,0,0,1,0,1951,256.278831368529,500,2961.194,1471,24895,4687,5175,500
57,spread-run,29000,true,uniform,READ,0,0,0,0,0,0,0,0,0,0,0,0,0,0,0,0,0,0,0,0,1,0,1,0,0,0,0,16117,3102.31432648756,50000,308.08336,154,21727,513,858,50000
58,extend,29000,true,uniform,INSERT,0,0,0,0,0,0,0,0,0,0,0,0,0,0,0,0,0,0,0,0,1,0,0,0,0,1,0,1939,257.86487880350694,500,2948.566,1465,22591,4523,5339,500
58,spread-run,29500,true,uniform,READ,0,0,0,0,0,0,0,0,0,0,0,0,0,0,0,0,0,0,0,0,1,0,1,0,0,0,0,16058,3113.712791132146,50000,307.06616,156,21967,535,862,50000
59,extend,29500,true,uniform,INSERT,0,0,0,0,0,0,0,0,0,0,0,0,0,0,0,0,0,0,0,0,1,0,0,0,0,1,0,1957,255.49310168625448,500,3004.464,1536,24399,4639,5183,500
59,spread-run,30000,true,uniform,READ,0,0,0,0,0,0,0,0,0,0,0,0,0,0,0,0,0,0,0,0,1,0,1,0,0,0,0,16343,3059.4138163127946,50000,312.43966,149,21775,551,897,50000
60,extend,30000,true,uniform,INSERT,0,0,0,0,0,0,0,0,0,0,0,0,0,0,0,0,0,0,0,0,1,0,0,0,0,1,0,1941,257.5991756826378,500,2966.368,1505,23663,4555,5343,500
60,spread-run,30500,true,uniform,READ,0,0,0,0,0,0,0,0,0,0,0,0,0,0,0,0,0,0,0,0,1,0,1,0,0,0,0,16133,3099.2375875534617,50000,308.84342,160,22047,522,866,50000
61,extend,30500,true,uniform,INSERT,0,0,0,0,0,0,0,0,0,0,0,0,0,0,0,0,0,0,0,0,1,0,0,0,0,1,0,1974,253.29280648429585,500,3039.3,1489,24079,4787,6159,500
61,spread-run,31000,true,uniform,READ,0,0,0,0,0,0,0,0,0,0,0,0,0,0,0,0,0,0,0,0,1,0,1,0,0,0,0,16366,3055.1142612733715,50000,313.07666,159,22095,538,896,50000
62,extend,31000,true,uniform,INSERT,0,0,0,0,0,0,0,0,0,0,0,0,0,0,0,0,0,0,0,0,1,0,0,0,0,1,0,1943,257.3340195573855,500,2941.902,1429,24175,4555,5195,500
62,spread-run,31500,true,uniform,READ,0,0,0,0,0,0,0,0,0,0,0,0,0,0,0,0,0,0,0,0,1,0,1,0,0,0,0,16500,3030.3030303030305,50000,315.73846,153,21967,531,849,50000
63,extend,31500,true,uniform,INSERT,0,0,0,0,0,0,0,0,0,0,0,0,0,0,0,0,0,0,0,0,1,0,0,0,0,1,0,1821,274.57440966501923,500,2715.368,1203,20799,4331,4827,500
63,spread-run,32000,true,uniform,READ,0,0,0,0,0,0,0,0,0,0,0,0,0,0,0,0,0,0,0,0,1,0,1,0,0,0,0,16321,3063.5377734207464,50000,312.21344,155,22671,522,899,50000
64,extend,32000,true,uniform,INSERT,0,0,0,0,0,0,0,0,0,0,0,0,0,0,0,0,0,0,0,0,1,0,0,0,0,1,0,1933,258.6652871184687,500,2952.314,1523,20287,4559,5131,500
64,spread-run,32500,true,uniform,READ,0,0,0,0,0,0,0,0,0,0,0,0,0,0,0,0,0,0,0,0,1,0,1,0,0,0,0,16351,3057.9169469757203,50000,312.93152,151,22095,554,886,50000
65,extend,32500,true,uniform,INSERT,0,0,0,0,0,0,0,0,0,0,0,0,0,0,0,0,0,0,0,0,1,0,0,0,0,1,0,1933,258.6652871184687,500,2952.11,1519,19775,4655,5039,500
65,spread-run,33000,true,uniform,READ,0,0,0,0,0,0,0,0,0,0,0,0,0,0,0,0,0,0,0,0,1,0,1,0,0,0,0,16411,3046.7369447321917,50000,314.04958,158,23023,552,885,50000
66,extend,33000,true,uniform,INSERT,0,0,0,0,0,0,0,0,0,0,0,0,0,0,0,0,0,0,0,0,1,0,0,0,0,1,0,1948,256.6735112936345,500,2979.414,1509,19903,4607,5415,500
66,spread-run,33500,true,uniform,READ,0,0,0,0,0,0,0,0,0,0,0,0,0,0,0,0,0,0,0,0,1,0,1,0,0,0,0,16531,3024.6204101385274,50000,316.3717,156,21951,585,907,50000
67,extend,33500,true,uniform,INSERT,0,0,0,0,0,0,0,0,0,0,0,0,0,0,0,0,0,0,0,0,1,0,0,0,0,1,0,1931,258.9331952356292,500,2958.878,1427,19055,4579,5291,500
67,spread-run,34000,true,uniform,READ,0,0,0,0,0,0,0,0,0,0,0,0,0,0,0,0,0,0,0,0,1,0,1,0,0,0,0,16460,3037.667071688943,50000,314.86798,149,21599,531,898,50000
68,extend,34000,true,uniform,INSERT,0,0,0,0,0,0,0,0,0,0,0,0,0,0,0,0,0,0,0,0,1,0,0,0,0,1,0,1957,255.49310168625448,500,2994.618,1512,20703,4615,5371,500
68,spread-run,34500,true,uniform,READ,0,0,0,0,0,0,0,0,0,0,0,0,0,0,0,0,0,0,0,0,1,0,1,0,0,0,0,16041,3117.0126550713794,50000,306.89218,154,22303,527,861,50000
69,extend,34500,true,uniform,INSERT,0,0,0,0,0,0,0,0,0,0,0,0,0,0,0,0,0,0,0,0,1,0,0,0,0,1,0,1955,255.7544757033248,500,2974.014,1386,21151,4639,5195,500
69,spread-run,35000,true,uniform,READ,0,0,0,0,0,0,0,0,0,0,0,0,0,0,0,0,0,0,0,0,1,0,1,0,0,0,0,16428,3043.5841246652058,50000,314.5551,154,21871,545,859,50000
70,extend,35000,true,uniform,INSERT,0,0,0,0,0,0,0,0,0,0,0,0,0,0,0,0,0,0,0,0,1,0,0,0,0,1,0,1967,254.19420437214032,500,2983.83,1473,19183,4607,5175,500
70,spread-run,35500,true,uniform,READ,0,0,0,0,0,0,0,0,0,0,0,0,0,0,0,0,0,0,0,0,1,0,1,0,0,0,0,16117,3102.31432648756,50000,308.4435,153,21055,528,872,50000
71,extend,35500,true,uniform,INSERT,0,0,0,0,0,0,0,0,0,0,0,0,0,0,0,0,0,0,0,0,1,0,0,0,0,1,0,1941,257.5991756826378,500,2970.004,1437,19775,4607,5263,500
71,spread-run,36000,true,uniform,READ,0,0,0,0,0,0,0,0,0,0,0,0,0,0,0,0,0,0,0,0,1,0,1,0,0,0,0,16169,3092.3371884470284,50000,309.30372,152,22255,506,863,50000
72,extend,36000,true,uniform,INSERT,0,0,0,0,0,0,0,0,0,0,0,0,0,0,0,0,0,0,0,0,1,0,0,0,0,1,0,1949,256.5418163160595,500,2987.12,1468,31599,4567,5235,500
72,spread-run,36500,true,uniform,READ,0,0,0,0,0,0,0,0,0,0,0,0,0,0,0,0,0,0,0,0,1,0,1,0,0,0,0,16236,3079.5762503079577,50000,310.5626,151,21663,528,884,50000
73,extend,36500,true,uniform,INSERT,0,0,0,0,0,0,0,0,0,0,0,0,0,0,0,0,0,0,0,0,1,0,0,0,0,1,0,1954,255.88536335721597,500,2971.742,1559,19983,4607,5023,500
73,spread-run,37000,true,uniform,READ,0,0,0,0,0,0,0,0,0,0,0,0,0,0,0,0,0,0,0,0,1,0,1,0,0,0,0,16335,3060.912151821243,50000,312.69428,160,22271,534,891,50000
74,extend,37000,true,uniform,INSERT,0,0,0,0,0,0,0,0,0,0,0,0,0,0,0,0,0,0,0,0,1,0,0,0,0,1,0,1955,255.7544757033248,500,2978.92,1464,19503,4675,5339,500
74,spread-run,37500,true,uniform,READ,0,0,0,0,0,0,0,0,0,0,0,0,0,0,0,0,0,0,0,0,1,0,1,0,0,0,0,16288,3069.744597249509,50000,311.62572,158,22223,567,936,50000
75,extend,37500,true,uniform,INSERT,0,0,0,0,0,0,0,0,0,0,0,0,0,0,0,0,0,0,0,0,1,0,0,0,0,1,0,1947,256.8053415511043,500,2988.718,1564,20479,4655,5355,500
75,spread-run,38000,true,uniform,READ,0,0,0,0,0,0,0,0,0,0,0,0,0,0,0,0,0,0,0,0,1,0,1,0,0,0,0,16578,3016.0453613222344,50000,317.06062,149,20399,549,883,50000
76,extend,38000,true,uniform,INSERT,0,0,0,0,0,0,0,0,0,0,0,0,0,0,0,0,0,0,0,0,1,0,0,0,0,1,0,1942,257.46652935118436,500,2961.818,1507,20239,4623,5243,500
76,spread-run,38500,true,uniform,READ,0,0,0,0,0,0,0,0,0,0,0,0,0,0,0,0,0,0,0,0,1,0,1,0,0,0,0,16417,3045.6234391179873,50000,313.96494,149,20255,571,907,50000
77,extend,38500,true,uniform,INSERT,0,0,0,0,0,0,0,0,0,0,0,0,0,0,0,0,0,0,0,0,1,0,0,0,0,1,0,1929,259.2016588906169,500,2954.938,1506,20575,4599,5131,500
77,spread-run,39000,true,uniform,READ,0,0,0,0,0,0,0,0,0,0,0,0,0,0,0,0,0,0,0,0,1,0,1,0,0,0,0,16100,3105.590062111801,50000,307.67244,148,21679,567,890,50000
78,extend,39000,true,uniform,INSERT,0,0,0,0,0,0,0,0,0,0,0,0,0,0,0,0,0,0,0,0,1,0,0,0,0,1,0,1945,257.0694087403599,500,2963.762,1387,21055,4647,4967,500
78,spread-run,39500,true,uniform,READ,0,0,0,0,0,0,0,0,0,0,0,0,0,0,0,0,0,0,0,0,1,0,1,0,0,0,0,16656,3001.9212295869356,50000,318.64276,158,22191,565,884,50000
79,extend,39500,true,uniform,INSERT,0,0,0,0,0,0,0,0,0,0,0,0,0,0,0,0,0,0,0,0,1,0,0,0,0,1,0,1937,258.1311306143521,500,2966.126,1523,21007,4599,5303,500
79,spread-run,40000,true,uniform,READ,0,0,0,0,0,0,0,0,0,0,0,0,0,0,0,0,0,0,0,0,1,0,1,0,0,0,0,16530,3024.8033877797943,50000,316.12694,146,22543,559,884,50000
80,extend,40000,true,uniform,INSERT,0,0,0,0,0,0,0,0,0,0,0,0,0,0,0,0,0,0,0,0,1,0,0,0,0,1,0,1957,255.49310168625448,500,2998.386,1476,20047,4731,5315,500
80,spread-run,40500,true,uniform,READ,0,0,0,0,0,0,0,0,0,0,0,0,0,0,0,0,0,0,0,0,1,0,1,0,0,0,0,16102,3105.204322444417,50000,308.364,152,22303,534,873,50000
81,extend,40500,true,uniform,INSERT,0,0,0,0,0,0,0,0,0,0,0,0,0,0,0,0,0,0,0,0,1,0,0,0,0,1,0,1918,260.6882168925965,500,2929.186,1448,19407,4531,5027,500
81,spread-run,41000,true,uniform,READ,0,0,0,0,0,0,0,0,0,0,0,0,0,0,0,0,0,0,0,0,1,0,1,0,0,0,0,16204,3085.657862256233,50000,309.92518,153,21551,512,886,50000
82,extend,41000,true,uniform,INSERT,0,0,0,0,0,0,0,0,0,0,0,0,0,0,0,0,0,0,0,0,1,0,0,0,0,1,0,1918,260.6882168925965,500,2973.818,1504,23567,4619,5263,500
82,spread-run,41500,true,uniform,READ,0,0,0,0,0,0,0,0,0,0,0,0,0,0,0,0,0,0,0,0,1,0,1,0,0,0,0,16358,3056.608387333415,50000,313.051,138,21615,564,882,50000
83,extend,41500,true,uniform,INSERT,0,0,0,0,0,0,0,0,0,0,0,0,0,0,0,0,0,0,0,0,1,0,0,0,0,1,0,1940,257.7319587628866,500,2968.514,1585,22303,4603,5191,500
83,spread-run,42000,true,uniform,READ,0,0,0,0,0,0,0,0,0,0,0,0,0,0,0,0,0,0,0,0,1,0,1,0,0,0,0,16421,3044.881554107545,50000,314.03388,161,22063,531,871,50000
84,extend,42000,true,uniform,INSERT,0,0,0,0,0,0,0,0,0,0,0,0,0,0,0,0,0,0,0,0,1,0,0,0,0,1,0,1946,256.9373072970195,500,2974.896,1521,23567,4603,5255,500
84,spread-run,42500,true,uniform,READ,0,0,0,0,0,0,0,0,0,0,0,0,0,0,0,0,0,0,0,0,1,0,1,0,0,0,0,16234,3079.9556486386596,50000,310.47194,155,21759,526,901,50000
85,extend,42500,true,uniform,INSERT,0,0,0,0,0,0,0,0,0,0,0,0,0,0,0,0,0,0,0,0,1,0,0,0,0,1,0,1925,259.7402597402597,500,2945.666,1507,22175,4551,5367,500
85,spread-run,43000,true,uniform,READ,0,0,0,0,0,0,0,0,0,0,0,0,0,0,0,0,0,0,0,0,1,0,1,0,0,0,0,16407,3047.479734259767,50000,314.11868,155,21247,552,877,50000
86,extend,43000,true,uniform,INSERT,0,0,0,0,0,0,0,0,0,0,0,0,0,0,0,0,0,0,0,0,1,0,0,0,0,1,0,1942,257.46652935118436,500,2961.01,1473,22255,4547,5263,500
86,spread-run,43500,true,uniform,READ,0,0,0,0,0,0,0,0,0,0,0,0,0,0,0,0,0,0,0,0,1,0,1,0,0,0,0,16298,3067.8610872499694,50000,311.6338,157,21007,573,860,50000
87,extend,43500,true,uniform,INSERT,0,0,0,0,0,0,0,0,0,0,0,0,0,0,0,0,0,0,0,0,1,0,0,0,0,1,0,1936,258.26446280991735,500,2961.032,1519,22463,4575,5467,500
87,spread-run,44000,true,uniform,READ,0,0,0,0,0,0,0,0,0,0,0,0,0,0,0,0,0,0,0,0,1,0,1,0,0,0,0,16272,3072.763028515241,50000,311.41802,155,21423,541,905,50000
88,extend,44000,true,uniform,INSERT,0,0,0,0,0,0,0,0,0,0,0,0,0,0,0,0,0,0,0,0,1,0,0,0,0,1,0,1940,257.7319587628866,500,2963.72,1425,23231,4643,5415,500
88,spread-run,44500,true,uniform,READ,0,0,0,0,0,0,0,0,0,0,0,0,0,0,0,0,0,0,0,0,1,0,1,0,0,0,0,16445,3040.4378230465186,50000,314.80664,150,20815,562,895,50000
89,extend,44500,true,uniform,INSERT,0,0,0,0,0,0,0,0,0,0,0,0,0,0,0,0,0,0,0,0,1,0,0,0,0,1,0,1946,256.9373072970195,500,2969.946,1515,24303,4555,5387,500
89,spread-run,45000,true,uniform,READ,0,0,0,0,0,0,0,0,0,0,0,0,0,0,0,0,0,0,0,0,1,0,1,0,0,0,0,15482,3229.5569047926624,50000,295.75756,141,21791,521,878,50000
90,extend,45000,true,uniform,INSERT,0,0,0,0,0,0,0,0,0,0,0,0,0,0,0,0,0,0,0,0,1,0,0,0,0,1,0,1926,259.60539979231567,500,2937.204,1482,22655,4547,5051,500
90,spread-run,45500,true,uniform,READ,0,0,0,0,0,0,0,0,0,0,0,0,0,0,0,0,0,0,0,0,1,0,1,0,0,0,0,16128,3100.1984126984125,50000,308.69184,159,22111,522,862,50000
91,extend,45500,true,uniform,INSERT,0,0,0,0,0,0,0,0,0,0,0,0,0,0,0,0,0,0,0,0,1,0,0,0,0,1,0,1956,255.6237218813906,500,2980.454,1472,22751,4627,5203,500
91,spread-run,46000,true,uniform,READ,0,0,0,0,0,0,0,0,0,0,0,0,0,0,0,0,0,0,0,0,1,0,1,0,0,0,0,16193,3087.753967763849,50000,309.70748,155,21007,525,891,50000
92,extend,46000,true,uniform,INSERT,0,0,0,0,0,0,0,0,0,0,0,0,0,0,0,0,0,0,0,0,1,0,0,0,0,1,0,1966,254.323499491353,500,2984.05,1560,21983,4631,5255,500
92,spread-run,46500,true,uniform,READ,0,0,0,0,0,0,0,0,0,0,0,0,0,0,0,0,0,0,0,0,1,0,1,0,0,0,0,16139,3098.085383233162,50000,308.7161,125,23119,512,897,50000
93,extend,46500,true,uniform,INSERT,0,0,0,0,0,0,0,0,0,0,0,0,0,0,0,0,0,0,0,0,1,0,0,0,0,1,0,1962,254.841997961264,500,3004.488,1519,22383,4623,5363,500
93,spread-run,47000,true,uniform,READ,0,0,0,0,0,0,0,0,0,0,0,0,0,0,0,0,0,0,0,0,1,0,1,0,0,0,0,16382,3052.1303870101333,50000,313.52154,152,21807,528,896,50000
94,extend,47000,true,uniform,INSERT,0,0,0,0,0,0,0,0,0,0,0,0,0,0,0,0,0,0,0,0,1,0,0,0,0,1,0,1935,258.3979328165375,500,2962.416,1519,23855,4607,5039,500
94,spread-run,47500,true,uniform,READ,0,0,0,0,0,0,0,0,0,0,0,0,0,0,0,0,0,0,0,0,1,0,1,0,0,0,0,16107,3104.2403923759857,50000,307.9338,144,21343,526,883,50000
95,extend,47500,true,uniform,INSERT,0,0,0,0,0,0,0,0,0,0,0,0,0,0,0,0,0,0,0,0,1,0,0,0,0,1,0,1954,255.88536335721597,500,2991.402,1525,23423,4667,5315,500
95,spread-run,48000,true,uniform,READ,0,0,0,0,0,0,0,0,0,0,0,0,0,0,0,0,0,0,0,0,1,0,1,0,0,0,0,15833,3157.9612202362155,50000,302.56856,148,42399,540,887,50000
96,extend,48000,true,uniform,INSERT,0,0,0,0,0,0,0,0,0,0,0,0,0,0,0,0,0,0,0,0,1,0,0,0,0,1,0,1959,255.23226135783563,500,2991.618,1535,20767,4663,5927,500
96,spread-run,48500,true,uniform,READ,0,0,0,0,0,0,0,0,0,0,0,0,0,0,0,0,0,0,0,0,1,0,1,0,0,0,0,16195,3087.3726458783576,50000,309.56178,153,21919,533,880,50000
97,extend,48500,true,uniform,INSERT,0,0,0,0,0,0,0,0,0,0,0,0,0,0,0,0,0,0,0,0,1,0,0,0,0,1,0,1955,255.7544757033248,500,2983.154,1495,20319,4603,5087,500
97,spread-run,49000,true,uniform,READ,0,0,0,0,0,0,0,0,0,0,0,0,0,0,0,0,0,0,0,0,1,0,1,0,0,0,0,16045,3116.2355874104082,50000,306.8181,151,21215,535,899,50000
98,extend,49000,true,uniform,INSERT,0,0,0,0,0,0,0,0,0,0,0,0,0,0,0,0,0,0,0,0,1,0,0,0,0,1,0,1974,253.29280648429585,500,2971.462,1504,20543,4631,5619,500
98,spread-run,49500,true,uniform,READ,0,0,0,0,0,0,0,0,0,0,0,0,0,0,0,0,0,0,0,0,1,0,1,0,0,0,0,16656,3001.9212295869356,50000,318.89786,158,22351,561,900,50000
99,extend,49500,true,uniform,INSERT,0,0,0,0,0,0,0,0,0,0,0,0,0,0,0,0,0,0,0,0,1,0,0,0,0,1,0,1946,256.9373072970195,500,2980.574,1550,19455,4627,5247,500
99,spread-run,50000,true,uniform,READ,0,0,0,0,0,0,0,0,0,0,0,0,0,0,0,0,0,0,0,0,1,0,1,0,0,0,0,16600,3012.0481927710844,50000,317.81414,160,21839,570,910,50000
100,extend,50000,true,uniform,INSERT,0,0,0,0,0,0,0,0,0,0,0,0,0,0,0,0,0,0,0,0,1,0,0,0,0,1,0,1944,257.201646090535,500,2976.492,1516,20623,4707,5075,500
100,spread-run,50500,true,uniform,READ,0,0,0,0,0,0,0,0,0,0,0,0,0,0,0,0,0,0,0,0,1,0,1,0,0,0,0,16384,3051.7578125,50000,313.15702,147,22863,555,885,50000
