Epoch,Phase,Recordcount,Readallfields,Requestdist,Operation,page_cache_hits,page_cache_faults,transaction_commits,transaction_rollbacks,nodes_created,nodes_deleted,relationships_created,relationships_deleted,properties_set,index_hits,index_misses,lock_acquisition_time,lock_wait_time,checkpoint_total_time,checkpoint_total_events,log_rotation_events,log_appended_bytes,log_rotation_total_time,transaction_started,transaction_peak_concurrent,transaction_active,transaction_terminated,Readprop,Updateprop,Scanprop,Insertprop,Extendprop,Runtime(ms),Throughput(ops/sec),Operations,AverageLatency(us),MinLatency(us),MaxLatency(us),95thPercentileLatency(us),99thPercentileLatency(us)
0,load,500,true,uniform,INSERT,0,0,0,0,0,0,0,0,0,0,0,0,0,0,0,0,0,0,0,0,1,0,1,0,0,0,0,449,0.0,0,NaN,9223372036854775807,0,0,0,1
1,extend,500,true,uniform,EXTEND,0,0,0,0,0,0,0,0,0,0,0,0,0,0,0,0,0,0,0,0,1,0,0,0,0,0,1,18429,271.3115198871344,5000,3578.7688,1575,32543,5099,7899,5000
1,run,500,true,uniform,READ,0,0,0,0,0,0,0,0,0,0,0,0,0,0,0,0,0,0,0,0,1,0,1,0,0,0,0,18380,2720.348204570185,50000,353.16122,178,78463,574,925,50000
1,reference,500,true,uniform,READ,0,0,0,0,0,0,0,0,0,0,0,0,0,0,0,0,0,0,0,0,1,0,1,0,0,0,0,17601,2840.747684790637,50000,337.96434,152,21663,605,925,50000
1,clean-run,500,true,uniform,READ,0,0,0,0,0,0,0,0,0,0,0,0,0,0,0,0,0,0,0,0,1,0,1,0,0,0,0,18225,2743.4842249657063,50000,349.9662,177,21855,599,927,50000
1,avg-run,500,true,uniform,READ,0,0,0,0,0,0,0,0,0,0,0,0,0,0,0,0,0,0,0,0,1,0,1,0,0,0,0,18212,2745.4425653415333,50000,349.88566,169,20015,605,951,50000
2,extend,500,true,uniform,EXTEND,0,0,0,0,0,0,0,0,0,0,0,0,0,0,0,0,0,0,0,0,1,0,0,0,0,0,1,19578,255.38870160384104,5000,3810.9886,1631,29407,4951,5563,5000
2,run,500,true,uniform,READ,0,0,0,0,0,0,0,0,0,0,0,0,0,0,0,0,0,0,0,0,1,0,1,0,0,0,0,18866,2650.2703275734125,50000,363.00816,167,22831,599,970,50000
2,reference,500,true,uniform,READ,0,0,0,0,0,0,0,0,0,0,0,0,0,0,0,0,0,0,0,0,1,0,1,0,0,0,0,18854,2651.9571443725467,50000,362.83256,179,21839,619,966,50000
2,clean-run,500,true,uniform,READ,0,0,0,0,0,0,0,0,0,0,0,0,0,0,0,0,0,0,0,0,1,0,1,0,0,0,0,18280,2735.229759299781,50000,351.33508,178,23055,550,934,50000
2,avg-run,500,true,uniform,READ,0,0,0,0,0,0,0,0,0,0,0,0,0,0,0,0,0,0,0,0,1,0,1,0,0,0,0,17388,2875.5463538072236,50000,333.78974,171,21311,564,963,50000
3,extend,500,true,uniform,EXTEND,0,0,0,0,0,0,0,0,0,0,0,0,0,0,0,0,0,0,0,0,1,0,0,0,0,0,1,20612,242.57713953037066,5000,4017.8594,1641,38015,5003,5639,5000
3,run,500,true,uniform,READ,0,0,0,0,0,0,0,0,0,0,0,0,0,0,0,0,0,0,0,0,1,0,1,0,0,0,0,18367,2722.273642946589,50000,352.97524,158,34911,635,963,50000
3,reference,500,true,uniform,READ,0,0,0,0,0,0,0,0,0,0,0,0,0,0,0,0,0,0,0,0,1,0,1,0,0,0,0,18697,2674.225811627534,50000,359.94436,174,21663,603,993,50000
3,clean-run,500,true,uniform,READ,0,0,0,0,0,0,0,0,0,0,0,0,0,0,0,0,0,0,0,0,1,0,1,0,0,0,0,18608,2687.0163370593295,50000,358.01616,177,22591,577,927,50000
3,avg-run,500,true,uniform,READ,0,0,0,0,0,0,0,0,0,0,0,0,0,0,0,0,0,0,0,0,1,0,1,0,0,0,0,18473,2706.6529529583718,50000,355.21012,180,21839,571,967,50000
4,extend,500,true,uniform,EXTEND,0,0,0,0,0,0,0,0,0,0,0,0,0,0,0,0,0,0,0,0,1,0,0,0,0,0,1,21051,237.51840767659493,5000,4107.4486,1581,31599,5031,5727,5000
4,run,500,true,uniform,READ,0,0,0,0,0,0,0,0,0,0,0,0,0,0,0,0,0,0,0,0,1,0,1,0,0,0,0,18153,2754.365669586294,50000,348.76894,173,59199,594,955,50000
4,reference,500,true,uniform,READ,0,0,0,0,0,0,0,0,0,0,0,0,0,0,0,0,0,0,0,0,1,0,1,0,0,0,0,18757,2665.6714826464786,50000,360.77408,184,21903,588,948,50000
4,clean-run,500,true,uniform,READ,0,0,0,0,0,0,0,0,0,0,0,0,0,0,0,0,0,0,0,0,1,0,1,0,0,0,0,18533,2697.890249824637,50000,356.29714,183,21007,549,946,50000
4,avg-run,500,true,uniform,READ,0,0,0,0,0,0,0,0,0,0,0,0,0,0,0,0,0,0,0,0,1,0,1,0,0,0,0,18590,2689.6180742334586,50000,357.4677,175,21151,585,961,50000
5,extend,500,true,uniform,EXTEND,0,0,0,0,0,0,0,0,0,0,0,0,0,0,0,0,0,0,0,0,1,0,0,0,0,0,1,21222,235.60456130430686,5000,4138.9234,1624,30447,5055,5603,5000
5,run,500,true,uniform,READ,0,0,0,0,0,0,0,0,0,0,0,0,0,0,0,0,0,0,0,0,1,0,1,0,0,0,0,19294,2591.479216336685,50000,371.36252,172,49311,634,975,50000
5,reference,500,true,uniform,READ,0,0,0,0,0,0,0,0,0,0,0,0,0,0,0,0,0,0,0,0,1,0,1,0,0,0,0,18717,2671.368274830368,50000,360.08766,178,21855,596,953,50000
5,clean-run,500,true,uniform,READ,0,0,0,0,0,0,0,0,0,0,0,0,0,0,0,0,0,0,0,0,1,0,1,0,0,0,0,18912,2643.824027072758,50000,364.14156,172,22047,614,963,50000
5,avg-run,500,true,uniform,READ,0,0,0,0,0,0,0,0,0,0,0,0,0,0,0,0,0,0,0,0,1,0,1,0,0,0,0,18659,2679.672008146203,50000,358.61812,178,21743,578,956,50000
6,extend,500,true,uniform,EXTEND,0,0,0,0,0,0,0,0,0,0,0,0,0,0,0,0,0,0,0,0,1,0,0,0,0,0,1,21366,234.01666198633342,5000,4169.0376,1637,31711,5063,5867,5000
6,run,500,true,uniform,READ,0,0,0,0,0,0,0,0,0,0,0,0,0,0,0,0,0,0,0,0,1,0,1,0,0,0,0,18001,2777.6234653630354,50000,345.62674,157,49663,588,929,50000
6,reference,500,true,uniform,READ,0,0,0,0,0,0,0,0,0,0,0,0,0,0,0,0,0,0,0,0,1,0,1,0,0,0,0,18388,2719.164672612573,50000,353.32022,177,21359,568,948,50000
6,clean-run,500,true,uniform,READ,0,0,0,0,0,0,0,0,0,0,0,0,0,0,0,0,0,0,0,0,1,0,1,0,0,0,0,18450,2710.027100271003,50000,354.66872,175,22159,559,993,50000
6,avg-run,500,true,uniform,READ,0,0,0,0,0,0,0,0,0,0,0,0,0,0,0,0,0,0,0,0,1,0,1,0,0,0,0,18435,2712.2321670735014,50000,354.07406,170,21599,579,977,50000
7,extend,500,true,uniform,EXTEND,0,0,0,0,0,0,0,0,0,0,0,0,0,0,0,0,0,0,0,0,1,0,0,0,0,0,1,21493,232.63388079839947,5000,4190.5246,1575,30031,5079,5835,5000
7,run,500,true,uniform,READ,0,0,0,0,0,0,0,0,0,0,0,0,0,0,0,0,0,0,0,0,1,0,1,0,0,0,0,18467,2707.5323550116423,50000,354.56812,173,70143,581,945,50000
7,reference,500,true,uniform,READ,0,0,0,0,0,0,0,0,0,0,0,0,0,0,0,0,0,0,0,0,1,0,1,0,0,0,0,18163,2752.8491989208833,50000,348.71376,167,22191,604,955,50000
7,clean-run,500,true,uniform,READ,0,0,0,0,0,0,0,0,0,0,0,0,0,0,0,0,0,0,0,0,1,0,1,0,0,0,0,18414,2715.3252959704573,50000,353.8709,176,22655,620,997,50000
7,avg-run,500,true,uniform,READ,0,0,0,0,0,0,0,0,0,0,0,0,0,0,0,0,0,0,0,0,1,0,1,0,0,0,0,18265,2737.476047084588,50000,350.77092,174,21743,566,956,50000
8,extend,500,true,uniform,EXTEND,0,0,0,0,0,0,0,0,0,0,0,0,0,0,0,0,0,0,0,0,1,0,0,0,0,0,1,21577,231.72822913287297,5000,4211.7758,1667,29583,5055,5735,5000
8,run,500,true,uniform,READ,0,0,0,0,0,0,0,0,0,0,0,0,0,0,0,0,0,0,0,0,1,0,1,0,0,0,0,18168,2752.0915896081024,50000,348.95318,170,35743,597,959,50000
8,reference,500,true,uniform,READ,0,0,0,0,0,0,0,0,0,0,0,0,0,0,0,0,0,0,0,0,1,0,1,0,0,0,0,17495,2857.959416976279,50000,335.3891,161,22463,605,981,50000
8,clean-run,500,true,uniform,READ,0,0,0,0,0,0,0,0,0,0,0,0,0,0,0,0,0,0,0,0,1,0,1,0,0,0,0,18127,2758.316323716004,50000,347.73408,178,22639,554,957,50000
8,avg-run,500,true,uniform,READ,0,0,0,0,0,0,0,0,0,0,0,0,0,0,0,0,0,0,0,0,1,0,1,0,0,0,0,17344,2882.841328413284,50000,332.6028,156,21423,575,977,50000
9,extend,500,true,uniform,EXTEND,0,0,0,0,0,0,0,0,0,0,0,0,0,0,0,0,0,0,0,0,1,0,0,0,0,0,1,21830,229.04260192395785,5000,4260.3884,1570,30559,5115,5871,5000
9,run,500,true,uniform,READ,0,0,0,0,0,0,0,0,0,0,0,0,0,0,0,0,0,0,0,0,1,0,1,0,0,0,0,18207,2746.1965178228156,50000,349.72758,168,60831,562,935,50000
9,reference,500,true,uniform,READ,0,0,0,0,0,0,0,0,0,0,0,0,0,0,0,0,0,0,0,0,1,0,1,0,0,0,0,18398,2717.6867050766386,50000,353.67312,174,55967,598,976,50000
9,clean-run,500,true,uniform,READ,0,0,0,0,0,0,0,0,0,0,0,0,0,0,0,0,0,0,0,0,1,0,1,0,0,0,0,18100,2762.4309392265195,50000,347.54834,171,22335,544,959,50000
9,avg-run,500,true,uniform,READ,0,0,0,0,0,0,0,0,0,0,0,0,0,0,0,0,0,0,0,0,1,0,1,0,0,0,0,18441,2711.349709885581,50000,354.22612,178,21455,617,1010,50000
10,extend,500,true,uniform,EXTEND,0,0,0,0,0,0,0,0,0,0,0,0,0,0,0,0,0,0,0,0,1,0,0,0,0,0,1,21983,227.44848291861894,5000,4293.5146,1657,37439,5091,5867,5000
10,run,500,true,uniform,READ,0,0,0,0,0,0,0,0,0,0,0,0,0,0,0,0,0,0,0,0,1,0,1,0,0,0,0,18343,2725.835468571117,50000,352.46188,175,60415,580,976,50000
10,reference,500,true,uniform,READ,0,0,0,0,0,0,0,0,0,0,0,0,0,0,0,0,0,0,0,0,1,0,1,0,0,0,0,18433,2712.5264471328596,50000,353.79894,177,23519,600,992,50000
10,clean-run,500,true,uniform,READ,0,0,0,0,0,0,0,0,0,0,0,0,0,0,0,0,0,0,0,0,1,0,1,0,0,0,0,18265,2737.476047084588,50000,350.88586,172,22287,600,993,50000
10,avg-run,500,true,uniform,READ,0,0,0,0,0,0,0,0,0,0,0,0,0,0,0,0,0,0,0,0,1,0,1,0,0,0,0,18188,2749.0653177919507,50000,349.39384,178,20799,555,970,50000
11,extend,500,true,uniform,EXTEND,0,0,0,0,0,0,0,0,0,0,0,0,0,0,0,0,0,0,0,0,1,0,0,0,0,0,1,22205,225.17451024544022,5000,4335.3752,1715,29439,5127,5883,5000
11,run,500,true,uniform,READ,0,0,0,0,0,0,0,0,0,0,0,0,0,0,0,0,0,0,0,0,1,0,1,0,0,0,0,18248,2740.0263042525207,50000,350.16612,176,60127,569,958,50000
11,reference,500,true,uniform,READ,0,0,0,0,0,0,0,0,0,0,0,0,0,0,0,0,0,0,0,0,1,0,1,0,0,0,0,18458,2708.852530068263,50000,354.71014,175,23055,621,1027,50000
11,clean-run,500,true,uniform,READ,0,0,0,0,0,0,0,0,0,0,0,0,0,0,0,0,0,0,0,0,1,0,1,0,0,0,0,17960,2783.964365256125,50000,344.84974,173,22687,562,958,50000
11,avg-run,500,true,uniform,READ,0,0,0,0,0,0,0,0,0,0,0,0,0,0,0,0,0,0,0,0,1,0,1,0,0,0,0,18495,2703.433360367667,50000,355.17212,173,21839,605,1007,50000
12,extend,500,true,uniform,EXTEND,0,0,0,0,0,0,0,0,0,0,0,0,0,0,0,0,0,0,0,0,1,0,0,0,0,0,1,22447,222.74691495522788,5000,4386.2602,1748,29567,5139,5963,5000
12,run,500,true,uniform,READ,0,0,0,0,0,0,0,0,0,0,0,0,0,0,0,0,0,0,0,0,1,0,1,0,0,0,0,18408,2716.2103433289876,50000,353.27492,179,51615,598,964,50000
12,reference,500,true,uniform,READ,0,0,0,0,0,0,0,0,0,0,0,0,0,0,0,0,0,0,0,0,1,0,1,0,0,0,0,18073,2766.5578487246166,50000,346.86804,151,21711,530,985,50000
12,clean-run,500,true,uniform,READ,0,0,0,0,0,0,0,0,0,0,0,0,0,0,0,0,0,0,0,0,1,0,1,0,0,0,0,18590,2689.6180742334586,50000,357.09564,180,21231,598,997,50000
12,avg-run,500,true,uniform,READ,0,0,0,0,0,0,0,0,0,0,0,0,0,0,0,0,0,0,0,0,1,0,1,0,0,0,0,18515,2700.513097488523,50000,355.90438,175,23487,599,975,50000
13,extend,500,true,uniform,EXTEND,0,0,0,0,0,0,0,0,0,0,0,0,0,0,0,0,0,0,0,0,1,0,0,0,0,0,1,22617,221.07264447097316,5000,4415.964,1705,30463,5187,5971,5000
13,run,500,true,uniform,READ,0,0,0,0,0,0,0,0,0,0,0,0,0,0,0,0,0,0,0,0,1,0,1,0,0,0,0,18664,2678.9541363051862,50000,358.73538,184,59295,599,961,50000
13,reference,500,true,uniform,READ,0,0,0,0,0,0,0,0,0,0,0,0,0,0,0,0,0,0,0,0,1,0,1,0,0,0,0,18767,2664.251079021687,50000,360.79654,183,24639,609,997,50000
13,clean-run,500,true,uniform,READ,0,0,0,0,0,0,0,0,0,0,0,0,0,0,0,0,0,0,0,0,1,0,1,0,0,0,0,18404,2716.8006955009782,50000,353.53882,182,22031,560,947,50000
13,avg-run,500,true,uniform,READ,0,0,0,0,0,0,0,0,0,0,0,0,0,0,0,0,0,0,0,0,1,0,1,0,0,0,0,18376,2720.940356987375,50000,352.95544,180,20479,524,973,50000
14,extend,500,true,uniform,EXTEND,0,0,0,0,0,0,0,0,0,0,0,0,0,0,0,0,0,0,0,0,1,0,0,0,0,0,1,22508,222.1432379598365,5000,4394.4084,1711,26975,5135,5643,5000
14,run,500,true,uniform,READ,0,0,0,0,0,0,0,0,0,0,0,0,0,0,0,0,0,0,0,0,1,0,1,0,0,0,0,18658,2679.8156286847466,50000,358.68284,185,92415,549,975,50000
14,reference,500,true,uniform,READ,0,0,0,0,0,0,0,0,0,0,0,0,0,0,0,0,0,0,0,0,1,0,1,0,0,0,0,18623,2684.852064651238,50000,357.7854,180,21983,563,1001,50000
14,clean-run,500,true,uniform,READ,0,0,0,0,0,0,0,0,0,0,0,0,0,0,0,0,0,0,0,0,1,0,1,0,0,0,0,18059,2768.7025859682153,50000,346.61524,181,22015,612,981,50000
14,avg-run,500,true,uniform,READ,0,0,0,0,0,0,0,0,0,0,0,0,0,0,0,0,0,0,0,0,1,0,1,0,0,0,0,18597,2688.605689089638,50000,356.98624,184,21455,543,985,50000
15,extend,500,true,uniform,EXTEND,0,0,0,0,0,0,0,0,0,0,0,0,0,0,0,0,0,0,0,0,1,0,0,0,0,0,1,22507,222.15310792197982,5000,4397.6614,1674,38815,5083,5567,5000
15,run,500,true,uniform,READ,0,0,0,0,0,0,0,0,0,0,0,0,0,0,0,0,0,0,0,0,1,0,1,0,0,0,0,18616,2685.8616244091104,50000,357.5601,164,64959,630,994,50000
15,reference,500,true,uniform,READ,0,0,0,0,0,0,0,0,0,0,0,0,0,0,0,0,0,0,0,0,1,0,1,0,0,0,0,19161,2609.4671468086217,50000,368.28898,189,23759,615,1050,50000
15,clean-run,500,true,uniform,READ,0,0,0,0,0,0,0,0,0,0,0,0,0,0,0,0,0,0,0,0,1,0,1,0,0,0,0,18801,2659.4330088825063,50000,361.44456,185,21711,600,1015,50000
15,avg-run,500,true,uniform,READ,0,0,0,0,0,0,0,0,0,0,0,0,0,0,0,0,0,0,0,0,1,0,1,0,0,0,0,19296,2591.2106135986733,50000,371.07494,187,23343,640,1027,50000
16,extend,500,true,uniform,EXTEND,0,0,0,0,0,0,0,0,0,0,0,0,0,0,0,0,0,0,0,0,1,0,0,0,0,0,1,22842,218.89501794939147,5000,4462.5214,1714,29311,5203,6067,5000
16,run,500,true,uniform,READ,0,0,0,0,0,0,0,0,0,0,0,0,0,0,0,0,0,0,0,0,1,0,1,0,0,0,0,18560,2693.9655172413795,50000,356.7691,170,33343,586,992,50000
16,reference,500,true,uniform,READ,0,0,0,0,0,0,0,0,0,0,0,0,0,0,0,0,0,0,0,0,1,0,1,0,0,0,0,19030,2627.430373095113,50000,366.04922,191,21551,583,1025,50000
16,clean-run,500,true,uniform,READ,0,0,0,0,0,0,0,0,0,0,0,0,0,0,0,0,0,0,0,0,1,0,1,0,0,0,0,19065,2622.6068712300025,50000,366.3855,187,20383,608,994,50000
16,avg-run,500,true,uniform,READ,0,0,0,0,0,0,0,0,0,0,0,0,0,0,0,0,0,0,0,0,1,0,1,0,0,0,0,19135,2613.0128037627383,50000,367.8657,182,21919,626,999,50000
17,extend,500,true,uniform,EXTEND,0,0,0,0,0,0,0,0,0,0,0,0,0,0,0,0,0,0,0,0,1,0,0,0,0,0,1,22834,218.9717088552159,5000,4462.0522,1765,31503,5203,5951,5000
17,run,500,true,uniform,READ,0,0,0,0,0,0,0,0,0,0,0,0,0,0,0,0,0,0,0,0,1,0,1,0,0,0,0,18843,2653.5052804755082,50000,362.25572,189,36127,594,962,50000
17,reference,500,true,uniform,READ,0,0,0,0,0,0,0,0,0,0,0,0,0,0,0,0,0,0,0,0,1,0,1,0,0,0,0,18734,2668.944165688054,50000,360.33036,185,21887,577,983,50000
17,clean-run,500,true,uniform,READ,0,0,0,0,0,0,0,0,0,0,0,0,0,0,0,0,0,0,0,0,1,0,1,0,0,0,0,18731,2669.371629918317,50000,360.40294,184,21663,545,971,50000
17,avg-run,500,true,uniform,READ,0,0,0,0,0,0,0,0,0,0,0,0,0,0,0,0,0,0,0,0,1,0,1,0,0,0,0,19391,2578.5158063018926,50000,373.18644,176,21055,621,1039,50000
18,extend,500,true,uniform,EXTEND,0,0,0,0,0,0,0,0,0,0,0,0,0,0,0,0,0,0,0,0,1,0,0,0,0,0,1,22981,217.57103694356206,5000,4492.3288,1801,37599,5207,5707,5000
18,run,500,true,uniform,READ,0,0,0,0,0,0,0,0,0,0,0,0,0,0,0,0,0,0,0,0,1,0,1,0,0,0,0,19377,2580.3787996077826,50000,373.0113,192,124863,631,993,50000
18,reference,500,true,uniform,READ,0,0,0,0,0,0,0,0,0,0,0,0,0,0,0,0,0,0,0,0,1,0,1,0,0,0,0,19177,2607.289982791886,50000,369.07472,190,20879,593,1008,50000
18,clean-run,500,true,uniform,READ,0,0,0,0,0,0,0,0,0,0,0,0,0,0,0,0,0,0,0,0,1,0,1,0,0,0,0,18926,2641.8683292824685,50000,364.01834,192,21087,535,986,50000
18,avg-run,500,true,uniform,READ,0,0,0,0,0,0,0,0,0,0,0,0,0,0,0,0,0,0,0,0,1,0,1,0,0,0,0,19172,2607.969956186105,50000,368.7408,189,21295,614,1000,50000
19,extend,500,true,uniform,EXTEND,0,0,0,0,0,0,0,0,0,0,0,0,0,0,0,0,0,0,0,0,1,0,0,0,0,0,1,23100,216.45021645021646,5000,4516.2762,1723,30191,5255,6043,5000
19,run,500,true,uniform,READ,0,0,0,0,0,0,0,0,0,0,0,0,0,0,0,0,0,0,0,0,1,0,1,0,0,0,0,18938,2640.194318301827,50000,364.03312,181,57791,614,1002,50000
19,reference,500,true,uniform,READ,0,0,0,0,0,0,0,0,0,0,0,0,0,0,0,0,0,0,0,0,1,0,1,0,0,0,0,19142,2612.057256295058,50000,368.52866,193,21183,596,1050,50000
19,clean-run,500,true,uniform,READ,0,0,0,0,0,0,0,0,0,0,0,0,0,0,0,0,0,0,0,0,1,0,1,0,0,0,0,19087,2619.5840100592027,50000,366.9832,191,21183,564,1018,50000
19,avg-run,500,true,uniform,READ,0,0,0,0,0,0,0,0,0,0,0,0,0,0,0,0,0,0,0,0,1,0,1,0,0,0,0,19113,2616.0205096007953,50000,367.73086,193,20975,585,993,50000
20,extend,500,true,uniform,EXTEND,0,0,0,0,0,0,0,0,0,0,0,0,0,0,0,0,0,0,0,0,1,0,0,0,0,0,1,22820,219.10604732690624,5000,4459.4258,1870,28159,5119,5515,5000
20,run,500,true,uniform,READ,0,0,0,0,0,0,0,0,0,0,0,0,0,0,0,0,0,0,0,0,1,0,1,0,0,0,0,19934,2508.277315139962,50000,383.87458,203,81919,639,1005,50000
20,reference,500,true,uniform,READ,0,0,0,0,0,0,0,0,0,0,0,0,0,0,0,0,0,0,0,0,1,0,1,0,0,0,0,19599,2551.150568906577,50000,377.12768,176,21711,597,1008,50000
20,clean-run,500,true,uniform,READ,0,0,0,0,0,0,0,0,0,0,0,0,0,0,0,0,0,0,0,0,1,0,1,0,0,0,0,19667,2542.329791020491,50000,378.6826,199,22111,638,1048,50000
20,avg-run,500,true,uniform,READ,0,0,0,0,0,0,0,0,0,0,0,0,0,0,0,0,0,0,0,0,1,0,1,0,0,0,0,19376,2580.5119735755575,50000,372.78922,199,22623,572,1003,50000
21,extend,500,true,uniform,EXTEND,0,0,0,0,0,0,0,0,0,0,0,0,0,0,0,0,0,0,0,0,1,0,0,0,0,0,1,23270,214.86892995272885,5000,4549.3836,1896,37855,5263,6099,5000
21,run,500,true,uniform,READ,0,0,0,0,0,0,0,0,0,0,0,0,0,0,0,0,0,0,0,0,1,0,1,0,0,0,0,19582,2553.365335512205,50000,376.75072,195,140287,588,990,50000
21,reference,500,true,uniform,READ,0,0,0,0,0,0,0,0,0,0,0,0,0,0,0,0,0,0,0,0,1,0,1,0,0,0,0,20334,2458.9357725976197,50000,391.57444,194,22767,684,1029,50000
21,clean-run,500,true,uniform,READ,0,0,0,0,0,0,0,0,0,0,0,0,0,0,0,0,0,0,0,0,1,0,1,0,0,0,0,19021,2628.673571315914,50000,365.73884,174,22863,612,1020,50000
