cache_profile,run,phase,window,n,p95_us_mean,p99_us_mean,avg_us_mean,throughput_mean,blks_read_per_op_mean,blks_hit_per_op_mean,delta_cache_hit_ratio_mean,cum_cache_hit_ratio_mean,wal_bytes_per_op_mean,buffers_alloc_per_op_mean,checkpoint_write_time_per_op_mean,tup_inserted_per_op_mean,tup_updated_per_op_mean,tup_fetched_per_op_mean,tup_returned_per_op_mean,first_epoch_p95_gt_1000us,first_epoch_p95_gt_2000us
big_4GB,3,avg-run,early_1_10,10,156.2,343.2,80.514706,12837.226553035254,-0.00017888888888888889,7.0044377777777775,1.000096277265608,0.9998910519479969,24548.813144444444,0.41518777777777777,1.4302122222222222,0.1790688888888889,0.0,2.1897522222222228,2.1897522222222228,,
big_4GB,3,avg-run,mid_45_55,11,503.45454545454544,593.4545454545455,354.5534418181818,2774.7048171651477,0.0,0.41259818181818186,1.0,0.9999959913604273,220409.6237072727,21.61485181818182,8.088946363636364,0.04977363636363637,0.0,0.5176409090909092,0.5184354545454546,,
big_4GB,3,avg-run,late_91_100,10,719.6,824.8,592.0326339999999,1669.7119504831553,0.0,0.515559,1.0,0.9999966900237715,445972.32204299996,41.594952,17.515348,0.15311199999999997,0.0,1.727513,1.727513,,
big_4GB,3,avg-run,all_1_100,100,501.31,609.47,346.4351552,4086.284932515837,-4.212121212121212e-05,1.5787294949494945,1.0000088688103397,0.9999845105980673,230937.63878323228,20.90735515151515,8.926734545454545,0.1172420202020202,2.222222222222222e-06,1.4004303030303031,1.4006952525252527,,
big_4GB,3,clean-run,early_1_10,10,217.6,432.8,87.33469899999999,12164.776801357913,-0.00017888888888888889,2.879778888888888,1.0001251795983876,0.9997114811932862,24435.73367777778,0.40196000000000004,1.4302122222222222,0.09018,0.0,0.9416588888888889,0.9416588888888887,,
big_4GB,3,clean-run,mid_45_55,11,672.1818181818181,1011.7272727272727,375.05295181818184,2633.6637838517813,0.0,0.1674972727272727,1.0,0.9999910298408318,220308.90679272727,21.607274545454548,8.06670181818182,0.04976181818181818,0.0,0.41793363636363634,0.41793090909090913,,
big_4GB,3,clean-run,late_91_100,10,895.3,1615.6,603.8552310000001,1640.768631367538,0.0,0.23172100000000007,1.0,0.9999927684343539,445858.498231,41.569675000000004,17.500149000000004,0.053112000000000006,0.0,0.42125900000000005,0.42125900000000005,,
big_4GB,3,clean-run,all_1_100,100,640.8,1026.71,367.8432877,3804.4521183697298,-4.212121212121212e-05,0.7014335353535355,0.9999142404986783,0.9999607672442646,230828.8977571717,20.89229313131313,8.915661212121213,0.05764575757575757,0.0,0.5699817171717171,0.570069494949495,,
big_4GB,3,extend,early_1_10,10,4286.7,6964.0,1727.0768469999998,591.1466404791774,0.0,90.7800788888889,1.0,0.9999997491594346,24252.071997777777,0.38792888888888893,1.370771111111111,8.345593333333333,1.0004155555555556,26.563215555555555,27.328087777777778,1.0,2.0
big_4GB,3,extend,mid_45_55,11,25037.545454545456,51664.454545454544,5419.310298181819,184.52036139942717,51.52420363636364,426.0950818181818,0.8921570063585151,0.936240958169373,219979.71535272727,21.55912181818182,7.952475454545455,71.25749818181818,1.0011000000000003,181.63293363636365,182.38966181818182,1.0,2.0
big_4GB,3,extend,late_91_100,10,53154.2,105375.0,10774.117973,92.87687750889883,120.25898900000001,726.0584889999999,0.8578163177900182,0.8910253515862024,445622.047897,41.515397,17.358289,135.991801,1.002145,339.48901800000004,340.417843,1.0,2.0
big_4GB,3,extend,all_1_100,100,26975.93,53027.66,5783.163058400001,240.31250889079107,53.66710484848485,426.9536763636364,0.9125077351040404,0.9433746066235612,230540.8936744445,20.855001414141416,8.829845858585857,72.78968252525254,1.0012033333333332,184.85885959595956,185.6571765656566,1.0,2.0
big_4GB,3,reference,early_1_10,10,50.7,84.1,38.258975,23337.865156766893,0.0,3.0257788888888886,1.0,0.9999990942186836,24317.166462222223,0.38793888888888894,1.370771111111111,0.0,0.0,1.0127544444444443,1.247051111111111,,
big_4GB,3,reference,mid_45_55,11,52.09090909090909,91.18181818181819,38.219370909090905,23218.949711199282,0.01733818181818182,3.0172163636363645,0.9942864217546009,0.9963071017834004,220201.32319363634,21.59296090909091,7.988068181818179,0.0,0.0,1.0144609090909091,1.353258181818182,,
big_4GB,3,reference,late_91_100,10,52.0,562.9,48.339150000000004,18758.807014793678,0.018114,3.0318289999999997,0.9940608812497398,0.9952875390584154,445746.7148720001,41.556115999999996,17.510943,0.0,0.0,1.017768,1.5237219999999998,,
big_4GB,3,reference,all_1_100,100,51.58,285.35,42.2586355,21434.5066775186,0.014646969696969695,3.0215141414141415,0.9951790928345513,0.996988182883219,230716.20256737375,20.87832181818182,8.900625555555555,0.0,7.07070707070707e-07,1.0148583838383836,1.3687865656565656,,
big_4GB,3,run,early_1_10,10,334.3,503.8,115.00570499999999,9872.445756375473,0.0,95.00954777777778,1.0,0.999999809921713,24317.166474444442,0.38793888888888894,1.370771111111111,8.345859999999998,1.0004155555555554,27.636944444444442,28.402784444444446,59.0,97.0
big_4GB,3,run,mid_45_55,11,697.9090909090909,1426.5454545454545,396.7283118181818,2501.3003169097788,52.03353090909092,426.8908763636364,0.8912771870072873,0.93459636885521,220201.32319363634,21.59294454545454,7.988068181818179,71.25749909090909,1.0011100000000004,182.1492481818182,182.90817727272727,59.0,97.0
big_4GB,3,run,late_91_100,10,1469.6,5133.8,769.1102109999999,1310.0991931521735,121.840769,727.536828,0.8565271024932496,0.8896977087158211,445746.7148720001,41.556115999999996,17.510943,135.99179900000001,1.002134,340.19643899999994,341.127634,59.0,97.0
big_4GB,3,run,all_1_100,100,828.57,2151.58,431.4216463000001,3264.92440651383,54.6290506060606,428.32789363636357,0.9109680622805221,0.9422174278301115,230716.20257353538,20.878156868686865,8.900625555555555,72.78967161616161,1.0012044444444443,185.49687,186.29656919191922,59.0,97.0
big_4GB,4,avg-run,early_1_10,10,96.3,145.8,72.408267,13493.41822145326,-0.00015333333333333334,7.007311111111111,1.0000574245007556,0.9998931783686611,24622.65285777778,0.42087555555555556,1.3336711111111113,0.17912000000000006,7.777777777777777e-06,2.1949144444444446,2.1949144444444446,,
big_4GB,4,avg-run,mid_45_55,11,322.1818181818182,496.72727272727275,296.38382636363633,3320.96223276901,0.0,0.52898,1.0,0.999995995803951,221034.17995454546,21.528525454545456,7.705531818181819,0.04995909090909092,0.0,0.6767863636363637,0.6767863636363637,,
big_4GB,4,avg-run,late_91_100,10,551.6,772.5,515.376588,1920.7289033426762,0.0,0.6120919999999999,1.0,0.9999966782050713,446619.423855,41.832403,16.716501,0.152915,1.1e-05,1.610916,1.611793,,
big_4GB,4,avg-run,all_1_100,100,323.43,477.19,292.7971035,4827.588525849766,-3.9797979797979795e-05,1.5800450505050505,0.9999943773015174,0.9999849010116728,231075.8907451515,21.159351414141412,8.518007070707071,0.11722262626262625,2.2222222222222225e-06,1.3977892929292928,1.3980542424242424,,
big_4GB,4,clean-run,early_1_10,10,104.1,240.1,75.158184,13069.314459688117,-0.00015333333333333334,2.9098277777777777,1.0001272673111055,0.999712302247301,24510.041112222225,0.4076466666666667,1.3336711111111113,0.09036666666666666,7.777777777777777e-06,0.9524699999999999,0.9534444444444444,,
big_4GB,4,clean-run,mid_45_55,11,397.3636363636364,838.5454545454545,277.8791227272728,3552.36900280702,0.0,0.32554363636363637,1.0,0.9999910210461196,220934.71699999998,21.520949090909088,7.701874545454545,0.049960000000000004,0.0,0.57684,0.57684,,
big_4GB,4,clean-run,late_91_100,10,677.3,1471.9,477.60963599999997,2074.073317009284,0.0,0.16831900000000002,1.0,0.9999925770385787,446500.83889199997,41.807124,16.707292000000002,0.052914,0.0,0.30486399999999997,0.30486399999999997,,
big_4GB,4,clean-run,all_1_100,100,396.72,852.53,277.1642756,4851.272833764241,-3.9797979797979795e-05,0.6745188888888888,1.0000216570869365,0.9999612328012669,230966.27451191918,21.144289090909094,8.508610606060605,0.05763737373737373,0.0,0.5678827272727274,0.5679705050505051,,
big_4GB,4,extend,early_1_10,10,4283.7,7079.8,1655.253075,616.8064447613308,0.0,90.17914222222223,1.0,0.999999751592887,24247.505482222223,0.3935466666666667,1.2790422222222224,8.361057777777779,1.0004155555555554,26.571256666666663,27.33889222222222,1.0,2.0
big_4GB,4,extend,mid_45_55,11,26084.81818181818,53049.181818181816,5455.879673636364,183.68599872871175,54.178039090909095,427.14940727272733,0.887914154397973,0.9329439722474333,220500.53380818182,21.470571818181817,7.630359090909092,71.81160636363636,1.0011400000000001,182.69963454545453,183.45404636363637,1.0,2.0
big_4GB,4,extend,late_91_100,10,53954.2,106450.2,10533.234568,95.06086626469767,119.44222099999999,727.1962080000001,0.8589384064038892,0.8905564250490476,446362.462742,41.734774,16.619784000000003,136.22244700000002,1.00209,340.55056,341.46531500000003,1.0,2.0
big_4GB,4,extend,all_1_100,100,27376.59,53983.96,5632.257703499999,248.6713079097385,54.084227474747465,427.7320065656565,0.9110297148080907,0.9409609397620899,230688.4179665657,21.105279292929293,8.434242424242424,73.00429171717171,1.0011711111111112,185.3044921212121,186.09613757575752,1.0,2.0
big_4GB,4,reference,early_1_10,10,52.6,84.2,39.09055200000001,22779.34741299593,0.0,3.0256366666666668,1.0,0.9999990939402192,24390.931566666666,0.39364333333333335,1.2790422222222224,0.0,0.0,1.0127233333333332,1.245073333333333,,
big_4GB,4,reference,mid_45_55,11,52.45454545454545,92.0,39.086853636363635,22680.7873755788,0.017298181818181817,3.0167445454545456,0.9942986419675411,0.9963133914483163,220823.57945818183,21.506546363636364,7.660997272727272,0.0,0.0,1.0143354545454546,1.3475581818181817,,
big_4GB,4,reference,late_91_100,10,51.6,246.1,41.704561999999996,21497.287142811445,0.018111000000000002,3.029158,0.9940566565328937,0.9952883622575653,446389.73751000006,41.79363500000001,16.774302999999996,0.0,0.0,1.0168720000000002,1.50881,,
big_4GB,4,reference,all_1_100,100,52.25,133.23,39.876737399999996,22361.725214575512,0.014639393939393938,3.0205240404040405,0.9951797491873998,0.9969939887278343,230854.33157616158,21.130327373737376,8.489811717171717,0.0,0.0,1.0145558585858587,1.3609628282828283,,
big_4GB,4,run,early_1_10,10,118.2,251.5,83.06912400000002,12017.644943337602,0.0,94.8215388888889,1.0,0.9999998113757241,24390.931566666666,0.39364333333333335,1.2790422222222224,8.361716666666666,1.0004277777777775,27.64252,28.41113,71.0,95.0
big_4GB,4,run,mid_45_55,11,471.3636363636364,1240.4545454545455,309.11409909090906,3197.801657533976,55.81871909090908,427.59183636363633,0.8848187142156095,0.9310483959413066,220823.57945818183,21.506565454545452,7.660997272727272,71.81160454545454,1.00113,183.18095818181817,183.9345181818182,71.0,95.0
big_4GB,4,run,late_91_100,10,1752.4,5884.4,709.9614570000001,1427.808648984586,120.429442,727.767962,0.8580819861349722,0.8892644866496422,446389.73751000006,41.793631999999995,16.774302999999996,136.22244700000002,1.0020900000000001,341.05749,341.97399699999994,71.0,95.0
big_4GB,4,run,all_1_100,100,652.75,2011.16,344.73528220000003,4246.802217518617,54.934624646464655,428.91974898989906,0.9095445362128577,0.9397480513016656,230854.33157616158,21.130161414141416,8.489811717171717,73.00428111111111,1.0011733333333332,185.92708333333334,186.71995555555557,71.0,95.0
big_4GB,5,avg-run,early_1_10,10,84.5,121.2,66.756185,14779.76363705524,-0.00021888888888888888,7.008642222222222,1.000055868636092,0.9998890722560825,24657.145344444445,0.4223388888888889,1.3190833333333332,0.1793977777777778,0.0,2.180766666666667,2.180766666666667,,
big_4GB,5,avg-run,mid_45_55,11,310.45454545454544,422.3636363636364,266.27704454545454,3706.2782537777616,0.0,0.5165136363636363,1.0,0.9999960059366585,220515.68881272723,21.23063636363636,7.72952,0.05002636363636363,0.0,0.6117527272727273,0.6117527272727273,,
big_4GB,5,avg-run,late_91_100,10,566.6,707.0,466.87896900000004,2123.063280951047,0.0,0.605485,0.9999904163605866,0.9999966595342187,444987.04489099997,41.667640000000006,16.112495000000003,0.153021,0.0,1.732116,1.732116,,
big_4GB,5,avg-run,all_1_100,100,315.55,417.14,265.1755513,5309.017787952166,-4.606060606060606e-05,1.5683461616161616,0.9998817124090826,0.9999838927765117,230579.34192191917,21.141664545454546,8.304920606060605,0.11723919191919192,1.1111111111111115e-06,1.397399393939394,1.3975757575757577,,
big_4GB,5,clean-run,early_1_10,10,91.1,202.9,66.95789,14833.904876105045,-0.00021888888888888888,2.882992222222222,1.0002028944158288,0.9997046862609122,24544.002486666668,0.40911,1.3190833333333332,0.09050888888888889,0.0,0.9320155555555556,0.9320155555555556,,
big_4GB,5,clean-run,mid_45_55,11,366.54545454545456,779.5454545454545,255.02627272727275,3876.7457264948844,0.0,0.3101209090909091,1.0,0.999991044677514,220416.14286272723,21.22306,7.723992727272729,0.05002636363636364,0.0,0.5116445454545454,0.5116445454545454,,
big_4GB,5,clean-run,late_91_100,10,627.9,1364.6,439.924488,2251.3467064294264,0.0,0.199782,1.0,0.9999925499480093,444869.8672689999,41.642363,16.101121999999997,0.053021000000000006,0.0,0.4260400000000001,0.4260400000000001,,
big_4GB,5,clean-run,all_1_100,100,365.6,786.68,255.52440860000002,5338.925854277604,-4.606060606060606e-05,0.6726743434343436,1.0002652661659148,0.9999590750722462,230470.080269697,21.126602323232326,8.296134949494949,0.05764171717171717,0.0,0.5669593939393939,0.5669585858585858,,
big_4GB,5,extend,early_1_10,10,4013.3,6542.6,1636.350076,623.0005971314725,0.0,89.88125222222223,1.0,0.9999997515486209,24287.42995888889,0.39503222222222223,1.2680066666666667,8.326014444444446,1.0004033333333333,26.46552777777778,27.229778888888887,1.0,2.0
big_4GB,5,extend,mid_45_55,11,23660.090909090908,48417.90909090909,5023.289574545454,199.22185186052138,49.50696,433.1957018181818,0.8976054722274025,0.9346899924380089,220191.65913272725,21.18418636363636,7.617279090909091,71.5592590909091,1.0010400000000004,182.32334272727272,183.07273545454544,1.0,2.0
big_4GB,5,extend,late_91_100,10,50139.8,98917.4,10103.179318,99.1225665704796,114.888762,725.3835839999999,0.8634512056303201,0.8939729299198984,444591.20893799997,41.579832999999994,15.963012,135.65433000000002,1.002046,338.551644,339.447906,1.0,2.0
big_4GB,5,extend,all_1_100,100,25300.91,49671.2,5377.581558100001,256.64369356303183,52.266975252525256,428.6772581818182,0.9139871683490723,0.9430523202170304,230182.74610939395,21.08640585858586,8.219006363636364,72.88485585858587,1.0011400000000001,185.01311030303034,185.79703262626262,1.0,2.0
big_4GB,5,reference,early_1_10,10,46.3,75.1,34.066736,26491.788645320165,0.0,3.025535555555556,1.0,0.9999990958419612,24425.377404444444,0.39512888888888886,1.2680066666666667,0.0,0.0,1.0127077777777778,1.244084444444444,,
big_4GB,5,reference,mid_45_55,11,47.63636363636363,84.0909090909091,34.35806363636363,26112.660698888114,0.01731454545454545,3.0167072727272726,0.9942932168052792,0.996302800347966,220305.19523090913,21.208677272727275,7.707238181818183,0.0,0.0,1.0143845454545455,1.3452181818181819,,
big_4GB,5,reference,late_91_100,10,47.9,239.6,38.646875,23628.623295043602,0.018234,3.0281390000000004,0.9940145292176558,0.9952779669261475,444758.170395,41.62889,16.020852,0.0,0.0,1.0167040000000003,1.4981299999999997,,
big_4GB,5,reference,all_1_100,100,47.16,109.47,35.3625057,25543.52442101255,0.014674444444444443,3.020166363636363,0.9951676149696453,0.9969832789781177,230358.17415616164,21.11264292929293,8.279830606060607,0.0,0.0,1.0145142424242426,1.3564969696969695,,
big_4GB,5,run,early_1_10,10,103.0,222.1,75.072027,13422.614880578089,0.0,94.56862111111111,1.0,0.999999811083678,24425.377565555555,0.39512888888888886,1.2680066666666667,8.326672222222221,1.0004155555555554,27.55750111111111,28.322726666666668,70.0,97.0
big_4GB,5,run,mid_45_55,11,428.6363636363636,1138.909090909091,289.6390163636364,3415.59630351801,49.42084545454546,433.56536272727277,0.8978141533258316,0.9332329498106167,220305.1734918182,21.208646363636365,7.707238181818183,71.5592590909091,1.0010400000000004,182.95794818181818,183.70883181818184,70.0,97.0
big_4GB,5,run,late_91_100,10,1561.9,5492.9,642.088487,1586.1687176526352,117.73666699999998,727.589248,0.8607804401089256,0.8927108495580836,444758.170395,41.628883,16.020852,135.654328,1.0020349999999998,338.96431700000005,339.86191299999996,70.0,97.0
big_4GB,5,run,all_1_100,100,606.9,1938.22,320.8304203,4633.1609447620485,53.203167676767684,429.9958163636364,0.9124048501979656,0.9419033640322501,230358.17417080805,21.112477171717174,8.279830606060607,72.88484494949495,1.0011411111111113,185.63032444444448,186.41539191919185,70.0,97.0
big_4GB,6,avg-run,early_1_10,10,141.7,329.3,76.20738600000001,13115.225306125629,-0.00013777777777777776,6.997170000000001,1.0000630737633989,0.9998938775302386,24567.68687666667,0.4186366666666667,1.344246666666667,0.1791,0.0,2.175377777777778,2.1753777777777783,,
big_4GB,6,avg-run,mid_45_55,11,488.90909090909093,587.6363636363636,346.81186272727274,2837.17187516164,0.0,0.43515818181818183,1.0,0.9999960014675655,221233.82714090912,21.086430909090907,8.292085454545456,0.04956636363636364,0.0,0.5063263636363636,0.5071936363636363,,
big_4GB,6,avg-run,late_91_100,10,722.0,838.7,593.6376110000001,1665.512313822853,0.0,0.698893,1.0,0.999996704766796,446233.79016800004,41.388981,17.564534000000002,0.15303799999999998,0.0,2.161237,2.161237,,
big_4GB,6,avg-run,all_1_100,100,490.82,604.24,339.3251464,4229.315822374925,-3.878787878787882e-05,1.5963864646464647,1.0003279743253952,0.9999832804684066,230102.39489323233,21.022211717171718,8.851954545454547,0.11723373737373735,2.2222222222222217e-06,1.4358362626262624,1.4361012121212122,,
big_4GB,6,clean-run,early_1_10,10,202.1,433.5,83.324312,12302.278233503715,-0.00013777777777777776,2.8727622222222227,1.0001184546841158,0.999719366725623,24454.670871111113,0.40537777777777784,1.344246666666667,0.0902111111111111,0.0,0.9272222222222221,0.9272222222222221,,
big_4GB,6,clean-run,mid_45_55,11,628.1818181818181,982.0,349.9981245454545,2828.7348825595736,0.0,0.1654772727272727,1.0,0.9999910547431327,221132.37595909092,21.07885272727273,8.28381909090909,0.04955363636363636,0.0,0.407000909090909,0.4070709090909091,,
big_4GB,6,clean-run,late_91_100,10,877.8,1617.9,594.1022449999999,1662.6743108052021,0.0,0.33490299999999995,1.0,0.9999927808584124,446117.56070499995,41.363703,17.545988,0.053037999999999995,0.0,0.855128,0.855128,,
big_4GB,6,clean-run,all_1_100,100,610.07,1005.03,347.5396965,4003.3903237043905,-3.878787878787882e-05,0.7099193939393941,1.0002109080506196,0.9999575275475402,229993.38190212118,21.007146868686867,8.84092484848485,0.05763747474747476,0.0,0.6054038383838384,0.6054916161616161,,
big_4GB,6,extend,early_1_10,10,4162.0,6822.2,1687.9990860000003,604.4185107511059,0.0,89.7653111111111,1.0,0.9999997508463728,24188.749833333335,0.3912888888888889,1.2875966666666665,8.318783333333336,1.000391111111111,26.401493333333335,27.165332222222222,1.0,2.0
big_4GB,6,extend,mid_45_55,11,25251.363636363636,51283.36363636364,5315.18396090909,188.76824899057382,47.46903545454545,431.2214518181818,0.9008242484002472,0.9346677779115006,220738.9667372727,21.028031818181816,8.146074545454546,71.35798090909091,1.00112,181.97880545454544,182.73859454545453,1.0,2.0
big_4GB,6,extend,late_91_100,10,54053.4,106187.8,10652.810824999999,93.92711181686748,117.20844000000002,735.423642,0.862691716456578,0.889752035162639,445916.57641000004,41.334842,17.426207999999995,136.1693,1.002156,340.42057400000004,341.347932,1.0,2.0
big_4GB,6,extend,all_1_100,100,27080.58,52768.04,5719.6171453000015,245.32017006622672,54.1646798989899,426.38586555555554,0.9109269593678749,0.9411521140990246,229713.1200039394,20.971376868686864,8.767715454545455,72.62389343434343,1.0011966666666667,184.60851747474743,185.40551707070708,1.0,2.0
big_4GB,6,reference,early_1_10,10,52.6,97.0,38.979141999999996,22934.54093526218,0.0,3.0257177777777775,1.0,0.9999990939440717,24336.042087777776,0.3913555555555555,1.2875966666666665,0.0,0.0,1.0127388888888889,1.2460622222222222,,
big_4GB,6,reference,mid_45_55,11,55.36363636363637,105.36363636363636,41.168446363636356,21651.90776564446,0.017278181818181818,3.017575454545455,0.9943067474121403,0.996308131427978,221025.0297609091,21.064531818181816,8.194578181818184,0.0,6.363636363636363e-06,1.0146454545454546,1.3542390909090907,,
big_4GB,6,reference,late_91_100,10,55.5,558.4,50.123566,18106.844160287386,0.018225,3.03052,0.9940221360144316,0.9952871834050454,446006.023282,41.350181,17.573741,0.0,6.999999999999999e-06,1.017325,1.523279,,
big_4GB,6,reference,all_1_100,100,54.33,289.92,43.93714419999999,20708.655263432185,0.014649999999999998,3.021115656565657,0.9951773617277072,0.9969884166376598,229880.70428626263,20.99317787878788,8.834527373737375,0.0,2.121212121212121e-06,1.014717373737374,1.3674952525252524,,
big_4GB,6,run,early_1_10,10,306.2,499.1,105.28098299999999,10355.7387736552,0.0,94.39446111111111,1.0,0.9999998107454264,24336.042087777776,0.3913555555555555,1.2875966666666665,8.31944111111111,1.0004033333333333,27.488574444444446,28.25338777777778,70.0,84.0
big_4GB,6,run,mid_45_55,11,680.5454545454545,1207.909090909091,394.4857436363636,2506.6388395791896,49.065341818181814,432.5571227272727,0.8984180838941335,0.9332481252367074,221025.0297609091,21.064517272727272,8.194578181818184,71.35798090909091,1.00112,182.50987363636364,183.27164454545454,70.0,84.0
big_4GB,6,run,late_91_100,10,1386.6,4999.8,756.81953,1323.983419618249,118.01853100000001,735.974189,0.8618551797757943,0.8885308766593815,446006.023282,41.350153,17.573741,136.169298,1.002145,341.17678,342.105472,70.0,84.0
big_4GB,6,run,all_1_100,100,810.64,2100.9,419.63620910000003,3415.532557829572,54.966023434343434,427.5615595959595,0.9094800487349926,0.9399627774844781,229880.70428626263,20.9930098989899,8.834527373737375,72.62388252525254,1.0011977777777776,185.26519262626266,186.0633704040404,70.0,84.0
small_128MB,1,avg-run,early_1_10,10,86.9,135.3,70.65221199999999,13798.461675411876,0.002286666666666667,7.001255555555556,0.9983827419286031,0.9998235843034677,24560.850866666668,10.966306666666666,1.505608888888889,0.17916,0.0,2.1810244444444447,2.1810244444444447,,
small_128MB,1,avg-run,mid_45_55,11,324.45454545454544,477.09090909090907,300.4988527272728,3274.782081466565,0.2532627272727273,0.2578872727272727,0.5019683538387839,0.8807265068413487,220544.57764818185,68.9868509090909,7.832430909090909,0.04968545454545455,0.0,0.6149954545454546,0.6149954545454546,,
small_128MB,1,avg-run,late_91_100,10,539.0,681.5,499.05927099999997,1984.3080585350938,0.563087,0.16683600000000004,0.7483085745811271,0.7984111918961558,446168.37203599996,123.661815,15.825521999999998,0.15310600000000002,2.8000000000000003e-05,1.8821999999999999,1.883953,,
small_128MB,1,avg-run,all_1_100,100,317.83,458.76,290.5856439,4846.507383699981,0.3716379797979797,1.212459191919192,0.5556887906135489,0.8864919461826589,230314.55856353533,69.67886646464646,8.64604383838384,0.11724242424242426,3.939393939393939e-06,1.4055959595959595,1.4059493939393939,,
small_128MB,1,clean-run,early_1_10,10,100.4,234.3,73.02797799999999,13429.051964878576,0.0021866666666666666,2.876623333333333,0.9980816319096011,0.9995759288353326,24447.803723333334,10.952908888888889,1.505608888888889,0.09027111111111112,0.0,0.932748888888889,0.932748888888889,53.0,53.0
small_128MB,1,clean-run,mid_45_55,11,677.9090909090909,1657.090909090909,321.90402727272726,3244.6673513129235,0.15004272727272724,0.16058636363636367,0.6242331334500268,0.8845873245918522,220445.19764636364,68.86771272727272,7.827139090909091,0.04968545454545455,0.0,0.5156245454545455,0.5156245454545455,53.0,53.0
small_128MB,1,clean-run,late_91_100,10,3629.4,7291.2,885.7529980000002,1160.9079444032025,0.28728600000000004,0.22825300000000004,-2.4603723701266293,0.7948970635765462,446056.96810999996,123.342144,15.874602000000001,0.053117000000000004,1.7e-05,0.5760029999999999,0.5777559999999999,53.0,53.0
small_128MB,1,clean-run,all_1_100,100,1071.15,2357.12,377.1720182000001,4541.710068622278,0.16151858585858583,0.5409281818181819,0.32912866445145655,0.8887122481659279,230205.72240616163,69.46579242424242,8.643037575757575,0.0576460606060606,1.7171717171717173e-06,0.5751510101010101,0.5753272727272727,53.0,53.0
small_128MB,1,extend,early_1_10,10,4545.5,7615.8,1844.688768,564.6278704355433,14.20827,76.37383555555556,0.8628318404149355,0.9085839398321024,24199.627768888888,9.725293333333333,1.4471333333333334,8.345063333333334,1.0004155555555556,26.566148888888886,27.34658,1.0,2.0
small_128MB,1,extend,mid_45_55,11,43425.90909090909,64333.545454545456,6545.747766363637,153.07316829053292,104.72216363636363,376.7130345454545,0.7827060586933345,0.788402074161977,220184.48089818182,68.44756363636363,7.735198181818182,71.7214890909091,1.0012999999999999,182.51178363636362,183.28721363636365,1.0,2.0
small_128MB,1,extend,late_91_100,10,62133.4,116133.4,12326.9303,81.23040864651759,192.10378599999999,658.2100109999999,0.7744841798050699,0.7797578195078465,445802.015769,122.99313500000001,15.632051999999998,136.608227,1.002398,341.08450000000005,342.034556,1.0,2.0
small_128MB,1,extend,all_1_100,100,36206.13,62279.16,6924.703439,202.9273033864104,106.93868222222223,377.3195124242424,0.7877435807726066,0.8023014218203823,229920.79732252526,68.94637454545455,8.575260707070708,73.01463484848483,1.0014029292929292,185.39580464646463,186.21090050505052,1.0,2.0
small_128MB,1,reference,early_1_10,10,50.4,84.0,37.94562499999999,23320.309955539386,0.018228888888888888,3.007732222222222,0.9939758545386161,0.9950706344699217,24329.196193333333,10.837933333333332,1.4471333333333334,0.0,0.0,1.0127855555555554,1.249028888888889,,
small_128MB,1,reference,mid_45_55,11,50.45454545454545,132.27272727272728,41.813646363636366,21902.199161091627,0.021949090909090908,3.014677272727273,0.9927719626349435,0.993487574960271,220334.20733909094,68.68469999999999,7.941928181818182,0.0,0.0,1.0150772727272728,1.3674127272727274,,
small_128MB,1,reference,late_91_100,10,48.2,413.8,42.26580200000001,21077.92999731203,0.026577,3.024926,0.9912906410722663,0.9927587533709905,445937.49163199996,123.15114099999998,15.865471,0.0,0.0,1.0176839999999998,1.56043,,
small_128MB,1,reference,all_1_100,100,49.31,233.76,40.38748840000001,22117.895087547422,0.02237727272727273,3.0157933333333333,0.9926372289376237,0.9935719975441129,230093.03024686873,69.27306959595958,8.64212797979798,0.0,0.0,1.0152743434343434,1.3903585858585858,,
small_128MB,1,run,early_1_10,10,125.1,257.9,91.02366399999998,11405.663731768596,15.943032222222225,79.24776222222222,0.8501785318943473,0.9006608892830135,24329.196354444444,10.836928888888888,1.4471333333333334,8.34572111111111,1.0004277777777777,27.66422111111111,28.44562666666667,53.0,57.0
small_128MB,1,run,mid_45_55,11,869.9090909090909,2328.7272727272725,415.64609454545456,2475.011452368661,105.79178636363636,377.18810272727274,0.7810022516348197,0.7854983675646925,220334.20733909094,68.68283181818181,7.941928181818182,71.72148818181819,1.0012999999999999,183.06665545454544,183.84208909090913,53.0,57.0
small_128MB,1,run,late_91_100,10,4884.2,9572.6,1398.2054469999998,766.4244466964276,194.838884,660.414192,0.7721916013082818,0.7780595405856868,445937.49163199996,123.152693,15.865471,136.608229,1.002409,341.572279,342.524964,53.0,57.0
small_128MB,1,run,all_1_100,100,1779.52,3757.06,569.83861,3528.6838678802533,108.2750098989899,378.2421485858587,0.7844705875172435,0.798333729043904,230093.0302665657,69.27298313131313,8.64212797979798,73.01462414141413,1.0014051515151512,186.024185959596,186.84061202020195,53.0,57.0
small_128MB,2,avg-run,early_1_10,10,82.6,118.8,65.90777299999999,14962.912939593205,0.002258888888888889,7.007367777777778,0.9984495575419567,0.9998212048374475,24550.83339888889,11.015774444444444,1.4531611111111113,0.1791588888888889,0.0,2.1694088888888885,2.1694088888888885,82.0,82.0
small_128MB,2,avg-run,mid_45_55,11,310.54545454545456,423.6363636363636,278.23142,3547.8778976957938,0.20103,0.20589818181818179,0.7072636119951091,0.8799270691126589,219699.0356372727,69.00262818181818,7.82129090909091,0.049871818181818184,-1e-05,0.5264827272727273,0.52648,82.0,82.0
small_128MB,2,avg-run,late_91_100,10,604.1,853.8,496.68122300000005,1995.4954832103115,0.549216,0.20365899999999998,0.0487373214162191,0.7984293801291578,447565.715426,123.905656,14.881296,0.153148,0.0,1.760252,1.7611279999999998,82.0,82.0
small_128MB,2,avg-run,all_1_100,100,368.38,498.83,288.12697199999997,5147.188001131814,0.37102484848484857,1.2169863636363636,0.6440357492820509,0.8864452252717429,229686.0450512121,69.6064506060606,8.427792929292929,0.11723343434343433,1.1111111111111123e-06,1.3980351515151517,1.3983,82.0,82.0
small_128MB,2,clean-run,early_1_10,10,91.5,206.9,67.465796,14728.668730240044,0.00216,2.8991833333333332,0.9987938738313414,0.9995664526720238,24438.107463333334,11.002378888888888,1.4531611111111113,0.09040666666666668,0.0,0.9250844444444445,0.926058888888889,51.0,69.0
small_128MB,2,clean-run,mid_45_55,11,455.3636363636364,1339.2727272727273,284.35778,3525.8445178827515,0.08599363636363636,0.08723272727272725,0.7058070454947847,0.8815448526337805,219598.68180090908,68.88568272727274,7.806062727272728,0.04986181818181818,0.0,0.42681090909090913,0.4268081818181819,51.0,69.0
small_128MB,2,clean-run,late_91_100,10,3448.3,6770.6,838.0774809999999,1280.595323798123,0.25127999999999995,0.23318699999999998,0.4011446180024259,0.7944754660840255,447452.32476000005,123.58308300000002,14.817514,0.053161,0.0,0.4541760000000001,0.4559289999999999,51.0,69.0
small_128MB,2,clean-run,all_1_100,100,1075.73,2200.49,368.9638809,4865.74234256069,0.15916373737373735,0.5439487878787879,0.7081938627610753,0.8880511535802534,229577.0608638384,69.3930486868687,8.41343666666667,0.05764969696969696,0.0,0.5679877777777779,0.5682526262626262,51.0,69.0
small_128MB,2,extend,early_1_10,10,4332.3,7082.2,1785.8952020000002,580.9730885040326,14.070074444444444,76.54094444444445,0.8647189638252111,0.9099751547971942,24126.575824444444,9.779895555555555,1.3901377777777777,8.288875555555556,1.0004522222222223,26.555283333333332,27.33819222222222,1.0,2.0
small_128MB,2,extend,mid_45_55,11,39053.545454545456,60560.454545454544,6396.849622727273,156.81183710012834,106.19105818181816,378.68791727272725,0.7816107529752817,0.7891653659305256,219427.2756218182,68.46394636363638,7.688732727272727,71.63261272727273,1.0012963636363634,182.44989727272727,183.22418909090908,1.0,2.0
small_128MB,2,extend,late_91_100,10,59653.4,110475.8,11981.888195000001,83.47108399954939,193.622231,657.062154,0.7724906216597833,0.7801297241771447,447286.62315400003,123.25063599999999,14.739645999999999,136.824534,1.002343,341.258808,342.209163,1.0,2.0
small_128MB,2,extend,all_1_100,100,34119.57,59423.72,6718.878542200002,210.07415450039076,106.60546141414143,376.65064414141415,0.7882037164652281,0.8028470836885425,229298.5830836364,68.87203656565657,8.348415050505052,72.82205171717173,1.0013718181818179,184.91742181818185,185.73450252525248,1.0,2.0
small_128MB,2,reference,early_1_10,10,46.3,77.5,35.319948999999994,25561.502483727705,0.018222222222222223,3.0079800000000003,0.9939785419409896,0.9944145950019049,24319.04097555556,10.887813333333334,1.3901377777777777,0.0,7.777777777777777e-06,1.0130244444444445,1.2482944444444444,,
small_128MB,2,reference,mid_45_55,11,46.90909090909091,243.72727272727272,38.73119,23529.84387469542,0.021878181818181817,3.0138036363636362,0.9927930336969853,0.9934837861697215,219490.9834109091,68.71892181818183,7.790648181818182,0.0,0.0,1.0146536363636365,1.3677854545454546,,
small_128MB,2,reference,late_91_100,10,47.7,389.0,41.989115,21434.726882206633,0.026106,3.0246439999999994,0.9914427887392583,0.9928090080067689,447332.37087899994,123.426814,14.801479,0.0,0.0,1.017706,1.5438079999999998,,
small_128MB,2,reference,all_1_100,100,46.93,244.85,38.6737612,23503.231065962842,0.02212717171717172,3.015332323232323,0.9927174613802264,0.9934997315681067,229464.30067282828,69.20274070707069,8.41183,0.0,7.07070707070707e-07,1.0150664646464647,1.3865146464646465,,
small_128MB,2,run,early_1_10,10,112.7,234.7,84.088313,12523.007139741541,15.941063333333338,79.48431444444445,0.8500401353299484,0.9000702476040268,24319.04114555556,10.880675555555557,1.3901377777777777,8.289533333333333,1.0004644444444444,27.63688333333333,28.42174,49.0,56.0
small_128MB,2,run,mid_45_55,11,982.7272727272727,2469.7272727272725,405.6589527272727,2492.5623076829925,106.39471545454545,378.9058636363636,0.7808283103640399,0.78617586859204,219490.9834109091,68.71484363636363,7.790648181818182,71.63261454545454,1.0013063636363635,183.02924272727276,183.80454636363635,49.0,56.0
small_128MB,2,run,late_91_100,10,4099.8,8525.8,1077.554099,932.5951754520513,193.34906099999998,657.2079339999999,0.7726634240311334,0.778531992253026,447332.37087899994,123.43086600000001,14.801479,136.824534,1.0023430000000002,341.82347200000004,342.774623,49.0,56.0
small_128MB,2,run,all_1_100,100,1709.15,3693.73,524.6644077,3753.8526380043895,107.69949707070707,377.3813426262626,0.7848982831673138,0.7986739210045799,229464.30068828285,69.20272282828282,8.41183,72.82204101010102,1.0013740404040403,185.5613808080808,186.3797757575758,49.0,56.0
